chunk,row,col,mode,profile,T,a1,a2a1,a3a1,a3a2,alpha,b2b1,chi2,error,fit_success,incl,n_fit,p,pa2d,phi,psi,rcut,rms_resid,se_T,se_a2a1,se_a3a1,se_a3a2,se_alpha,se_b2b1,se_incl,se_p,se_pa2d,se_phi,se_psi,se_theta,theta
r1200_c1200,1200,1200,3d,powerlaw,0.6449729027588051,nan,0.6538809472542578,0.3353495070863861,0.512860190367326,0.15813324611315716,0.3736666676808284,308119.0381628578,,True,64.86820004063163,27938,-0.2429220224190054,2.8316364828311595,-176.97025319603426,-0.5445723055634475,0.1,3.3209444430466806,0.2362491887089104,0.17319273642190874,0.1426852578946877,0.1857726496447134,0.03856327987591299,0.1377578663883976,16.96543964243622,0.4456586191960017,164.9704124745287,334.246464281185,167.45759484688355,16.96543964243622,64.86820004063163
r1200_c1200,1200,1200,2d,powerlaw,,nan,,,,0.16881357615316578,0.3755054948243206,286542.1040466266,,True,,15220,,6.387131062544935,,,0.1,4.338972489339784,,,,,0.04463344924710141,0.11345580619433838,,,8.480928382886937,,,,
r1200_c1200,1200,1200,3d,weibull,0.6449299472408662,0.791701895436889,0.6539130358730423,0.3353583857049914,0.5128486011251525,0.15813372048426427,0.3736690581344622,308119.03890106245,,True,64.86867098124357,27938,-0.24299369284377303,2.831103895671716,-176.97077255073586,-0.5446083057532635,0.1,3.3209444470249103,0.2350908950177058,0.17096961007488218,0.13962188187550464,0.1833794366305275,0.03796416742866068,0.1340803268195831,16.828310614277907,0.43997791442343076,164.9264628535068,334.2758935814188,167.3193005653748,16.828310614277907,64.86867098124357
r1200_c1200,1200,1200,2d,weibull,,0.8720799693353164,,,,0.168813055173739,0.3755002046853816,286542.10409362806,,True,,15220,,6.386980494810039,,,0.1,4.338972489695644,,,,,0.04451183902088481,0.11187910143672114,,,8.532968588548982,,,,
r1200_c1600,1200,1600,3d,powerlaw,0.9094954940998522,nan,0.3808037279238458,0.24480808550491845,0.6428720822656332,0.3119142966367065,0.4355463776588121,56307.84613808343,,True,52.880954592686706,27938,0.5236616729276751,175.3743906634893,177.56856608016045,174.97434254453708,0.1,1.4196680257179428,0.15955475629891339,0.23504994473267754,0.14234926507555815,0.1578305088463642,0.047810272712735434,0.11082146332698724,4.518978435139005,0.6609273447299115,5.465514324795613,2.928867488549216,9.640446382424415,4.518978435139005,52.880954592686706
r1200_c1600,1200,1600,2d,powerlaw,,nan,,,,0.3127264081295617,0.47499187565519974,40514.980655484826,,True,,15220,,174.71893398985992,,,0.1,1.6315503912146234,,,,,0.0534299763067654,0.11107678611082489,,,5.394493591955811,,,,
r1200_c1600,1200,1600,3d,weibull,0.9090179773602437,0.4004406239132098,0.37777800902959713,0.23856275356397422,0.6314892552289457,0.3281675853811082,0.42988042377793356,55718.97043350459,,True,52.55807692895257,27938,0.513774181559775,175.03309946916752,177.71906491751605,174.00322658398582,0.1,1.4122249663151176,0.16006855653674534,0.23661996320877096,0.13491775606633463,0.12485123668968535,0.04260661750778829,0.09541709057821077,4.7766862660436695,0.6577001280946083,5.443699535491866,2.8704548356721684,9.572174331306744,4.7766862660436695,52.55807692895257
r1200_c1600,1200,1600,2d,weibull,,0.29208938561138087,,,,0.32503358561283774,0.47088085332209806,40374.32638118152,,True,,15220,,174.53573398709162,,,0.1,1.628715834068657,,,,,0.051301103932572645,0.09932672113088264,,,5.295822263217096,,,,
r1200_c2000,1200,2000,3d,powerlaw,0.8568736110100318,nan,0.43269703289110917,0.22686241541844004,0.5242985233862959,0.3376160983484412,0.4604582113527337,117703.34287554031,,True,59.607457732432714,27938,0.19202343321094428,24.57308788708875,-177.51466714694797,-131.09100608967702,0.1,2.052564163723066,0.4976605429673098,0.442775144582872,0.23362473120397542,0.11935307253021243,0.05556335348750898,0.2698225847131894,12.39888600452907,0.8075802266017822,25.859382503707863,353.11537897970584,157.0344934753377,68.46868456181036,59.607457732432714
r1200_c2000,1200,2000,2d,powerlaw,,nan,,,,0.29391315180607547,0.44380917377084855,82272.44470777568,,True,,15220,,22.308699949356775,,,0.1,2.3249834994084146,,,,,0.05225206535265478,0.28492628557439686,,,22.959897350106438,,,,
r1200_c2000,1200,2000,3d,weibull,0.856867682593945,1.1895297920829486,0.4327106103520981,0.22687817366478572,0.5243184896256049,0.3376161767634407,0.46047518451614244,117703.35964699913,,True,59.60646011930221,27938,0.19203013611474673,24.573086857491067,-177.5144250055521,-131.0918698631294,0.1,2.0525643099572055,0.4976860159821059,0.44278996778972424,0.23365052900453728,0.11939013865986393,0.05556286067228024,0.26982922394603687,12.398453389591696,0.8075730831990714,25.859984553487394,353.11583822203795,157.03346509172988,68.46971338083235,59.60646011930221
r1200_c2000,1200,2000,2d,weibull,,0.8200451397963787,,,,0.2939131221316563,0.443812641958828,82272.44521972607,,True,,15220,,22.308675604636946,,,0.1,2.3249835066421625,,,,,0.05225200174317806,0.2849323833744444,,,22.961008220779195,,,,
r1200_c2400,1200,2400,3d,powerlaw,0.8902083174397096,nan,0.4081432921715773,0.2525732180903867,0.6188346664881821,0.18077733166883717,0.32935277884764425,51526.2197309193,,True,68.66778058250819,27938,0.41621982020170734,173.19819179515895,175.6284697211211,170.3290678239168,0.1,1.3580522646691056,0.2765146486111258,0.33335441248495495,0.22106916165801477,0.12526849785917785,0.05370354534947255,0.44396212681937325,10.24013329280891,0.6320862392848685,2.409510170640841,2.031681963214889,72.72351657982445,10.24013329280891,68.66778058250819
r1200_c2400,1200,2400,2d,powerlaw,,nan,,,,0.16412147194797072,0.33853375890154236,29784.56013515449,,True,,15220,,173.55584819851256,,,0.1,1.3989051504366428,,,,,0.061239084745129915,0.3914220748425267,,,2.372394506167372,,,,
r1200_c2400,1200,2400,3d,weibull,0.8902054354511911,1.0927312174466415,0.4081471584912903,0.2525742363647129,0.6188312992263615,0.18077725858573862,0.3293528639529366,51526.22076149346,,True,68.66767626319228,27938,0.41620490599017645,173.19828218127964,175.6284677558037,170.32954931390051,0.1,1.358052278250284,0.2947381814403287,0.341379620903739,0.21626418639156578,0.12569421801777728,0.0526108557019881,0.4456471693651886,11.065186621420123,0.6669220814075746,2.2234550196446845,2.307252968401513,73.35476423523123,11.065186621420123,68.66767626319228
r1200_c2400,1200,2400,2d,weibull,,0.9178716302720685,,,,0.1641215829324801,0.33854104779319144,29784.560767464995,,True,,15220,,173.55637167967086,,,0.1,1.3989051652856521,,,,,0.06035961121922212,0.38514481405486517,,,2.058108736867485,,,,
r1200_c2800,1200,2800,3d,powerlaw,0.7780769727957647,nan,0.5035646805877688,0.2016998102290805,0.4005439976323464,0.2662636904484495,0.2803906848318439,52436.45905342228,,True,62.45794568448849,27938,-0.22888854861551522,11.502611573404256,-178.8611194784271,24.073625451000737,0.1,1.3699951254519058,0.4354856758585247,0.3946650069236301,0.28803585775262086,0.1866093766644745,0.09641309143640435,0.27894516998508373,12.84849823301837,0.376282131562147,6.543018040269052,167.60453858626883,205.7058748738016,59.98121161500476,62.45794568448849
r1200_c2800,1200,2800,2d,powerlaw,,nan,,,,0.26134618399132586,0.3071921742147468,28976.225329062967,,True,,15220,,11.07870534292923,,,0.1,1.3797918611501234,,,,,0.09807744990410777,0.24455368109784517,,,4.644016158253295,,,,
r1200_c2800,1200,2800,3d,weibull,0.7773622084354935,0.4988429996461094,0.5042897991344132,0.20184366843620652,0.4002533241454824,0.26680687121864305,0.2803132827010589,52430.17094425441,,True,62.44237347072226,27938,-0.2310534440904548,11.4963920070816,-178.850442096277,24.017864321602268,0.1,1.369912979008911,0.4362506873550375,0.39425496599760546,0.2869196906604301,0.186639999148885,0.09485177575204921,0.27761021262075875,12.835241750612811,0.38416092830143833,6.496066866659556,167.5959979030846,206.0490119011642,60.01185715837537,62.44237347072226
r1200_c2800,1200,2800,2d,weibull,,0.2779193573600129,,,,0.2641704410957223,0.30718834171343756,28882.760664922997,,True,,15220,,11.070990089801532,,,0.1,1.3775647604306025,,,,,0.09680352358596837,0.2374878361637378,,,4.398173058480174,,,,
r1200_c3200,1200,3200,3d,powerlaw,0.9489207954199211,nan,0.3803402697017213,0.31403309222302567,0.8256635366781002,0.15271857428482152,0.44055510470051423,70016.87366336092,,True,72.63673249194491,27938,0.7751210513210669,3.243458561159548,179.1946240160995,-133.41699392792955,0.1,1.583083057623135,0.08934086202705391,0.13889926596936347,0.1420729762520072,0.2875608298102923,0.05503006700650171,0.22932577940005672,5.8784035871013085,0.5572685302056779,164.43498054107104,335.01523396367526,352.60040352196705,5.8784035871013085,72.63673249194491
r1200_c3200,1200,3200,2d,powerlaw,,nan,,,,0.13514244910462164,0.4334935373640607,53195.143599473864,,True,,15220,,2.0638469317566646,,,0.1,1.8695137625179474,,,,,0.04668585163866924,0.20622156319408108,,,226.5813675737046,,,,
r1200_c3200,1200,3200,3d,weibull,0.9489208912570049,1.132601542656921,0.38034370535408196,0.31403762222227277,0.825667988720672,0.15271880402594534,0.440555856940644,70016.87383682924,,True,72.63673828251292,27938,0.775117410324025,3.2434429047893096,179.1947401146018,-133.4181192416583,0.1,1.5830830595841963,0.09470691158884556,0.14178975396902543,0.14035138765993205,0.2901610925557294,0.05475244508787409,0.23021832581631538,6.179711093439743,0.5717122991365609,164.3188995922703,335.0183756965181,352.9039380290331,6.179711093439743,72.63673828251292
r1200_c3200,1200,3200,2d,weibull,,1.1194327569788334,,,,0.1351424508518477,0.43349356616675677,53195.143602752745,,True,,15220,,2.0638445666054688,,,0.1,1.8695137625755645,,,,,0.04668579667959732,0.20622103098322975,,,226.58149998683376,,,,
r1200_c3600,1200,3600,3d,powerlaw,0.8115543735147566,nan,0.4541147578023637,0.1479929220348065,0.3258932230060112,0.12929430632729283,0.23512440055023806,22790.66360914335,,True,53.70946276220451,27938,-0.3317801456666176,1.6401235328446895,172.717857889948,-164.23311130341858,0.1,0.903193553097513,0.22492400212400507,0.256925086241045,0.16699498840576077,0.1693400181241227,0.0384570131084912,0.1955172069590649,11.367314727223622,0.3749697453215523,2.0266690018784113,4.1873212607255255,6.5729032324776595,11.367314727223622,53.70946276220451
r1200_c3600,1200,3600,2d,powerlaw,,nan,,,,0.13064854588175484,0.258044957731429,19485.200903170728,,True,,15220,,2.0911206461759906,,,0.1,1.1314754041610746,,,,,0.03744162158514958,0.16396465323922677,,,1.488817936897825,,,,
r1200_c3600,1200,3600,3d,weibull,0.8094722209959165,0.6101045144897727,0.4565450239771369,0.148728165411616,0.3257688893769743,0.12991067277688317,0.23545227539037447,22780.352649901866,,True,53.67847565515963,27938,-0.33749912215133016,1.6381877573263854,172.71148141367766,-164.2406667386017,0.1,0.9029892184270686,0.22224578728075225,0.2530744328402894,0.16578478295298843,0.1693809774122587,0.039274378332667614,0.19496717892314108,11.3392292049897,0.3703403470726002,2.019013100223363,4.18004194132745,6.562388337770048,11.3392292049897,53.67847565515963
r1200_c3600,1200,3600,2d,weibull,,0.38634353879422395,,,,0.13098623372496535,0.2582305804225116,19483.44891215433,,True,,15220,,2.0909647331737475,,,0.1,1.131424535316686,,,,,0.03804262159300898,0.16359700182298637,,,1.4821375974504043,,,,
r1200_c4000,1200,4000,3d,powerlaw,0.864450919205394,nan,0.475333786820828,0.32336837006606706,0.680297464711797,0.16743438811007116,0.729050130590451,50680.51920737035,,True,46.73847667795477,27938,0.35851288427651884,141.18660791556712,176.41585947167428,117.61893651192383,0.1,1.3468612904264892,0.10220534125131549,0.1064865006230242,0.11398245125042582,0.19538086608348687,0.020434958000649404,0.15022338830912885,6.659353546581612,0.3795095625589711,24.048007078858348,456.45590051412705,13.540794896126647,6.659353546581612,46.73847667795477
r1200_c4000,1200,4000,2d,powerlaw,,nan,,,,0.1651539054326481,0.7537355141620388,42081.48988092164,,True,,15220,,146.0318531163597,,,0.1,1.6627931530126523,,,,,0.021249563757644332,0.12228527565882308,,,26.064166364130664,,,,
r1200_c4000,1200,4000,3d,weibull,0.8644533466897539,1.0584273073848287,0.4753313840669691,0.3233681723012994,0.6803004874926168,0.1674343387953386,0.7290519875331313,50680.519348524154,,True,46.73838667950832,27938,0.3585223824786805,141.1866783018442,176.4157209257766,117.6189574216953,0.1,1.3468612923021073,0.10220249236920596,0.1064873971461638,0.11397850965725494,0.19536997819265942,0.020434950746618007,0.15021983804338893,6.6597423258495665,0.3794933979539669,24.048767626126974,456.4557857044422,13.540964399582837,6.6597423258495665,46.73838667950832
r1200_c4000,1200,4000,2d,weibull,,0.5463494174391801,,,,0.16515390809024968,0.753735638740277,42081.48989292243,,True,,15220,,146.0318368075745,,,0.1,1.66279315324975,,,,,0.021209826883223374,0.11648882592861487,,,26.566645645993308,,,,
r1200_c4400,1200,4400,3d,powerlaw,0.8340019298654835,nan,0.46016993381231935,0.2342347916293366,0.5090180266424565,0.16339800236600188,0.4402081545735855,61843.091145806975,,True,53.37281804525973,27938,0.10088758912889162,143.09216989619017,165.25938569213565,139.4057099570452,0.1,1.4878115917637862,0.1394106140016486,0.19709749509036378,0.16601509331480024,0.12431019683126528,0.04550100910688431,0.12693973803924075,6.062488105382254,0.23146175398258817,7.224977531940452,5.599692503913498,8.654153717116568,6.062488105382254,53.37281804525973
r1200_c4400,1200,4400,2d,powerlaw,,nan,,,,0.16264573917180755,0.47119477821155814,46616.658409293406,,True,,15220,,143.89015621013993,,,0.1,1.750101525294068,,,,,0.043995817251991386,0.12111398912822194,,,7.445451376359046,,,,
r1200_c4400,1200,4400,3d,weibull,0.832684204600537,0.3681174407487552,0.4612874934592523,0.23368132960510296,0.5065850102561801,0.16429391427108214,0.43952413222641884,61818.1299645872,,True,53.284351348389116,27938,0.09367066953215586,142.97917543638133,165.347723704926,139.26835127293415,0.1,1.4875113053275402,0.13899605747147628,0.19411023928608998,0.16136578944086016,0.1197398415284879,0.045117526419838586,0.1257247482477691,6.050504468232209,0.22875093922942497,7.205256628150217,5.767554385200257,9.008706679112844,6.050504468232209,53.284351348389116
r1200_c4400,1200,4400,2d,weibull,,0.6695913407655503,,,,0.162645689101784,0.47119583594880526,46616.658697354724,,True,,15220,,143.89015274833125,,,0.1,1.7501015307013255,,,,,0.04399579214855263,0.12109588930037662,,,7.445924072397525,,,,
r1200_c4800,1200,4800,3d,powerlaw,0.9402555822078127,nan,0.295456514515447,0.17117443337645974,0.5793557595343203,0.12209175548167697,0.5066766253349385,296600.2975760597,,True,68.4955362850753,27938,0.6733950597494109,161.222598278031,176.75080657820948,113.7677832522087,0.1,3.2582779898421985,0.10297791303698323,0.17741712836959225,0.05660886552468609,0.14452729361168165,0.020628513151827406,0.13276106835692228,4.136138150323928,0.8054069549566018,4.491052194251727,451.30039293843276,238.58693644766086,4.136138150323928,68.4955362850753
r1200_c4800,1200,4800,2d,powerlaw,,nan,,,,0.09209452914338019,0.40542710170265006,219585.78355591366,,True,,15220,,165.67484916705996,,,0.1,3.7983482781739584,,,,,0.015951406499684205,0.11125140215321645,,,5.647775865362175,,,,
r1200_c4800,1200,4800,3d,weibull,0.9401910915195929,1.8521279390197571,0.2956158713716571,0.17127255059791538,0.5793753556032396,0.12209305785509113,0.5067134373240363,296600.30097942834,,True,68.49380324210188,27938,0.6728896704020021,161.22410661467882,176.7540236462074,113.77239624203052,0.1,3.2582780085359104,0.10336085668906361,0.1778345196040268,0.05677460108597692,0.14458142219180298,0.020623192726453802,0.13277531340709092,4.134959229986323,0.8062308086984897,4.490543447128888,451.28547468886524,238.58437754762315,4.134959229986323,68.49380324210188
r1200_c4800,1200,4800,2d,weibull,,0.1852835230537979,,,,0.09494747991455915,0.39967967253642755,219519.05169218953,,True,,15220,,166.0248668860743,,,0.1,3.7977710775103444,,,,,0.01612005370065345,0.10606481067860621,,,5.362739369984977,,,,
r1200_c800,1200,800,3d,powerlaw,0.8932382624553531,nan,0.419238639958585,0.2779320830501255,0.6629448160541245,0.062392517960575086,0.4599147035545461,256817.8949847512,,True,82.42283125395916,19227,0.45825144878490054,38.083803549209144,-142.4903130198566,-92.70351494349464,0.1,3.6547432933546737,0.08683975123602677,0.15023914711446076,0.1817718666002884,0.299869216770102,0.00895801678947673,0.16909503673791956,10.42556711861035,0.47010782198193757,6.1947266476266565,9.264301411910607,24.9798924434387,10.42556711861035,82.42283125395916
r1200_c800,1200,800,2d,powerlaw,,nan,,,,0.06606574905629013,0.43822834367636343,254594.07350898808,,True,,12176,,38.43256885764459,,,0.1,4.572690687541783,,,,,0.09294679426035957,0.8459721825186904,,,288.52530485639033,,,,
r1200_c800,1200,800,3d,weibull,0.8932163806959165,4.901047481404471,0.4192417486729988,0.27789666360791093,0.662855415729757,0.06239243336895772,0.46004719302513675,256817.89494799526,,True,82.41138118846415,19227,0.45810917123344463,38.08986606990351,-142.4854528499943,-92.70339645868103,0.1,3.654743293093139,0.1659389102528579,0.5301052227256565,0.399781072009639,0.8250095732757934,0.022619621602148605,0.16220315789935888,12.779060969192727,4.481304169637234,5.890142578408008,54.95665750136479,25.28889118893074,12.779060969192727,82.41138118846415
r1200_c800,1200,800,2d,weibull,,0.9920658715258015,,,,0.0660675969329076,0.43839857466203713,254594.07378655672,,True,,12176,,38.43825129482613,,,0.1,4.572690690034448,,,,,0.008983220405130988,0.14329605122519623,,,6.106824554488254,,,,
r1600_c1200,1600,1200,3d,powerlaw,0.8973776574098268,nan,0.4054950618093847,0.2624341349934463,0.6471944043471767,0.09585735131444777,0.2653672649276753,82760.22890458124,,True,87.98097237907763,27938,0.46753802431353186,1.4684489370957372,-178.3235464435204,-9.466785164432864,0.1,1.7211280600662584,0.4656900026089746,0.5596987746784358,0.27756425748125857,0.6693138286868269,0.06933323855419671,0.2354287023225121,9.83115730665364,2.430258565940999,3.8132944957451986,5.821109198286346,250.5072048832132,9.952498293166604,87.98097237907763
r1600_c1200,1600,1200,2d,powerlaw,,nan,,,,0.11650921074073207,0.3707877112862718,32912.71032533869,,True,,15220,,3.4761499272253267,,,0.1,1.470532060767011,,,,,0.03763427622056609,0.09693498074058653,,,3.6716040284387748,,,,
r1600_c1200,1600,1200,3d,weibull,0.9999810899077546,15.614029867645142,0.0043485735874496285,5.616250537249353e-12,1.291515579604851e-09,0.11522397737069917,0.3711958028462131,70226.28184580005,,True,89.99999997252718,27938,-15.0295420416921,3.4459612401678803,-176.1935232556958,-90.00000000108156,0.1,1.585448651985808,0.5373904710173038,0.8653723992768105,0.3903116712869115,0.5685421297475528,0.040330705565299746,0.12279178582021204,10.883469586756059,46.76164710009582,5.107202185227902,653.8204746413575,292.7482968388064,11.478325634398093,90.00000002747282
r1600_c1200,1600,1200,2d,weibull,,1.2775375731752698,,,,0.11650922367974297,0.37078790188195293,32912.710326971064,,True,,15220,,3.4761448466615006,,,0.1,1.470532060803478,,,,,0.03763431363650593,0.09693644116195635,,,3.6716681933876747,,,,
r1600_c1600,1600,1600,3d,powerlaw,0.9393687132316945,nan,0.26337225657419666,0.09642287222881098,0.36610869148872155,0.3323287573983487,0.2925844435382272,80641.19027482087,,True,39.682759039433066,27938,0.32936180494918466,8.386444880956649,-179.98230136968874,11.451913725709264,0.1,1.6989508230561525,0.050029058751751065,0.1127061604335008,0.06487567676436345,0.11197085765267717,0.05101281343602961,0.1421884300311174,13.21181970714605,0.37107759913206245,6.605537143743499,690.5725860212063,8.897382309318083,13.211819707146052,39.682759039433066
r1600_c1600,1600,1600,2d,powerlaw,,nan,,,,0.3569037845188224,0.3259800422082206,59855.38605034755,,True,,15220,,9.858542846839384,,,0.1,1.9830985267447268,,,,,0.04787765104367198,0.14095783716223437,,,7.398960417755897,,,,
r1600_c1600,1600,1600,3d,weibull,0.938858224633022,1.1476222550303576,0.2644566955103589,0.09679032506149426,0.3659968785237391,0.33309598170619026,0.29253565569148826,80631.71381217535,,True,39.68613144144897,27938,0.3249472889249403,8.382528519603232,-179.985878250273,11.45125781598035,0.1,1.6988509949349466,0.05427082428730515,0.12024259061045643,0.06752017422660346,0.10563158176427506,0.04290234552790671,0.1363193901151839,13.040300046528277,0.37110549243825924,6.552206239675583,690.6084570974624,8.88551164489397,13.040300046528278,39.68613144144897
r1600_c1600,1600,1600,2d,weibull,,0.2981262420249354,,,,0.36386360077334656,0.3251026415992311,59666.8775856866,,True,,15220,,9.794852490837346,,,0.1,1.9799732803531445,,,,,0.04032654718063762,0.13254236483032564,,,7.266285822585733,,,,
r1600_c2000,1600,2000,3d,powerlaw,0.9347092251527144,nan,0.2864395202784714,0.1338929125196139,0.46743868440166914,0.644770389386442,0.36711306482354017,54400.30429186562,,True,47.032112856877774,27938,0.4897407684010231,10.070350253872835,173.149571296732,-152.68265467179472,0.1,1.3954137818026953,0.0689056911361237,0.14065095629630103,0.08004002956058064,0.1171355241467235,0.0752203371336768,0.1296334498620372,10.3108036616225,0.5081037665151819,5.8472107585255175,3.567593413791024,6.921589401498377,10.3108036616225,47.032112856877774
r1600_c2000,1600,2000,2d,powerlaw,,nan,,,,0.6541754935898204,0.3792410659183603,26642.69451546971,,True,,15220,,9.549452528330933,,,0.1,1.3230667227777269,,,,,0.06274667809073244,0.13126355466493014,,,5.519108182782993,,,,
r1600_c2000,1600,2000,3d,weibull,0.9347088900235667,2.1920664887329013,0.2864402637795936,0.13389329931444688,0.4674388214412252,0.6447703931337504,0.36711341964309024,54400.32473045465,,True,47.03203888540629,27938,0.4897384659102435,10.07034049773198,173.14957854859463,-152.68272173803553,0.1,1.395414043936212,0.06890857592373248,0.1406583290788977,0.0800447046673472,0.11713575526948918,0.07522004861987668,0.1296364578128677,10.311458212005816,0.5081185933023583,5.847226880315085,3.5676177662141897,6.921620244316112,10.311458212005816,47.03203888540629
r1600_c2000,1600,2000,2d,weibull,,0.7971716379856971,,,,0.6541752750325932,0.3792407570510613,26642.707773865404,,True,,15220,,9.54942996197128,,,0.1,1.3230670519812906,,,,,0.06274653292152828,0.13126409571665948,,,5.519119725507633,,,,
r1600_c2400,1600,2400,3d,powerlaw,0.8792500370080248,nan,0.4186115592611609,0.24893443031500712,0.5946668810444945,0.5619070367701761,0.48731622868965446,37337.1004757275,,True,41.588991010068845,27938,0.3510579612445994,13.763112586799183,-176.94302060704882,16.985489115809578,0.1,1.156039404856598,0.056748604414814593,0.08701974546104634,0.06460170422739729,0.08111454208712869,0.06519585275536446,0.08313898108588921,7.608342167387376,0.2363224444856078,7.9211626216173725,4.256745755762512,9.95944104671426,7.608342167387376,41.588991010068845
r1600_c2400,1600,2400,2d,powerlaw,,nan,,,,0.5704413592663188,0.4987968474039713,20104.395391319595,,True,,15220,,12.985349899307751,,,0.1,1.1493126378442529,,,,,0.06217687746196413,0.08098328262233456,,,7.862747101295401,,,,
r1600_c2400,1600,2400,3d,weibull,0.8792489664179456,1.0622707744570583,0.4186134077665199,0.24893567158344834,0.5946672203158176,0.5619072364371613,0.48731747172300866,37337.10898154725,,True,41.58881543203216,27938,0.3510541159764662,13.763087817310675,-176.9430163370217,16.985379324510312,0.1,1.156039536536109,0.05668927864348347,0.08634472245564316,0.06299779561481042,0.07939936445783556,0.061386863134814416,0.08184460724510423,7.615338372849262,0.23633820242124992,7.932429592541873,4.267681971554719,9.95492545585153,7.615338372849262,41.58881543203216
r1600_c2400,1600,2400,2d,weibull,,0.5670712322030739,,,,0.5704413778873512,0.4987983594609999,20104.39920486671,,True,,15220,,12.985250832729903,,,0.1,1.1493127468492141,,,,,0.05743714920881912,0.08032132270720668,,,7.866575099668244,,,,
r1600_c2800,1600,2800,3d,powerlaw,0.9137870546346275,nan,0.35984494685315216,0.21761972018827155,0.6047596946722701,0.34609324281371134,0.549761911877925,34968.19923592571,,True,26.525167125720806,27938,0.5191579447524495,12.257938595725514,-167.53979564628952,-0.2486925413731763,0.1,1.118765273665162,0.07034519680940302,0.07331748109925859,0.05513321004210047,0.21036570797312046,0.06919943078632425,0.1921773621769728,6.7828994833014375,0.49775121859256566,5.803509543600496,5.849297436661556,11.277740658194142,6.782899483301435,26.525167125720806
r1600_c2800,1600,2800,2d,powerlaw,,nan,,,,0.35301999714373694,0.5444409116582533,23073.737728752996,,True,,15220,,12.773567876442174,,,0.1,1.2312653269856673,,,,,0.07231803065312262,0.17963048660302067,,,5.488921149198526,,,,
r1600_c2800,1600,2800,3d,weibull,0.9107827593323892,0.39217416100301433,0.3638199169741373,0.21765636957672338,0.5982530351470445,0.3494275666281216,0.5437369380627732,34674.65603608193,,True,26.60001226488319,27938,0.4973547885232015,12.33854466222567,-167.49042285553958,-0.20982486864749,0.1,1.114059597354942,0.07345181593723153,0.07483957350800408,0.05478215214204806,0.2167749072693125,0.07060546857773939,0.1986065623046733,6.826400987302402,0.5152204359542103,5.615314454059146,5.7862437229705845,11.18198758146321,6.826400987302406,26.600012264883187
r1600_c2800,1600,2800,2d,weibull,,0.157187022807923,,,,0.3573663658334796,0.5379629676982257,22823.60269876974,,True,,15220,,12.869560862561727,,,0.1,1.2245732636205802,,,,,0.07470725934705988,0.18438826413299386,,,5.268761682044056,,,,
r1600_c3200,1600,3200,3d,powerlaw,0.6145340701331328,nan,0.7079769504496913,0.43402671978315066,0.6130520485270975,0.11760780427287386,0.5945149545479759,45264.35228170975,,True,35.23926902491722,27938,-0.1439616970954587,19.34131971409856,173.4180798138029,33.54210620321077,0.1,1.2728595887766656,0.15547127420148327,0.11612120740378949,0.1008604544486465,0.09602104062865804,0.023739528876101087,0.0867042650936052,27.669832161324006,0.22182810673860334,13.49122703976383,449.9328864581067,24.275971741334462,27.669832161324006,35.23926902491722
r1600_c3200,1600,3200,2d,powerlaw,,nan,,,,0.1237727138208971,0.5922710109122847,18447.47527975177,,True,,15220,,17.315638598463547,,,0.1,1.1009336403272405,,,,,0.024046142738729667,0.07441859570452566,,,10.683308573436207,,,,
r1600_c3200,1600,3200,3d,weibull,0.6145478779517034,1.0523476910180816,0.707968839909987,0.43402619983476515,0.6130583372708159,0.11760783092302793,0.5945153818118109,45264.35228368532,,True,35.23957943828493,27938,-0.14393998305391376,19.341355621236023,173.42004829537427,33.5401037615729,0.1,1.272859588804443,0.1557633399786238,0.1156059704787398,0.09789899346226005,0.09351771793989938,0.014588882732114958,0.08987561818692624,28.534329216609603,0.22184702536906117,13.646617502933053,449.8646403246367,24.338943664035774,28.534329216609603,35.23957943828493
r1600_c3200,1600,3200,2d,weibull,,0.576781701761264,,,,0.12377272179082018,0.5922750651695269,18447.475354149108,,True,,15220,,17.31543528682136,,,0.1,1.1009336425472336,,,,,0.01868577612651556,0.07600402511013062,,,10.804239268539545,,,,
r1600_c3600,1600,3600,3d,powerlaw,0.8485943397999893,nan,0.46326953874505505,0.272931180652594,0.5891412187210361,0.20511103073291606,0.5338678034123528,25824.032542635632,,True,33.364759727459834,27938,0.24035687323603394,4.911176440654013,166.97547631024713,-156.26236202563206,0.1,0.9614227037272243,0.044729781141248336,0.0442418375623138,0.06629488971411011,0.1355432571254614,0.027672255913710427,0.14423662664572448,7.289645579739173,0.25417873267145935,7.006138377552663,6.948597723033925,9.782754702919938,7.289645579739172,33.364759727459834
r1600_c3600,1600,3600,2d,powerlaw,,nan,,,,0.19593440959201414,0.5345232804916592,13635.659989540953,,True,,15220,,5.599065624091442,,,0.1,0.9465220931918039,,,,,0.026157606042983002,0.15020836378958893,,,7.155059370408626,,,,
r1600_c3600,1600,3600,3d,weibull,0.8437604116648216,0.2979600652598963,0.4672396565723136,0.2712332163181361,0.5805012748873083,0.20789075371130983,0.5255967574159114,25634.61428776417,,True,33.412490934666245,27938,0.21704968805006386,4.716271329414577,167.0520776993647,-156.7136416462629,0.1,0.9578902154322402,0.049164252768829436,0.04747445882096499,0.06394201279050066,0.1343907569055333,0.029676097791878353,0.1422348278276349,7.253768242250841,0.26539742845402503,6.944390477182115,6.827868914274928,9.654268454860688,7.2537682422508425,33.412490934666245
r1600_c3600,1600,3600,2d,weibull,,0.17299407622904725,,,,0.19706569706450236,0.5314865314075211,13616.15981282212,,True,,15220,,5.514731485825675,,,0.1,0.9458450466929673,,,,,0.027684197962357254,0.14873360683597583,,,7.157307700776644,,,,
r1600_c4000,1600,4000,3d,powerlaw,0.9846219350723476,nan,0.2794271835557503,0.25235049642267837,0.9030993091347904,0.34287460857423985,0.7314633076845398,40616.81342486474,,True,37.862907637431206,27938,1.1730907895613356,167.4246978857626,164.98364958968813,-172.13551320712605,0.1,1.2057444387369236,0.025675043761359154,0.07763566609328995,0.06648815874920709,0.13109487915789003,0.03386394756338544,0.09935864745001925,3.961825795297908,0.34746044231878354,18.232018400174702,5.8834081610972015,606.233181439631,3.961825795297908,37.862907637431206
r1600_c4000,1600,4000,2d,powerlaw,,nan,,,,0.3451116672775092,0.7522897617430994,20960.397057855436,,True,,15220,,165.7855720317651,,,0.1,1.1735252175079853,,,,,0.03326892541341267,0.09260267016237142,,,18.816416952927344,,,,
r1600_c4000,1600,4000,3d,weibull,0.9846217088521497,1.427636408049172,0.2794279406779792,0.2523509216396626,0.9030983838888147,0.342874617380351,0.7314635339454831,40616.814090262254,,True,37.86280555774069,27938,1.1730870554904365,167.42472290896546,164.98365682498275,-172.13554452877437,0.1,1.2057444486133675,0.025677222904896168,0.07764560834359188,0.06649548960319836,0.13109369386206943,0.0338639850047766,0.09935623599125974,3.9617852763126384,0.3474804171074181,18.231611084865445,5.8835152826409995,606.2378496193317,3.9617852763126384,37.86280555774069
r1600_c4000,1600,4000,2d,weibull,,0.4496552504231725,,,,0.34511164537426536,0.7523166229609759,20960.39819127674,,True,,15220,,165.79028698984973,,,0.1,1.1735252492368322,,,,,0.03326890863490238,0.09258635177447133,,,18.816842712440465,,,,
r1600_c4400,1600,4400,3d,powerlaw,0.7891055762407486,nan,0.5347393075810878,0.3083988290124949,0.576727434546654,0.24324168660938295,0.4482268868189348,55084.90006656705,,True,55.173126825963834,27938,0.07559041850910209,174.02523204487224,161.7503568296819,-154.00618198381412,0.1,1.4041665608602467,0.18289401816680081,0.18943529549549226,0.14254618978853537,0.15206319939347976,0.038053374828971046,0.134883466926491,9.175666757542523,0.4089399116698895,8.512237665917707,4.553075206069146,11.355441533333085,9.175666757542523,55.173126825963834
r1600_c4400,1600,4400,2d,powerlaw,,nan,,,,0.2383534847317328,0.44908537811741317,33853.71279833237,,True,,15220,,173.16499499589693,,,0.1,1.491405795968306,,,,,0.03841778814349901,0.1259686846282225,,,7.15831018756056,,,,
r1600_c4400,1600,4400,3d,weibull,0.7890911338621428,0.9247090768197672,0.5347545870861528,0.3084055528076134,0.5767235293634368,0.24324165059146094,0.4482290203015478,55084.90278242095,,True,55.1724540882749,27938,0.07555507386808413,174.02550498335097,161.7507214978011,-154.0070987125417,0.1,1.4041665954750975,0.18290819857801016,0.18944280568789315,0.14254842959956637,0.15206497040594644,0.038053435445144265,0.13488303531351215,9.176849080463233,0.40895596012867624,8.51225605806678,4.552919794203734,11.35456042104646,9.176849080463233,55.1724540882749
r1600_c4400,1600,4400,2d,weibull,,0.7097875712240606,,,,0.23835349406742826,0.44909003074189696,33853.71367625478,,True,,15220,,173.16555597972282,,,0.1,1.4914058153064886,,,,,0.03841762369036128,0.12596656190100083,,,7.159173644564651,,,,
r1600_c4800,1600,4800,3d,powerlaw,0.8951000993391912,nan,0.3958984299109281,0.2406459402160227,0.607847675147802,0.26250370332731965,0.5103786795475559,119216.81846539503,,True,52.62253607568555,27938,0.42876662804948484,6.0813166724403676,165.7561131050774,-138.14546571058287,0.1,2.065718349526455,0.03393662534840709,0.05428819421185623,0.08029620661125807,0.16213252938082726,0.028317729564506847,0.1628962395833115,5.641371210458672,0.25885730779634586,5.5398997526518405,4.6314975943151335,9.023303845980585,5.641371210458672,52.62253607568555
r1600_c4800,1600,4800,2d,powerlaw,,nan,,,,0.24003296217597164,0.479589943278857,87615.03133983503,,True,,15220,,5.571552806657788,,,0.1,2.399285802349479,,,,,0.027168204834738446,0.14784359047908646,,,4.8545433973709,,,,
r1600_c4800,1600,4800,3d,weibull,0.8950979248642439,0.9468447628894956,0.39590192003362756,0.24064759973840819,0.6078465083421869,0.26250365200916326,0.5103773252096313,119216.81559162133,,True,52.62223042851167,27938,0.4287558928150992,6.081218899231162,165.7560909114535,-138.1460864367233,0.1,2.065718324628931,0.03274599931282998,0.053509091686035175,0.07988334825471076,0.15955392320417952,0.028157990031659436,0.16218216109593123,5.62914054688995,0.249662533250588,5.538638901144065,4.603441902164282,9.15849284403032,5.62914054688995,52.62223042851167
r1600_c4800,1600,4800,2d,weibull,,0.633017785441017,,,,0.24003298582539168,0.479591332201659,87615.03188832605,,True,,15220,,5.571329894384289,,,0.1,2.39928580985953,,,,,0.027168038849242144,0.14784336976931026,,,4.854654368102249,,,,
r1600_c5200,1600,5200,3d,powerlaw,0.9411023027876586,nan,0.31887380071921595,0.2132142378409048,0.6686477137977553,0.2683923846043251,0.4158753315600314,165653.9973126417,,True,61.99081588866207,20323,0.7404619197012332,170.51864453135377,160.90612971427552,-147.6691241310493,0.1,2.8550061720970557,0.1780869163952591,0.2840912875600612,0.14075677156624175,0.18553689967584244,0.039041732138334395,0.09331032168821457,6.605572241565288,0.9735576270742242,159.48678541296985,7.5633067995435574,18.105854486718325,6.605572241565288,61.99081588866207
r1600_c5200,1600,5200,2d,powerlaw,,nan,,,,0.2506263935330854,0.41609304259648305,138871.8973852917,,True,,12176,,170.58961219235587,,,0.1,3.3771851030423563,,,,,0.03570110789021939,0.08946884650637527,,,11.699974974334769,,,,
r1600_c5200,1600,5200,3d,weibull,0.9410953637818092,1.374603104965631,0.31889006993514024,0.2132235879210365,0.6686429212562326,0.26839235938179834,0.4158830791142177,165654.00046238632,,True,61.98960349775399,20323,0.7404037326023629,170.5191127340038,160.90644042487259,-147.6707973893668,0.1,2.855006199239595,0.1780834307360479,0.28407113109437987,0.1407500552121957,0.18553145924643236,0.039041597779618395,0.0932966571316768,6.605015969252866,0.9734459778856941,159.48707769680775,7.56348952737277,18.103925352619957,6.605015969252866,61.98960349775399
r1600_c5200,1600,5200,2d,weibull,,0.6993699787315754,,,,0.25062672233806055,0.416104476991165,138871.90075146593,,True,,12176,,170.59041198643442,,,0.1,3.37718514397286,,,,,0.03570140977766501,0.08946093984345978,,,11.700954590388367,,,,
r1600_c800,1600,800,3d,powerlaw,0.9906705604144047,nan,0.09662765333584643,0.0027448301327519737,0.028406258850267565,0.03907907899383456,0.23458577262622599,488598.680264618,,True,89.62543054852084,27938,-1.2242554637304117,179.43085208252262,176.07740628497308,-90.41761925858094,0.1,4.181946651500821,0.12311243661445848,0.5863805293688751,0.641262298656267,1.484112929354582,0.14954665457792987,0.4195081599185028,33.90249343345762,5.342303157523286,287.9351434546461,453.31709978682255,402.00884285473575,33.90249343345762,89.62543054852084
r1600_c800,1600,800,2d,powerlaw,,nan,,,,0.14398124198667106,0.5824804851503325,205465.36124700808,,True,,15220,,178.57716887798495,,,0.1,3.6741931386235738,,,,,0.0268856569426319,0.16440449632090712,,,161.27974241777903,,,,
r1600_c800,1600,800,3d,weibull,0.9976172513818221,2.627128176368932,0.04881680217787323,0.0005764968333572621,0.01180939364394839,0.14414380551392622,0.581790896106786,445747.72183025687,,True,89.43573804790189,27938,-1.4191792742269067,178.60690883560395,-153.2353001836986,-90.32081379121158,0.1,3.9943572923982207,0.3521029023263055,0.7478999366048559,0.3045523586632235,0.6586867162822165,0.0382629744998607,0.18535610599093033,33.83621391381373,47.08837319308973,161.22571986338357,644.5380030002807,249.8299208053577,34.52285005363056,90.56426195209811
r1600_c800,1600,800,2d,weibull,,0.5839367221928409,,,,0.14398129184966596,0.5824817537460218,205465.3612589195,,True,,15220,,178.57708930624548,,,0.1,3.6741931387300752,,,,,0.026718557554004187,0.16406256392412863,,,161.29054605454957,,,,
r2000_c1200,2000,1200,3d,powerlaw,0.8300112717361074,nan,0.4584186827739174,0.2199627982914819,0.47982948024821886,0.23769349234247783,0.3143157947637985,278172.32658090186,,True,65.47533064548873,27938,0.04564787024540351,170.8201845471328,-179.38809235583423,152.75265760899444,0.1,3.1554354833732376,0.14766528268891588,0.17390051270687337,0.08607022463296284,0.11392091792944442,0.06566264139699764,0.11775039658924494,14.773208854858403,0.49241377482761983,3.4618065094952692,640.4871826720329,232.21829170346493,14.773208854858403,65.47533064548873
r2000_c1200,2000,1200,2d,powerlaw,,nan,,,,0.2650050645384987,0.3243269829980495,220443.00093479553,,True,,15220,,171.32416935263177,,,0.1,3.8057550387408217,,,,,0.0533591078380445,0.0947695583973126,,,3.048240954295788,,,,
r2000_c1200,2000,1200,3d,weibull,0.8299776439534772,1.0017711089202432,0.4584604185777638,0.21997995853810842,0.47982322927796117,0.23769470743394816,0.31431968520302295,278172.32737499767,,True,65.47621911798761,27938,0.04554380384007817,170.8202301502661,-179.38841968609972,152.75309775956458,0.1,3.155435487877133,0.15106754789380356,0.17720561221651387,0.08407671161775536,0.10296062172847327,0.05778318314750433,0.11187950473462277,14.370757019343971,0.48845180903947494,3.448669327467996,640.5062214347573,232.11854619116747,14.370757019343971,65.47621911798761
r2000_c1200,2000,1200,2d,weibull,,0.7876677064052876,,,,0.26500463858435896,0.32432632329444955,220443.0016148822,,True,,15220,,171.32426784290453,,,0.1,3.8057550446113715,,,,,0.05335803700572987,0.09233663762782279,,,3.040215915213527,,,,
r2000_c1600,2000,1600,3d,powerlaw,0.9861815930023542,nan,0.2089540737966825,0.1739585139458724,0.8325203274818099,0.29855319273638314,0.29031065236321607,61679.51522176508,,True,73.45059720878676,27938,1.382343153733804,172.59553748687338,173.0098942879837,175.65059115624322,0.1,1.4858426466961798,0.03859068472299645,0.10669643834887443,0.07278785572205924,0.26145328359073255,0.0429292551379067,0.0985504287500484,3.555346337935383,0.7290383521834406,3.4640884528948717,1.5645179887792249,513.3597649721593,3.555346337935383,73.45059720878676
r2000_c1600,2000,1600,2d,powerlaw,,nan,,,,0.2966974734456968,0.3104418436207144,33698.911803605544,,True,,15220,,173.0720153846618,,,0.1,1.4879920547614545,,,,,0.044395142770147465,0.07902217107123537,,,2.8653254160341257,,,,
r2000_c1600,2000,1600,3d,weibull,0.9863031569901409,0.43721368568166036,0.2115854754850827,0.17749102212146464,0.8388620330131225,0.3086571907342191,0.2944877484252645,60833.21851088115,,True,73.39758683416656,27938,1.3774171945142903,172.5026292406055,172.98455949655775,174.78529217421064,0.1,1.4756139106014863,0.041009206109734665,0.10610532258198956,0.0720948086873786,0.2831696163102267,0.044198095514230665,0.10305050586740543,3.5707369679374716,0.7485758711711051,3.4772607112001195,1.5892753996453486,508.22417935415274,3.5707369679374716,73.39758683416656
r2000_c1600,2000,1600,2d,weibull,,0.2631901253717931,,,,0.30130299368397173,0.3104019291649869,33461.44903112913,,True,,15220,,173.0186622403586,,,0.1,1.4827401435142,,,,,0.04223031826638011,0.07712565407195467,,,2.9040921337128283,,,,
r2000_c2000,2000,2000,3d,powerlaw,0.8978625588144908,nan,0.3582746464028604,0.17089863112419454,0.47700453504049606,0.22893713644452549,0.2955701984878801,194540.3062461285,,True,57.54946897681907,27938,0.28622613726530144,176.26416937923022,173.3691811851236,-173.62989814693807,0.1,2.6388040447663186,0.07165334878097339,0.11190115020387706,0.05696528089523916,0.09471049237953033,0.04174998165007733,0.04190226299182285,6.273211757068633,0.3985319873012976,2.5147647258971952,2.3111615951859896,5.973813214934693,6.273211757068633,57.54946897681907
r2000_c2000,2000,2000,2d,powerlaw,,nan,,,,0.26128589098381483,0.31287545378840764,181326.9008295174,,True,,15220,,176.64234537846372,,,0.1,3.451626488464304,,,,,0.03936912328935572,0.03561887179549532,,,2.3008236840230643,,,,
r2000_c2000,2000,2000,3d,weibull,0.8957771450099199,0.6104598682549686,0.36141717384918953,0.17167142599868787,0.4749952089170011,0.23187095656153625,0.29513594426651757,194480.83191328368,,True,57.52798276344321,27938,0.273271820128842,176.29161309622418,173.3288725789269,-173.49923755210372,0.1,2.6384006499381845,0.07343207658890762,0.11439118665608826,0.05668709907702651,0.08517869488079968,0.03578406850027928,0.03709757908271981,6.240258081537562,0.3908537832958083,2.562822713860296,2.199651309156806,5.970165660474365,6.240258081537562,57.52798276344321
r2000_c2000,2000,2000,2d,weibull,,0.252032811820946,,,,0.26669440357163754,0.31279884003585295,181042.06456898534,,True,,15220,,176.6573325805773,,,0.1,3.448914439744732,,,,,0.04015754182157132,0.032985799009787264,,,2.3146611249083424,,,,
r2000_c2400,2000,2400,3d,powerlaw,0.9797901879551325,nan,0.18898947369711538,0.12580568849939325,0.6656756381099624,0.5374448711600873,0.5730802990605873,66294.61087981192,,True,66.29789234441925,27938,1.259111203253525,6.633888613391979,176.96111030990528,75.5212610395349,0.1,1.5404281855739284,0.027480702362845746,0.10787153412031257,0.07445552358871754,0.11254903186630927,0.05510421693360758,0.10921457409751285,1.8336039090643452,0.5546923596885156,8.288136290601846,2.089816018895608,16.360009286344503,1.8336039090643452,66.29789234441925
r2000_c2400,2000,2400,2d,powerlaw,,nan,,,,0.5604406807350494,0.5861533450848897,38591.03702264726,,True,,15220,,7.281223201181388,,,0.1,1.59234034288692,,,,,0.04271348492608606,0.10035407659751346,,,7.399336779755754,,,,
r2000_c2400,2000,2400,3d,weibull,0.9788062960928476,0.48455611240867236,0.1894906423461219,0.12260332118651603,0.647015175359266,0.684100875498494,0.5765780800190813,54376.5752411101,,True,66.34438427176686,27938,1.2280301066421027,7.5875907001044585,176.6222584673438,74.95258290118066,0.1,1.39510941350491,0.02188821123196722,0.08370140118304958,0.057694630364685834,0.11046346448443888,0.08828394484182425,0.11076243462340109,1.7113247925256267,0.4497603302459571,8.024668208005131,1.8823799577867653,15.795209990117742,1.7113247925256267,66.34438427176686
r2000_c2400,2000,2400,2d,weibull,,0.11875917481983955,,,,0.639741674996493,0.5577238163911102,32131.95745345427,,True,,15220,,7.417259936524044,,,0.1,1.4529854501546084,,,,,0.04424937118218828,0.0885113971565268,,,6.647831590110762,,,,
r2000_c2800,2000,2800,3d,powerlaw,0.9641505064935402,nan,0.2720818307815461,0.19899401898264574,0.7313756247928868,0.6190597070737326,0.4240839969375039,210374.3530241297,,True,75.94892047720262,27938,0.9888243088678887,6.36851478966617,-173.5237162736451,-89.58126105701949,0.1,2.7440924580689985,0.02600518287131184,0.0480973363733466,0.03678415566596289,0.1556415410481955,0.030929419178938492,0.12601428440746346,3.177736053552896,0.3422356110604279,4.562507664105795,3.6633434813952257,11.123798197453688,3.177736053552896,75.94892047720262
r2000_c2800,2000,2800,2d,powerlaw,,nan,,,,0.6884036774337039,0.4620110470350967,137917.0447502524,,True,,15220,,7.578712224898735,,,0.1,3.010243623389725,,,,,0.02501204452033764,0.12843614204689652,,,4.249529526375183,,,,
r2000_c2800,2000,2800,3d,weibull,0.9704906919766151,0.21198464908872872,0.23240155978485577,0.15889044683310974,0.6836892445136836,0.9419632072943129,0.44402461160392065,126241.7247403288,,True,74.73496361528449,27938,1.0790367569070938,6.786061189634117,-174.4218754875008,-93.25191727381231,0.1,2.125708960159726,0.015069422331113304,0.029346003886821778,0.042614574743551854,0.16648238479112823,0.13407347729943506,0.12454847182961656,2.4817439585397705,0.2815974448265443,4.470946305809982,3.6086950277352283,10.344897406305888,2.4817439585397705,74.73496361528449
r2000_c2800,2000,2800,2d,weibull,,0.11495655161607975,,,,0.8515278588892472,0.4261831296663205,97852.13431924439,,True,,15220,,7.4060434691449695,,,0.1,2.535582963955004,,,,,0.03644251494634904,0.10550975319026702,,,4.1134481436432235,,,,
r2000_c3200,2000,3200,3d,powerlaw,0.9936634532656938,nan,0.20378697823356204,0.18819406814538958,0.9234842666428801,0.590527014101089,0.23160189396095435,149326.37280509342,,True,82.19042828303795,27938,1.5110785389155748,3.704473001367614,-175.7123573431045,-33.47676986607505,0.1,2.311908285998443,0.01652542562125505,0.11192574703319838,0.10269833380318517,0.14384347471039013,0.05429878013289986,0.08648315046863789,2.9270945737213263,0.5224408374341131,3.39941064865307,2.646971412677025,160.80871384656228,2.9270945737213263,82.19042828303795
r2000_c3200,2000,3200,2d,powerlaw,,nan,,,,0.610353619360694,0.24046988634417443,54170.52090364287,,True,,15220,,3.8500812213144235,,,0.1,1.8865754543746214,,,,,0.05619676444476917,0.08200930998381023,,,3.2871466032091443,,,,
r2000_c3200,2000,3200,3d,weibull,0.9965933374074989,0.42049630167142676,0.20140954129475744,0.19309625088469995,0.9587244459392754,0.6045269310523202,0.23904604979597088,146673.22155820724,,True,82.08009782600038,27938,1.5602633447957506,3.756432382939912,-175.89058450829978,-45.678350450914174,0.1,2.2912778618139957,0.011167277959977523,0.10897688820062701,0.10834152699708517,0.12786360697107835,0.0582377109682747,0.09052936776632108,2.9064254470749664,0.48927494605482436,3.4463272877360662,2.5765750462383106,140.34146575687637,2.9064254470749664,82.08009782600038
r2000_c3200,2000,3200,2d,weibull,,1.0788438779490135,,,,0.6103534777370296,0.24046990815938715,54170.52777789271,,True,,15220,,3.8500356623680188,,,0.1,1.8865755740780172,,,,,0.06731847595794034,0.08154272915666796,,,3.284890136179627,,,,
r2000_c3600,2000,3600,3d,powerlaw,0.9608983464097175,nan,0.2174661182921441,0.09232078525152844,0.42452951281129986,0.5607732883500786,0.15727075766326556,286637.7605293255,,True,84.61828176728899,27938,0.6689384666093341,9.311622962703911,-166.11272542196002,-126.59491104446259,0.1,3.2030892841855385,0.056162253974427825,0.15159415931478215,0.068029108269828,0.08380988061871872,0.05973886915768204,0.0740002381173423,4.168025508278852,0.7441453590293429,2.2461560619659195,3.749055589613126,6.675515771066798,4.168025508278852,95.38171823271101
r2000_c3600,2000,3600,2d,powerlaw,,nan,,,,0.5988033492917317,0.17949829183881458,96779.52335244554,,True,,15220,,9.280185200907855,,,0.1,2.521647712267947,,,,,0.0770704964392135,0.06360173639921621,,,2.2180694479916747,,,,
r2000_c3600,2000,3600,3d,weibull,0.9366743864936,0.5089411670007217,0.26833787873286163,0.09626216494597316,0.3587349106303588,0.6112534849487742,0.18327398260490868,258748.22906602907,,True,83.68978843886933,27938,0.2903367772444634,9.146885768107355,-164.141855967477,-122.70458417744376,0.1,3.043273865939336,0.08652355383771537,0.22868953286046878,0.10453068363624313,0.3120279926546863,0.09865210950277475,0.06814410351079542,6.255491992885313,1.4950543587809517,2.3778438128675954,15.265964983954833,28.14365062147661,6.255491992885313,96.31021156113067
r2000_c3600,2000,3600,2d,weibull,,1.4528631483144567,,,,0.598803415881476,0.17949956590865476,96779.54463379129,,True,,15220,,9.280177005559885,,,0.1,2.521647989516956,,,,,0.07707059832997473,0.06360241056996817,,,2.218059435372522,,,,
r2000_c4000,2000,4000,3d,powerlaw,0.9203443852245685,nan,0.3120634762732282,0.1387888793100545,0.4447456683092816,0.45260433818430984,0.2507727259913891,233363.53590708127,,True,88.01542759967215,27938,0.3542959701802779,9.091855725037592,-172.8134829124216,-112.69030047461077,0.1,2.8901397407254645,0.07499053451536064,0.13322353976758347,0.06307213182487487,0.09589246991213646,0.05152525897360561,0.09148600707700588,2.753184794880926,0.47551245160135913,2.152092506404032,3.9202796948625447,5.701851995243919,2.7853086908450813,88.01542759967215
r2000_c4000,2000,4000,2d,powerlaw,,nan,,,,0.47142576483302706,0.27331995300667367,172419.79572246893,,True,,15220,,9.11706936494049,,,0.1,3.3657839636619507,,,,,0.0673069902589125,0.08154886211680876,,,2.084304553153895,,,,
r2000_c4000,2000,4000,3d,weibull,0.9042467059946293,0.5406237073160854,0.336782960200055,0.13978747897532787,0.4150669585310719,0.4910055830611798,0.267487854177696,228688.08595739095,,True,87.67220996405739,27938,0.20900116521580925,9.129030363562054,-173.36677407390152,-111.71164769556299,0.1,2.8610412095646867,0.11387702293300205,0.3313582011956477,0.14118341061423115,0.4006493575517635,0.06992761531007007,0.08108657466377808,3.5627987590125656,3.466385350235266,2.061308263512479,327.9277732784534,21.0002847351207,3.5645736941649617,87.67220996405739
r2000_c4000,2000,4000,2d,weibull,,0.34647380666800964,,,,0.47348479922437187,0.27356127121011764,172363.08162177092,,True,,15220,,9.114257295199092,,,0.1,3.3652303639155003,,,,,0.05408393574627283,0.08114411752048861,,,2.066609021885982,,,,
r2000_c400,2000,400,3d,powerlaw,0.31337382232134586,nan,0.8747788451181013,0.5008557355772122,0.5725512663827543,0.05361523533488007,0.5040922964641481,330412.5628571353,,True,79.14040343572162,27938,-0.42386882628888145,2.471898104792455,-176.98570325457763,-3.194577272623606,0.1,3.438987674463291,0.9807915291579805,0.74814850836932,0.5745339866433605,0.7861000286988958,0.04127468737708795,0.5585780290106432,139.2773648775493,5.802769596476823,165.48325353429033,333.82873562071427,354.28575405310755,139.2773648775493,79.14040343572162
r2000_c400,2000,400,2d,powerlaw,,nan,,,,0.08385047730216895,0.7045248134816856,268901.75349059695,,True,,15220,,3.681007373070731,,,0.1,4.203291319501467,,,,,0.01856047082482335,0.2928086808244045,,,164.91188939017312,,,,
r2000_c400,2000,400,3d,weibull,0.9999833487901467,17.936216224974014,0.00408058964603261,1.4163137837843746e-06,0.00034708557013602147,0.08289970655737822,0.7119774426522599,320234.5495078253,,True,89.9857230924913,27938,-2.464425428680719,3.756144248974726,178.4367838304222,-89.99872865636833,0.1,3.385606159643534,0.026881755079661188,0.17941019971588146,0.032631080909405086,0.2804278382773922,0.018629277852754294,0.2594755423897848,13.608483293257684,313.8766815904973,13.412561308956144,615.7246024882763,2.54808729174947,16.6082763996605,90.0142769075087
r2000_c400,2000,400,2d,weibull,,0.5488574343221432,,,,0.08385048102494327,0.7045250487494594,268901.7535046379,,True,,15220,,3.6818291382158184,,,0.1,4.203291319611206,,,,,0.01856046473877437,0.2928044088726314,,,164.91171277557365,,,,
r2000_c4400,2000,4400,3d,powerlaw,0.9440647124015873,nan,0.2718286959747862,0.13791087135488478,0.5073447851424666,0.43901537683645564,0.2762996758490403,523125.61661631527,,True,85.35093173000104,27938,0.6240187483709327,9.909526120369138,-173.27088792688917,-106.29040713627988,0.1,4.327183745995256,0.1152654694561423,0.24261734319190298,0.15422904440550356,0.09649730426905016,0.02606142341188348,0.17588338271910425,1.7344957106827499,0.6183603624639848,2.6966262812801207,3.4133582389689736,7.012192593996732,1.7344957106827499,85.35093173000104
r2000_c4400,2000,4400,2d,powerlaw,,nan,,,,0.4023475713737612,0.26359756801644557,370525.4077602234,,True,,15220,,9.949575276506856,,,0.1,4.934028692989864,,,,,0.02949884461374809,0.17229429327478968,,,2.626263171398664,,,,
r2000_c4400,2000,4400,3d,weibull,0.9419988966150842,0.635919079639075,0.27564719720146114,0.1381570193534024,0.5012095923922207,0.44396421052518265,0.281185599150016,522524.98988385865,,True,85.3077277957533,27938,0.597902584667291,9.918922382779991,-173.34090603104553,-105.86601781107267,0.1,4.324698904308087,0.12238546106831423,0.4636995029989165,0.26990197729508464,0.9183373780385444,0.07519862828969802,0.17121228593599286,7.819656841699728,61.375301559231055,2.7099242905450702,574.6445354383932,30.377329961192043,10.76492941814513,85.3077277957533
r2000_c4400,2000,4400,2d,weibull,,1.1756451139875577,,,,0.4023474886764578,0.2636024085051588,370525.40937060345,,True,,15220,,9.949424752028623,,,0.1,4.934028703712019,,,,,0.029234832890953803,0.17142389169232172,,,2.63159228919682,,,,
r2000_c4800,2000,4800,3d,powerlaw,0.6623427348177106,nan,0.6193550932846166,0.26337253939043054,0.4252367377713662,0.31229736342411524,0.552425716656018,565403.8169736908,,True,86.80177763173953,27938,-0.3760327206720566,12.572254578609295,-171.37634787799212,-104.61254382208159,0.1,4.498644879016489,0.1950861458069933,0.14673811443442925,0.057890597153370076,0.09184078657315198,0.023506748190743325,0.11166915893655598,5.0667376499856625,0.3861809043097876,7.333862304919777,11.428897862512146,5.992760385789053,5.0667376499856625,86.80177763173953
r2000_c4800,2000,4800,2d,powerlaw,,nan,,,,0.21229018487397766,0.4199115050160374,162480.62201473763,,True,,15220,,12.209492128105904,,,0.1,3.2673334598558204,,,,,0.02350632016549723,0.10793684303496771,,,6.703837372332051,,,,
r2000_c4800,2000,4800,3d,weibull,0.9999352347940539,14.43828154423067,0.008047683265771682,3.0272464731675808e-24,3.76163719817731e-22,0.21241894349569765,0.4197336935793228,803759.7928874413,,True,90.0,27938,-44.50964673614615,12.20803064090533,-176.51263369717373,-90.0,0.1,5.36371238823458,0.4783208408246741,0.79921806939337,0.3383106375762789,0.5469317757346049,0.126045381569593,0.20450807493078565,6.026283597328137,24.77708858913948,7.332474667378601,448.7815721326199,19.258290573313275,6.02628372072281,90.0
r2000_c4800,2000,4800,2d,weibull,,0.7522359911586866,,,,0.21229021881250446,0.4199158429986183,162480.62215641368,,True,,15220,,12.209346163990583,,,0.1,3.2673334612803067,,,,,0.02289388024048169,0.1064705539272771,,,6.677975943833999,,,,
r2000_c5200,2000,5200,3d,powerlaw,0.9724458353125138,nan,0.17493289199337902,0.05597944673759571,0.32000526658939854,0.32309409996681704,0.5246362793897661,1074277.640754793,,True,78.78109723516283,27938,0.603935027695325,6.225293470978988,171.0523783007965,-97.53429107683347,0.1,6.200984015593282,0.21770204590804923,0.3892931268776706,0.1089039575338584,0.07365061263732407,0.03012127825465078,0.17414577267759046,1.3874361371187975,1.6529298436717326,4.052848741411064,8.83594191806904,272.74830779147754,1.3874361371187975,78.78109723516283
r2000_c5200,2000,5200,2d,powerlaw,,nan,,,,0.1439876080976357,0.23147656672060313,247761.8361151807,,True,,15220,,5.168708014549373,,,0.1,4.03468728069899,,,,,0.03211752470509282,0.1522026494150444,,,3.7653475779905436,,,,
r2000_c5200,2000,5200,3d,weibull,0.9723483429493078,4.813041395841064,0.1752413244819722,0.05607873358231707,0.32000861525151353,0.3230958880634227,0.5246276396162932,1074277.730306778,,True,78.78019767027143,27938,0.6021838970721942,6.223854034326192,171.04271328052334,-97.53955130454025,0.1,6.200984274050871,0.21955890170276837,0.39116126997291273,0.10934440887301389,0.07376586577568257,0.03011165707196287,0.17413343140532972,1.3978239368066072,1.656940119428271,4.050439267095419,8.877542327298414,272.7531911250904,1.3978239368066072,78.78019767027143
r2000_c5200,2000,5200,2d,weibull,,1.469153873047943,,,,0.143988245388577,0.23148320646462536,247761.83656575432,,True,,15220,,5.168245843375692,,,0.1,4.034687284367682,,,,,0.03211888521982871,0.15222940040278965,,,3.7639738266787437,,,,
r2000_c5600,2000,5600,3d,powerlaw,0.8141922888267159,nan,0.44716193611578997,0.1318119101376145,0.29477444185562923,0.15464414012584118,0.4291003698520358,241866.0851241303,,True,87.88903855369689,20323,-0.41671034219620307,177.40707934081348,-179.76718219996226,83.06010093253468,0.1,3.4497973081771467,0.06739011868231783,0.08054949832493448,0.07726806640768721,0.17888231198441745,0.03870926274333215,0.15070046363946918,3.879978449238916,0.710578578958042,163.8740075979693,639.6053546666028,345.3186736478134,4.215444811311475,92.11096144630311
r2000_c5600,2000,5600,2d,powerlaw,,nan,,,,0.10061883928488578,0.2955065390615593,192001.1844729319,,True,,12176,,177.14638141089756,,,0.1,3.9709976883248124,,,,,0.03463693562805223,0.09525869063196725,,,164.33378086280155,,,,
r2000_c5600,2000,5600,3d,weibull,0.8142288477384703,2.293883610203752,0.4471208421436006,0.13180806238605275,0.29479292835944404,0.15464521218517757,0.42910071102626507,241866.08517112164,,True,87.88742311365684,20323,-0.416555726342629,177.40700783873436,-179.7659374934684,83.06184477198181,0.1,3.4497973085122715,0.34231434204017225,0.8103589784076178,0.2610745317571588,0.5996286726333805,0.11046839836950953,0.2964808603727114,5.2046162207749465,65.78599355702507,164.4375346644783,679.5476858053212,327.2474872089735,5.2548751264085,92.11257688634316
r2000_c5600,2000,5600,2d,weibull,,0.2467755143691059,,,,0.10408328353128346,0.29600741397755964,191900.05018355232,,True,,12176,,177.00000121823334,,,0.1,3.969951713193508,,,,,0.03871804607206218,0.09231846831211685,,,164.20337426351134,,,,
r2000_c800,2000,800,3d,powerlaw,0.7395272912067492,nan,0.6148169980548162,0.39865035174337987,0.6484048960985896,0.1278173620295972,0.43541462323726576,158555.4392799623,,True,70.12255420813513,27938,0.053190681492557346,176.70024621153735,177.53644346384553,176.55992107429975,0.1,2.382280610917748,0.17222986492823653,0.17981026916992823,0.22310093604032838,0.25422543680805515,0.019563439459346115,0.2574119633286612,22.923847289115844,0.47044726115510604,5.240113052487762,334.4611307418629,363.3610413407319,22.923847289115844,70.12255420813513
r2000_c800,2000,800,2d,powerlaw,,nan,,,,0.13862292547121666,0.4404380292050091,116641.13225948239,,True,,15220,,175.7577253992474,,,0.1,2.7683343220236685,,,,,0.022075907969605804,0.2453760199831685,,,4.471805397312133,,,,
r2000_c800,2000,800,3d,weibull,0.754347928762581,0.2342311903554958,0.5998285939346766,0.38898907421496026,0.6485003851905775,0.140945789504537,0.4250587372428811,158370.4261860073,,True,71.02439182645092,27938,0.07801866010069025,176.17317797528972,177.33633545701665,174.93823187744388,0.1,2.3808903030272726,0.21665261096110483,0.18888645583293492,0.20898993451477432,0.30528366789106665,0.027002694651630542,0.23888705672717456,22.731897606710206,0.6354691844606333,4.727931437726743,4.458175379751656,37.26691976320227,22.731897606710206,71.02439182645092
r2000_c800,2000,800,2d,weibull,,0.18192892003721686,,,,0.14145863845797915,0.4340236275746973,116563.07435388684,,True,,15220,,175.4112609870785,,,0.1,2.7674078626359293,,,,,0.023380488835543282,0.2339773023862832,,,3.984300946255892,,,,
r2400_c1200,2400,1200,3d,powerlaw,0.9023474318971255,nan,0.3430590673599193,0.1490146525567907,0.43437024913395583,0.5498590758933611,0.19716739066268407,165630.67298967397,,True,73.94776881967312,27938,0.2359946386274272,177.29511406332514,-178.39451842913408,-18.234487821645207,0.1,2.4348528887965033,0.203317054674235,0.32156621230745736,0.14755601978324256,0.059725640030719666,0.06658703799914331,0.14484556039792174,9.716644343777713,0.8797401797061037,1.6788250384153063,3.1581730033327675,5.036605982885677,9.716644343777713,73.94776881967312
r2400_c1200,2400,1200,2d,powerlaw,,nan,,,,0.5889127024115944,0.2156564945930482,98872.7883950507,,True,,15220,,176.88773990645282,,,0.1,2.5487724544654755,,,,,0.060419545336887974,0.13485842565647635,,,1.4198991848909386,,,,
r2400_c1200,2400,1200,3d,weibull,0.8901040198013777,0.7056735538007345,0.3622803893823406,0.15487800631953355,0.4275086669294695,0.6208450922819182,0.2031150805395462,161772.90344094607,,True,73.39475667351421,27938,0.16555609337388688,177.22790282161097,-178.1858176259388,-18.572816012474252,0.1,2.406330266287786,0.20565610267187076,0.31361855467871574,0.13988541990522751,0.05473969125414036,0.15536418841977,0.1377439202793105,9.639668383714993,0.8432563370878116,1.592111212583258,3.1740777417846546,4.978906158245585,9.639668383714993,73.39475667351421
r2400_c1200,2400,1200,2d,weibull,,0.36981368369619727,,,,0.6095901225653177,0.21868410069314217,97072.43726696674,,True,,15220,,176.86231097901808,,,0.1,2.525460851855631,,,,,0.0839336596571566,0.13068675388732057,,,1.3813081782675667,,,,
r2400_c1600,2400,1600,3d,powerlaw,0.7789628224179529,nan,0.49005896886156397,0.15667242569380915,0.31970116995872655,0.6551184476308021,0.17466726619894615,91883.75141758517,,True,74.97329569165335,27938,-0.42713901286832723,4.696734492110941,-173.13016257046053,-9.003363769276412,0.1,1.813517298818181,0.19547943994909409,0.20090398532487302,0.07353263435197267,0.0464162651131261,0.07047619194118902,0.07235812251662112,5.60862470571171,0.3975212286313041,1.1866369246008814,2.0562152882967037,3.3582520856500784,5.60862470571171,74.97329569165335
r2400_c1600,2400,1600,2d,powerlaw,,nan,,,,0.6868458060137487,0.20076574257530894,47142.93866046729,,True,,15220,,4.504126639042394,,,0.1,1.7599527129829626,,,,,0.06869652689176882,0.07033345653255862,,,1.3733266357944827,,,,
r2400_c1600,2400,1600,3d,weibull,0.7789609910522459,1.5429339380809053,0.49006097327250314,0.15667315556793696,0.3197013516944907,0.6551186005833086,0.17466780113057584,91883.77203501153,,True,74.97333690319651,27938,-0.4271425345473555,4.696712716515653,-173.1302042681641,-9.003305403453002,0.1,1.813517502282105,0.19689048802610257,0.20200156446270662,0.07378964503951034,0.046393469504822975,0.06958304650786458,0.07257734527286627,5.624069642001329,0.39951260477897715,1.1859138443343142,2.056732015416519,3.3584026107190588,5.624069642001329,74.97333690319651
r2400_c1600,2400,1600,2d,weibull,,0.5119384654012211,,,,0.6881547624089501,0.20100734955609081,47116.52901528297,,True,,15220,,4.504240476302564,,,0.1,1.759459677977469,,,,,0.0661020462841655,0.07133943396697413,,,1.369211281992716,,,,
r2400_c2000,2400,2000,3d,powerlaw,0.8798068705866811,nan,0.3855579558512227,0.17986123330220025,0.46649597180560903,0.563584049795041,0.24715192569749544,132085.83825520068,,True,67.4239867194181,27938,0.19055786418506226,10.440346405687364,-172.3657343810446,8.753895427342544,0.1,2.174355102274741,0.19234221885333946,0.27051980004152054,0.14055192769991268,0.08332849989462976,0.047772551207073986,0.1199170829463483,6.835933525813116,0.636374263485984,3.6071656838995803,3.125792411250923,4.2666374851184266,6.835933525813116,67.4239867194181
r2400_c2000,2400,2000,2d,powerlaw,,nan,,,,0.5848664623155433,0.2817311766366599,84747.73378832557,,True,,15220,,10.148480018759521,,,0.1,2.359699609330882,,,,,0.036479393005021746,0.11947775615570949,,,3.255544502746899,,,,
r2400_c2000,2400,2000,3d,weibull,0.8751720036955596,1.1552988250261653,0.3917509647840921,0.18090310941990448,0.4617808906216903,0.605875050667859,0.24779390521452904,130965.2219128472,,True,67.12930075329648,27938,0.1644641718723483,10.438256395256804,-172.39380734270844,8.675253103656603,0.1,2.16511184046587,0.19672350224688345,0.2720495571005905,0.13475596604887602,0.07715284070389468,0.10970971043203935,0.1140651857782375,6.8268282435714776,0.660175561960823,3.570362838759025,3.0741939298001295,4.175729696262295,6.8268282435714776,67.12930075329648
r2400_c2000,2400,2000,2d,weibull,,0.4384075548609829,,,,0.6200194764688446,0.2815876621787304,83567.36759022508,,True,,15220,,10.153281088710404,,,0.1,2.34320904308478,,,,,0.09252076848579005,0.11254836062821053,,,3.213654216806511,,,,
r2400_c2400,2400,2400,3d,powerlaw,0.9440832547729585,nan,0.2708053535094351,0.13583256366209343,0.5015874387334107,0.5361714148901497,0.8377112524741115,87718.33383545314,,True,65.45761492885553,27938,0.616377636527722,167.81741833728242,-177.27314557816038,-86.44298901130847,0.1,1.7719339548696422,0.08431634673784173,0.16850841404904418,0.0780610136928394,0.1449241402586987,0.05861985407461439,0.22591219264471954,1.775642633798114,0.7486014405613879,158.76337798630277,333.3079869821382,167.82533471275764,1.775642633798114,65.45761492885553
r2400_c2400,2400,2400,2d,powerlaw,,nan,,,,0.5559499204972702,0.8728304846386493,74026.59226646075,,True,,15220,,169.19309214636402,,,0.1,2.2053958477709523,,,,,0.05478382523920741,0.20765525184586422,,,156.76333549252564,,,,
r2400_c2400,2400,2400,3d,weibull,0.9461525566832704,0.6374386549161212,0.26301520300327086,0.12728703547476644,0.4839531480360225,0.6343166255935415,0.8595440945818523,81638.61009603836,,True,65.48462855658909,27938,0.6097762638494473,164.9030921539606,-177.37869218039242,-86.67970318353505,0.1,1.709425367855599,0.07062711939411807,0.14387414965321285,0.05983146816751141,0.13329700678858725,0.09184091215498436,0.21532160579599754,1.7416829321289244,0.7044532276777258,156.10227643227822,333.46341553161574,167.97548591729364,1.7416829321289244,65.48462855658909
r2400_c2400,2400,2400,2d,weibull,,0.12583691151047913,,,,0.6657521296893326,0.8655942398914123,72253.92652383621,,True,,15220,,169.16063043493455,,,0.1,2.178830270690691,,,,,0.07998382846352821,0.2070758545467025,,,156.34256290821787,,,,
r2400_c2800,2400,2800,3d,powerlaw,0.9635048227170674,nan,0.2779186592744324,0.20563771719737747,0.7399205139166973,0.562951162083473,0.4672770846556964,315429.80157790426,,True,69.15505709644383,27938,0.9792142884637984,157.26841378549523,164.76741412087267,117.56119081320803,0.1,3.3601116227482395,0.021205367154612766,0.050028775014568365,0.03436239187897224,0.0893327201035013,0.026660186471489225,0.07457333706040398,2.432420068912767,0.256013485359127,5.431827942444802,2.842357817081659,16.32187430979612,2.432420068912767,69.15505709644383
r2400_c2800,2400,2800,2d,powerlaw,,nan,,,,0.6119218498141971,0.5070202028279752,187772.1578519349,,True,,15220,,157.27940833376988,,,0.1,3.512434808219662,,,,,0.02887113680571613,0.0794275606782515,,,5.633543516079859,,,,
r2400_c2800,2400,2800,3d,weibull,0.9715800775281352,0.21858585928586832,0.24099940169868436,0.17472379352216508,0.7249967937290481,0.8519759774368156,0.4687779446430596,282810.6629166079,,True,67.66231862912,27938,1.101372781492703,156.8342008093853,165.62344983663897,119.01232443333221,0.1,3.181634105313167,0.020863262506483075,0.04953928529005371,0.02189836471684668,0.1030036920391973,0.10541469846387494,0.0785417263700465,1.94255860461329,0.32685094339924375,5.5541922741419345,2.5321443836994173,17.050606579012264,1.94255860461329,67.66231862912
r2400_c2800,2400,2800,2d,weibull,,0.09284993398896198,,,,0.8532428431085227,0.47504999944343773,165105.59682012617,,True,,15220,,157.60548847493013,,,0.1,3.2936206090215117,,,,,0.09825189146753664,0.07094170461556384,,,5.457829230665306,,,,
r2400_c3200,2400,3200,3d,powerlaw,0.9626507654408964,nan,0.2595177488516153,0.1765338095065297,0.6802379039110215,0.657746615264394,0.23879688887543324,152473.45561223538,,True,78.34735396933425,27938,0.963617499064191,173.47507225237626,176.44677735860844,153.2493936306386,0.1,2.3361432246679676,0.02242134314144834,0.07269049197509213,0.07476690884132722,0.15955102677952826,0.0443663378026082,0.07689767719349315,2.7680036528170766,0.32475732198839113,2.265775292687158,1.4415020630963609,11.576281037303193,2.7680036528170766,78.34735396933425
r2400_c3200,2400,3200,2d,powerlaw,,nan,,,,0.6532659163321972,0.23991392977137327,112275.38732800251,,True,,15220,,174.15755263168617,,,0.1,2.7160324522609676,,,,,0.037967887484474654,0.07130559009144923,,,2.170483833641061,,,,
r2400_c3200,2400,3200,3d,weibull,0.9498016161000005,0.31677777849334,0.2871844628644527,0.1843431393393241,0.6418980243591091,0.7786503367447164,0.24504861875887873,127953.36048294847,,True,77.2662853774511,27938,0.8043047134620207,173.4482799866447,176.70325085135525,155.952423395446,0.1,2.14007104802425,0.03006625471220927,0.067884999678198,0.06334528276814683,0.1580096523874823,0.057065939070199335,0.0689478594243406,2.613400501659811,0.35183219591114756,2.1974360069798395,1.4376383153492065,8.817787525778362,2.613400501659811,77.2662853774511
r2400_c3200,2400,3200,2d,weibull,,0.2197229015057894,,,,0.7918818238450758,0.2447449835992649,90077.00453020513,,True,,15220,,174.15009632799732,,,0.1,2.432762101168291,,,,,0.06991262644796734,0.060061416524196755,,,2.0644278082863528,,,,
r2400_c3600,2400,3600,3d,powerlaw,0.990867710827119,nan,0.18036822575953965,0.15367523070023725,0.8520083293667893,0.4897950757192789,0.15458575875757835,204437.3460641736,,True,88.90181525359837,27938,1.552595843071523,8.369674959085014,-171.61228285461547,176.64289749047384,0.1,2.705094620422671,0.012782108522446472,0.07907087894663216,0.058886180104504304,0.12600853285982305,0.03660170571799503,0.060280970286997165,2.252398129639546,0.5502762686173238,1.3183924663958533,1.3853298338223667,628.4739854890836,2.308369869053602,88.90181525359837
r2400_c3600,2400,3600,2d,powerlaw,,nan,,,,0.5143007938155661,0.16958689781367592,155302.55527162476,,True,,15220,,8.443822066107632,,,0.1,3.1943461394031223,,,,,0.03183939820717599,0.06171043625243159,,,1.3626383526540988,,,,
r2400_c3600,2400,3600,3d,weibull,0.9739681031455969,0.18804565081891333,0.24767778072217328,0.19041061937604037,0.7687836140199794,0.7779850854505193,0.19166808839057792,152106.78132429437,,True,88.52123125276186,27938,1.132680913620563,8.313511687174927,-171.63284114442385,175.09439086435182,0.1,2.3333325083079184,0.05346823288635713,0.4146873776192347,0.36473625022177264,1.4251929009671962,0.14031465000595428,0.047352486124144375,4.835295253453622,36.04441746151743,1.2244407783657998,505.19296702510655,535.0071010174274,5.412524012339309,88.52123125276186
r2400_c3600,2400,3600,2d,weibull,,0.18518872440185197,,,,0.7505227480324608,0.19245801522990758,110262.28311660647,,True,,15220,,8.35293127056035,,,0.1,2.6915730067680834,,,,,0.06770664650412554,0.04848696542885065,,,1.2789703238393288,,,,
r2400_c4000,2400,4000,3d,powerlaw,0.9934613568070398,nan,0.13778672412845683,0.11193059128274395,0.8123467045953751,0.4783202443551881,0.11220446657908784,268653.1507461806,,True,89.45552603287062,27938,1.7742202127907918,15.109654474217276,-164.89523558478226,-178.50561406029883,0.1,3.100975340379692,0.0060715864479674,0.02345587852656284,0.014426617190396843,0.13312138691386702,0.03334676592367673,0.014527541096110439,1.4701073316157356,0.3115276178504095,1.1037119983799357,1.1244127707618181,662.714326097471,1.7569780918434141,89.45552603287062
r2400_c4000,2400,4000,2d,powerlaw,,nan,,,,0.5344893405010761,0.13807393559309178,177104.95772564353,,True,,15220,,15.009097451752526,,,0.1,3.4112066770866427,,,,,0.030306710049497552,0.014730425173004331,,,1.115512032672367,,,,
r2400_c4000,2400,4000,3d,weibull,0.999999126457126,83.6401956187151,0.0009346351555436604,3.2845610823972417e-73,3.5142708498768936e-70,0.7078699396510334,0.16975637909685065,338100.10919993906,,True,90.0,27938,-152.9487701326177,15.033958408848125,174.99280863586247,-90.0,0.1,3.47876425537913,0.3457653875752261,0.6150861939831553,0.300538056778404,1.3372523714845017,0.041061457954355146,0.017959391825322576,3.075728010361635,49.64351501466565,1.1521717729773457,578.2009250448464,399.23204370460473,3.2941999219588682,90.0
r2400_c4000,2400,4000,2d,weibull,,0.24210853258828408,,,,0.7104306086200309,0.16951524108940821,119795.3220696322,,True,,15220,,15.052046881245525,,,0.1,2.8055150546828385,,,,,0.024730541194323694,0.012347401411526796,,,1.0953913179854313,,,,
r2400_c400,2400,400,3d,powerlaw,0.9763697825607007,nan,0.18013340234454034,0.09503281145852469,0.5275690694874894,0.2775343660950705,0.10660088556001245,382225.5768209287,,True,86.73087365890314,27938,1.0745820936660389,166.55340162261484,167.55366396394555,156.14200970926743,0.1,3.6988116416418615,0.0472284923652255,0.14034242417702292,0.07026982617525408,0.092431699884999,0.044926227035788156,0.07194234820390884,2.6254904910269983,0.7356048281836055,1.157114226167432,1.4651264369926438,11.00138857920902,2.6254904910269983,86.73087365890314
r2400_c400,2400,400,2d,powerlaw,,nan,,,,0.32936398312659526,0.1654254046597074,235111.4161092812,,True,,15220,,166.51636100422422,,,0.1,3.9303346708376523,,,,,0.03495973193112265,0.09658687883706452,,,1.0087933595636747,,,,
r2400_c400,2400,400,3d,weibull,0.958032599535602,0.2832022560999704,0.2421427421464357,0.13189299458618822,0.5446910917793523,0.3709780660783962,0.17200729703075252,360525.249624943,,True,85.85029836757937,27938,0.8106914340468583,166.14177861077016,168.40792054728425,136.12652007040597,0.1,3.592280051597889,0.05344499442244615,0.23489488789723792,0.1331340542260355,0.5255118279363804,0.054830239179307697,0.09020073663837425,4.710779649994701,37.48730358626858,0.9291134566383706,9.762205066663308,212.0280330292746,4.710779649994701,85.85029836757937
r2400_c400,2400,400,2d,weibull,,0.3633012622385369,,,,0.3594789494759594,0.17573828099257277,232288.8535580487,,True,,15220,,166.43545807691333,,,0.1,3.906671183300635,,,,,0.04960487935923881,0.09052663436307463,,,0.959376753585192,,,,
r2400_c4400,2400,4400,3d,powerlaw,0.9804994474830144,nan,0.1741681599016919,0.10511644067667951,0.6035341978465627,0.6267213287247229,0.16808873852952647,238136.03476840054,,True,89.60801737562542,27938,1.2427814360598903,14.160983390317089,-165.97382079516817,-77.81129551620462,0.1,2.9195431771752207,0.006554767282729759,0.04594596947784797,0.06202432534609657,0.20331156707403622,0.03212277204240935,0.049905352700935435,1.2796815092501146,0.23650897268714674,1.4150959411554689,1.3828402312368502,11.039438277938645,1.46471520106985,90.39198262437458
r2400_c4400,2400,4400,2d,powerlaw,,nan,,,,0.6402828006501291,0.17638144187786162,65591.24843932227,,True,,15220,,14.143980377619316,,,0.1,2.075943944679986,,,,,0.03521433265472048,0.05071050392139578,,,1.4439701498389166,,,,
r2400_c4400,2400,4400,3d,weibull,0.9791172184980296,3.1525131438802116,0.17926373837046886,0.1072040393928687,0.5980241200332406,0.6509677743452962,0.17295176285095698,237488.6466514583,,True,89.59862359272165,27938,1.2047729674693712,14.169124942417213,-165.97175371354908,-77.9321144564892,0.1,2.915571993467037,0.02732179216538612,0.22006548532432788,0.15439874188988684,0.7856737491480379,0.07210977970802476,0.05433588054420465,2.86072916111448,52.410592138501954,1.4242747505766067,309.8959699592369,17.61522840420472,3.622451616446641,90.40137640727835
r2400_c4400,2400,4400,2d,weibull,,0.3868043378047101,,,,0.6746552103739613,0.18253711515122528,60126.954868084846,,True,,15220,,14.202562186127063,,,0.1,1.9875921761959827,,,,,0.03799211430586777,0.0521923366358895,,,1.4713351098792964,,,,
r2400_c4800,2400,4800,3d,powerlaw,0.9805610301963005,nan,0.229982931099794,0.18470616069345033,0.8031298662477816,0.42656220617523716,0.22755455468972274,208308.17560195253,,True,88.3631831882484,27938,1.250511333646723,8.8357682191724,-170.91750142601148,-73.57802542980421,0.1,2.730583748641553,0.01865056257196171,0.03482139538555721,0.04852934906686065,0.18308684609762008,0.024308076796137577,0.034610815263046525,2.5452908711866873,0.29015433149536135,1.849646650213638,1.7560690354501856,21.84522167503592,2.5452908711866873,88.3631831882484
r2400_c4800,2400,4800,2d,powerlaw,,nan,,,,0.4463383631887753,0.2371848175735446,176629.59729255614,,True,,15220,,8.715154044923977,,,0.1,3.4066256584259835,,,,,0.022677821684320903,0.034111438377483164,,,1.5713609058272913,,,,
r2400_c4800,2400,4800,3d,weibull,0.9203817583692898,0.7040546268599086,0.2822071926958554,0.004961655188137116,0.01758160428421279,0.5171645669806301,0.2413228947902673,332069.05626141327,,True,85.96159051064545,27938,-2.7757883827252545,8.940778611609648,-91.73665296249204,-89.28128184541166,0.1,3.447597423242555,0.04630125786784548,0.43315115875683907,0.38321636078129695,1.5249964065871968,0.09359822200692212,0.03324527586213948,4.117216432549794,16.37742717602758,1.7244036499579811,625.8953706526568,34.6023882732314,4.225634986859783,85.96159051064545
r2400_c4800,2400,4800,2d,weibull,,0.23513001964853267,,,,0.5298442409282511,0.24177234449940382,168250.17950021246,,True,,15220,,8.892879950478275,,,0.1,3.324837635471522,,,,,0.04822357514761314,0.02934048485892816,,,1.4902276949045117,,,,
r2400_c5200,2400,5200,3d,powerlaw,0.9795814612849165,nan,0.20129333786817122,0.14324610383168698,0.7116286378315219,0.387620904246276,0.1672835542361478,509882.82990742766,,True,89.32908509611637,27938,1.2627929627046033,6.15835480145121,-173.61089614836743,-133.0599024258214,0.1,4.272061904766301,0.009983166870576828,0.028672218960096328,0.019839101528178405,0.09162897690534895,0.03288915903009554,0.03259853205875138,1.810730249844032,0.22974729371632407,0.9410987987237774,1.219375778564716,17.71157615772973,2.031962913942249,90.67091490388363
r2400_c5200,2400,5200,2d,powerlaw,,nan,,,,0.37776936818589335,0.16693328523420248,332313.7396457726,,True,,15220,,6.297044638091588,,,0.1,4.672688418834707,,,,,0.04351141114173137,0.025264685324367226,,,0.9466869090077709,,,,
r2400_c5200,2400,5200,3d,weibull,0.9671370186191007,0.32312826283075546,0.24204210752761005,0.16308097597767296,0.6737710956308299,0.44656800931769475,0.19314536073686936,489946.37445842073,,True,88.67808662843939,27938,1.0237787234335984,6.158596378638973,-173.32190186027435,-134.41400164744303,0.1,4.187710179306418,0.013269858612020053,0.030411531151210692,0.020690239394758652,0.08387553002739936,0.055455385243685956,0.03039816464114595,2.254034144062677,0.21153882938438076,0.9186999526245248,1.3761674929259724,13.95188407064553,2.254034144062677,91.32191337156061
r2400_c5200,2400,5200,2d,weibull,,0.3018948944301396,,,,0.42805457472039987,0.18203089736623515,322861.8857714571,,True,,15220,,6.340150273010056,,,0.1,4.605757450546286,,,,,0.05358802937838592,0.024947102933805868,,,0.9411511692694198,,,,
r2400_c5600,2400,5600,3d,powerlaw,0.9863083228117634,nan,0.15133767848594082,0.09663998258255058,0.6385718583064453,0.41932669254854343,0.2137295312244063,49283.58432194083,,True,80.56746278649675,12001,1.439720590091981,2.987953349104567,178.44231051755867,-55.80503188250549,0.1,2.0264804814176243,0.02066053445707398,0.10722551995085129,0.07154356505758835,0.16211723607851647,0.05065136693766522,0.03263502574857568,3.5368057786018396,0.7773943394375065,2.2144597017115593,335.97578347201693,17.383383171509067,3.5368057786018396,99.43253721350325
r2400_c5600,2400,5600,2d,powerlaw,,nan,,,,0.4102235140432916,0.21461078022267702,47078.87061473432,,True,,9132,,2.9709056929909936,,,0.1,2.27054475390675,,,,,0.0483662785189619,0.03127051949792414,,,2.242984000949568,,,,
r2400_c5600,2400,5600,3d,weibull,0.9859389339661037,0.7846340221483369,0.15322872597253318,0.09773582677577283,0.6378427162103556,0.4209411501343721,0.2141885512221343,49251.923962437344,,True,80.55431441860335,12001,1.4261599805586247,2.9928941175537185,178.43025543480334,-55.61196658342501,0.1,2.025829459288204,0.022432138565290655,0.11256048997656896,0.07474430765872599,0.1617301243273962,0.04659713118076862,0.031866658625756376,3.489294348065938,0.794104730848965,2.213975712222536,335.98773539997796,17.0575437670272,3.489294348065938,99.44568558139665
r2400_c5600,2400,5600,2d,weibull,,0.4639272155620481,,,,0.411289504487495,0.2149137421780904,47068.44582843035,,True,,9132,,2.9714662097651012,,,0.1,2.270293353926121,,,,,0.04689493832470122,0.03070682097810761,,,2.243844872072184,,,,
r2400_c800,2400,800,3d,powerlaw,0.9819701373090817,nan,0.1524031439921926,0.07274802122396985,0.4773393731804944,0.4134079890125548,0.10205441832847056,316121.75028746866,,True,82.31992114957895,27938,1.1416984391737377,171.63474717865304,173.59855480370157,161.35860983601887,0.1,3.3637950908326824,0.07105936631349152,0.23496659475510623,0.12195807157453867,0.060513084051733126,0.039787752627653744,0.093439077300638,3.1332914803279337,1.3858374334952435,1.422308772096933,1.8975161070285647,4.296197174238195,3.1332914803279337,82.31992114957895
r2400_c800,2400,800,2d,powerlaw,,nan,,,,0.44650186919147933,0.1311356290474972,172491.4932020466,,True,,15220,,171.4096555032291,,,0.1,3.3664836894222874,,,,,0.04228509804591331,0.10291716067628633,,,1.3732082504978698,,,,
r2400_c800,2400,800,3d,weibull,0.9636199225887803,0.5075326835008773,0.21470989144667935,0.10043522511426958,0.46777176606794324,0.526815673067738,0.12776386812996093,301826.56683821825,,True,81.56183899458313,27938,0.7786927227840237,171.5592726208438,173.80582861539972,160.94434759167368,0.1,3.286859010034355,0.09387708148382115,0.2405344148189301,0.12295774026078535,0.06159417111175827,0.13111041867515894,0.10293515020896393,3.016421837144302,1.066121078848506,1.3663861669344803,1.8005939050030801,269.77250157427443,3.016421837144302,81.56183899458313
r2400_c800,2400,800,2d,weibull,,0.4010939010881069,,,,0.5012742985686075,0.14547231309923678,164876.65667930178,,True,,15220,,171.37397215097428,,,0.1,3.2913363026260853,,,,,0.08606387863331316,0.10086628948847316,,,1.343600887106493,,,,
r2800_c1200,2800,1200,3d,powerlaw,0.9971724720052823,nan,0.06482960994124916,0.03713825788814026,0.5728594992596167,0.6091680147869364,0.16449608279507819,355788.9548869543,,True,75.2865701607984,27938,2.178878042128501,177.27426208549883,-178.8522227748251,-22.146542180497036,0.1,3.5686057782386102,0.021369081609256022,0.15661099932816097,0.0997469609311516,0.09351067301052789,0.03777047230842615,0.09308031870788137,3.553247637320992,1.835544664459593,0.8431846771176212,1.5886989150793265,10.63926852426284,3.553247637320992,75.2865701607984
r2800_c1200,2800,1200,2d,powerlaw,,nan,,,,0.6133185076071651,0.16286463292267706,267566.25676312763,,True,,15220,,177.53455439094745,,,0.1,4.192840534205632,,,,,0.03632670849528061,0.11226789175766627,,,0.779543133102778,,,,
r2800_c1200,2800,1200,3d,weibull,0.9870517633750919,0.5608946698943852,0.13318751628112238,0.06966722633383637,0.5230762482783141,0.8721155288651665,0.18068999834543525,307720.40448474797,,True,73.01532277408604,27938,1.3679692115447164,177.22806693373713,-178.24043823237318,-20.563552176953603,0.1,3.31879548664358,0.03067855336575376,0.14229009150994432,0.08521671515829135,0.09036497267581625,0.11150901074668483,0.08588486586421115,2.9970594461340196,0.8991034325285285,0.8206369041909038,1.7447348835790222,9.684579246104036,2.9970594461340196,73.01532277408604
r2800_c1200,2800,1200,2d,weibull,,0.19451719711849885,,,,0.9076824331769441,0.18535879022698967,227890.89523964206,,True,,15220,,177.55826271617073,,,0.1,3.8695116721352836,,,,,0.13077728986008968,0.08816150665142056,,,0.7163214844836415,,,,
r2800_c1600,2800,1600,3d,powerlaw,0.9878887091893868,nan,0.16186760682401166,0.11942599991078963,0.7378004917354088,0.6151499296038055,0.27311833876007824,402363.6774425999,,True,73.13199111505884,27938,1.5168946923699744,12.57241025081523,-171.64973500013593,-147.9101378105522,0.1,3.79499954252454,0.02326319569089682,0.14346218199316246,0.12032361834384349,0.09375637104208064,0.03782063526742048,0.07147587771356491,1.71451485885362,0.6725901086366619,1.5499470777744995,2.1190882932342783,9.758463899543798,1.71451485885362,73.13199111505884
r2800_c1600,2800,1600,2d,powerlaw,,nan,,,,0.6220430385237148,0.28383641478036026,285805.67771865905,,True,,15220,,12.560612410177242,,,0.1,4.333393223303187,,,,,0.031449910202461344,0.06942128736591104,,,1.6225594239188923,,,,
r2800_c1600,2800,1600,3d,weibull,0.9822130566781546,0.38899432714853294,0.1847892452075888,0.1290596298336029,0.6984152659350911,0.8152321138147937,0.27890923943358065,373152.7550218501,,True,71.66275827645876,27938,1.329597902141908,12.703066443890435,-172.031126120989,-151.56850971951533,0.1,3.6546489741911143,0.023841098503578545,0.11073858316927188,0.08318664699263463,0.0933535748549971,0.15560811358863555,0.05324935053600696,1.956077141165648,0.546202676354161,1.37941722883807,1.862824668924191,161.85686704217434,1.956077141165648,71.66275827645876
r2800_c1600,2800,1600,2d,weibull,,0.12304138589560094,,,,0.950040411947453,0.2817870140385508,252408.36352470357,,True,,15220,,12.435846124876313,,,0.1,4.072344821748398,,,,,0.1298485263038668,0.05085121216949224,,,1.3657883166807334,,,,
r2800_c2000,2800,2000,3d,powerlaw,0.9103755523618227,nan,0.4264519984341387,0.31830390024919325,0.7464003016000688,0.6496914521399741,0.3808869672432408,896467.6815058333,,True,74.73414832996369,27938,0.5597622406421614,16.28543555483646,-166.75014231659114,-156.8117770229141,0.1,5.664605402587282,0.03619807128261442,0.07980772580969002,0.09683582368398942,0.13626602340808325,0.06382454043385655,0.06813607786993695,15.504697378995948,0.18198650608485573,4.23419868859697,4.622488425557114,159.93158191566408,15.504697378995948,74.73414832996369
r2800_c2000,2800,2000,2d,powerlaw,,nan,,,,0.7191472077940152,0.43261113254783085,397674.7038895223,,True,,15220,,16.30793859257234,,,0.1,5.111597593054394,,,,,0.054159555911790835,0.06571495993420572,,,3.792741893372161,,,,
r2800_c2000,2800,2000,3d,weibull,0.9496154833268415,0.15401740134947906,0.37108559873099856,0.30323755214447173,0.8171633530954939,0.807405149376648,0.4059925327940102,799791.2512928927,,True,77.94869471667047,27938,0.789406257126509,15.566086063424425,-167.2489116288036,-122.21419821100083,0.1,5.350454412487315,0.04201183657340723,0.0544488483776748,0.08312023714574052,0.1944659059142662,0.39903312968653054,0.06586044536362724,19.123458241377364,0.2960493458408957,3.7448330730333317,4.3579160206243825,130.80291776306973,19.123458241377364,77.94869471667047
r2800_c2000,2800,2000,2d,weibull,,0.10539131270565337,,,,1.0279791146759747,0.41167337142950056,374853.98180421296,,True,,15220,,15.801114424521801,,,0.1,4.962765311835293,,,,,0.07116587228207305,0.05722058033204726,,,3.5174744717211546,,,,
r2800_c2400,2800,2400,3d,powerlaw,0.9521126869576432,nan,0.4021504785507735,0.3457792033890282,0.8598254181745847,0.7335264469559479,0.5906627678436598,156721.67703562745,,True,58.12912007758786,27938,0.7599030231871007,171.63279913670888,164.95691817473127,-140.13352420111704,0.1,2.3684644944973807,0.0746172436294994,0.14070152176097409,0.126698833147092,0.17009472923990665,0.05769978057685071,0.15846739095410992,4.675325533939252,0.4101510288768773,10.37206392577859,5.5388604855378905,38.75443405642936,4.675325533939252,58.12912007758786
r2800_c2400,2800,2400,2d,powerlaw,,nan,,,,0.7526676259840381,0.6074837512411042,120620.13125921084,,True,,15220,,170.84489466446482,,,0.1,2.815156688118864,,,,,0.047774056784854184,0.13882561958401446,,,8.997876761645744,,,,
r2800_c2400,2800,2400,3d,weibull,0.9547739710994304,0.2518561881209104,0.3822048871060832,0.3250105478425739,0.8503568604353438,0.9131094754902817,0.5848288649919586,147281.67384921544,,True,57.54039642514395,27938,0.7996992786830588,171.82598567099834,164.6648923862506,-140.41774276888455,0.1,2.29602545786979,0.06975889942754454,0.13101056771486125,0.11233510135171101,0.17158325137163155,0.06247422885862194,0.15247838953250528,4.753098406542046,0.41764833573374116,10.298767391671383,5.703156095106209,36.41743856261164,4.753098406542046,57.54039642514395
r2800_c2400,2800,2400,2d,weibull,,0.1184203645187506,,,,0.9600153475008651,0.5948391553489323,112616.40341142433,,True,,15220,,170.9535675820138,,,0.1,2.72015405245397,,,,,0.07468479367140808,0.13291018474599384,,,8.780392182255532,,,,
r2800_c2800,2800,2800,3d,powerlaw,0.834124071484799,nan,0.45758149804374015,0.22837773128954633,0.4990973897893829,0.6824008842975798,0.44221544861543116,87854.55458631416,,True,40.58034208381732,27938,0.086846239975503,149.1684822286861,170.33306817109153,150.13879551951675,0.1,1.7733092690510235,0.08618302150499925,0.10959075612660515,0.06832321678170913,0.09600132501263825,0.05281820642369755,0.11759666315872622,6.952868146861561,0.32346514887725575,8.39894380535815,5.681280680308836,301.8444152497978,6.952868146861561,40.58034208381732
r2800_c2800,2800,2800,2d,powerlaw,,nan,,,,0.6859010313555185,0.45263053549445775,55690.935381437244,,True,,15220,,148.87335382745505,,,0.1,1.9128676826816626,,,,,0.04882573632175752,0.11113615906425382,,,8.0162910870646,,,,
r2800_c2800,2800,2800,3d,weibull,0.8334569490686764,0.48569153255184894,0.4565247354861618,0.2241398836987996,0.4909698561242445,0.7871017140486938,0.43396831401160096,83069.02043992472,,True,40.47155270384141,27938,0.07273984944678746,149.5259464046985,170.3413710986889,150.7697500294662,0.1,1.7243359713808364,0.08303506125134938,0.10299849070469996,0.05908064327844502,0.09083472519362137,0.07900370195421315,0.10956860698329762,6.827589225704205,0.3242567860237193,8.02747684390449,5.514642315933525,230.17035011444875,6.827589225704205,40.47155270384141
r2800_c2800,2800,2800,2d,weibull,,0.21021928948647456,,,,0.813460210275579,0.4442713795222339,51434.05662673564,,True,,15220,,149.40019391459376,,,0.1,1.8383070939136426,,,,,0.09506225270828673,0.10470797844064086,,,7.492843445018787,,,,
r2800_c3200,2800,3200,3d,powerlaw,0.9541770036892574,nan,0.24357545472406228,0.11897315913248847,0.48844477891776417,0.535798703867324,0.337821277863022,138744.8603321917,,True,55.63070306870166,27938,0.6957996527749541,160.2917229249239,175.01932875708255,149.85410265729257,0.1,2.2284905435756097,0.06127513636459261,0.14865869290797487,0.07919222917660564,0.046786104020791364,0.03954462044246926,0.06428538283967657,4.318153883224036,0.5468841680505582,3.672952273758733,2.6985154423408386,5.1542409717907285,4.318153883224036,55.63070306870166
r2800_c3200,2800,3200,2d,powerlaw,,nan,,,,0.5680072137128591,0.3747712918446126,96949.72013275704,,True,,15220,,159.41024913519314,,,0.1,2.5238640271704433,,,,,0.030502397577140662,0.07427668758481042,,,3.9411786759175373,,,,
r2800_c3200,2800,3200,3d,weibull,0.9357669812381153,0.2619461050281612,0.2842329256470254,0.13301026471026461,0.4679621982832607,0.8241380685232208,0.33595905325674486,98873.31346166463,,True,54.58407855097278,27938,0.49859345701418256,160.12127471722926,175.69398430477986,149.81672410638464,0.1,1.8812299651037967,0.05314934137762597,0.11153580530861781,0.05619258464109945,0.03776284175562173,0.1342349388410377,0.055492444732636474,4.224741661252922,0.3731111535102054,3.624882509176599,2.6377910660146195,5.238223682531839,4.224741661252922,54.58407855097278
r2800_c3200,2800,3200,2d,weibull,,0.110116982716886,,,,0.8188214399833403,0.36522826278092907,72565.4941184876,,True,,15220,,159.5883995587327,,,0.1,2.183522906018979,,,,,0.13276250880890636,0.06315134100168637,,,3.770251926294888,,,,
r2800_c3600,2800,3600,3d,powerlaw,0.9916938232925658,nan,0.21677611801968263,0.19750881081573132,0.9111188659527435,0.5407921101510963,0.5474037032762251,72717.05661060347,,True,60.70141148778309,27938,1.4358082605294404,168.74997409109793,171.88154886297806,116.34896064345789,0.1,1.6133198943001137,0.013239355505555475,0.062218852908016445,0.05722414397569739,0.12658081828252143,0.03313343422187903,0.06717384849473469,2.28046404226905,0.34631413564947433,6.320219413327943,2.125713680545657,47.386896667741844,2.28046404226905,60.70141148778309
r2800_c3600,2800,3600,2d,powerlaw,,nan,,,,0.5650871488047562,0.577788351019699,53445.96784844427,,True,,15220,,166.20059056649254,,,0.1,1.8739161185808944,,,,,0.02986002434133056,0.044325419128028565,,,6.2792773719803785,,,,
r2800_c3600,2800,3600,3d,weibull,0.9901963561398992,0.257859493808234,0.21239008725137992,0.18882653076705694,0.8890552907187532,0.7802908546348782,0.5463192721717629,55110.10148755055,,True,60.473897651708405,27938,1.4317348097767795,167.76821202882718,172.1449636256593,120.63241998403049,0.1,1.40448772824109,0.012762326726612386,0.04786176310265314,0.04285518855980334,0.12939168677734117,0.038510704351174777,0.0618364992013691,2.1945120497698234,0.3060504006211871,6.472018298165656,1.8742927681632997,34.59605387207054,2.1945120497698234,60.473897651708405
r2800_c3600,2800,3600,2d,weibull,,0.08880464370872714,,,,0.7838838977921356,0.5553944338786906,42309.32157415589,,True,,15220,,166.02554171253811,,,0.1,1.6672883075628722,,,,,0.07756310122857286,0.03578733486226681,,,5.798577995020418,,,,
r2800_c4000,2800,4000,3d,powerlaw,0.9412482554263092,nan,0.2916654955119953,0.16721153583771037,0.573298996318313,0.36770365027300705,0.7600581512801969,154142.58325730072,,True,65.17092726025717,27938,0.6757998069094278,177.9839563147858,168.52153933735227,85.28728727714193,0.1,2.3488953058915283,0.07687120569376411,0.17860105830387343,0.10900072748709397,0.07741002915322014,0.03068416785860392,0.0841477180126852,2.9515576020299723,0.6062700672478761,322.63055679676364,2.917964827342275,8.500187356499215,2.9515576020299723,65.17092726025717
r2800_c4000,2800,4000,2d,powerlaw,,nan,,,,0.38316081756214093,0.7407254098512358,110863.23699813616,,True,,15220,,172.88916932011625,,,0.1,2.698897874515716,,,,,0.030112265377994975,0.0880649542735423,,,14.059390287667384,,,,
r2800_c4000,2800,4000,3d,weibull,0.9479151635703864,0.6088851636715891,0.27444556782517665,0.15656388405411273,0.5704733557724817,0.4279611074194539,0.7604293947266739,152362.4835480915,,True,65.3271934120678,27938,0.7317135193529496,176.5759010021455,168.78640519419122,86.1742584598618,0.1,2.3352929329806855,0.05506631341673931,0.13785694706074456,0.08095718748970396,0.07500784398652569,0.10206543648449028,0.07606258611962087,2.6806578244696744,0.5317823904276945,307.37525426875067,2.9330298322008637,9.434635352732244,2.6806578244696744,65.3271934120678
r2800_c4000,2800,4000,2d,weibull,,0.07892977224529872,,,,0.4856905945692734,0.6758842227626605,103926.4760886599,,True,,15220,,168.89153985730644,,,0.1,2.6130984635236456,,,,,0.04059349346139536,0.07900010482423848,,,12.534302852219831,,,,
r2800_c400,2800,400,3d,powerlaw,0.9661006966376681,nan,0.21066987072917948,0.10416481645272575,0.49444572255247554,0.6298158139601313,0.2633642844348417,457358.3580331348,,True,72.46643966876303,27938,0.8531450682377288,162.89862091527425,174.1611694072266,134.502418747012,0.1,4.046044486127008,0.04282736764511267,0.12425250587881238,0.06448786402801165,0.06774445750263866,0.05891256315005451,0.04654752544687685,2.051085640726391,0.5696708304768981,1.5091656735018084,1.9882335739250288,4.9590606205000505,2.051085640726391,72.46643966876303
r2800_c400,2800,400,2d,powerlaw,,nan,,,,0.6386266018289051,0.30418989710353644,337813.4303843452,,True,,15220,,163.06032901836127,,,0.1,4.711195534359211,,,,,0.050866124841580776,0.05318403029494057,,,1.6112068525083618,,,,
r2800_c400,2800,400,3d,weibull,0.9495616847126096,0.46981030441335,0.2526626477908569,0.11879342420662044,0.47016614939044116,0.7310972223058392,0.2713272056013138,435059.7853757721,,True,71.35484031456413,27938,0.6210309505689358,162.57263192114888,174.93888649382944,135.34267622466075,0.1,3.946179300022743,0.042254629723754954,0.10239997632154234,0.05130608778636723,0.05631301052189737,0.04249560009490691,0.04373272065181042,1.5675029461777534,0.4093237965975571,1.535593629521361,1.6762528978218139,4.135210995375961,1.5675029461777534,71.35484031456413
r2800_c400,2800,400,2d,weibull,,0.19115214599864347,,,,0.7315725495458426,0.3005964300802699,319693.5122586591,,True,,15220,,162.94242248612338,,,0.1,4.5831026584152434,,,,,0.03515159155062808,0.04467357057554396,,,1.5716942491511643,,,,
r2800_c4400,2800,4400,3d,powerlaw,0.9654893799689415,nan,0.27915827425844075,0.21206293498782305,0.7596512607450002,0.43778836689799694,0.3183496019366444,38050.386565418725,,True,72.2361218154882,27938,1.0010805483062999,9.397346597175465,-173.2817935639111,19.222788683214844,0.1,1.1670296233571842,0.02828078055647298,0.07343368918884628,0.08319791682529006,0.17878673777101803,0.05357793755273103,0.07445377159302223,3.8417967150748624,0.3214725300324314,3.452820256326942,3.4418618119908753,164.48908565346903,3.8417967150748624,72.2361218154882
r2800_c4400,2800,4400,2d,powerlaw,,nan,,,,0.4438891106161698,0.33025095770049406,25395.770856338328,,True,,15220,,9.438069122602187,,,0.1,1.2917348411693568,,,,,0.05076313273797078,0.06443924521522124,,,2.9587138361024374,,,,
r2800_c4400,2800,4400,3d,weibull,0.9654720190458181,2.434667162799747,0.27911352822748675,0.21196141496303933,0.759409321035431,0.43976476571396333,0.318421816559981,38045.01941440308,,True,72.2133325078005,27938,1.0009223116677637,9.392538931522317,-173.289667950928,19.201132708722337,0.1,1.166947313482223,0.026811093885547074,0.07083822610308943,0.07502825626117933,0.16206340671920624,0.03419929808853175,0.07108109630524849,3.7829370678920875,0.31689812251610094,3.540584802636434,3.3372138292110787,164.43055116581394,3.7829370678920875,72.2133325078005
r2800_c4400,2800,4400,2d,weibull,,0.6645412039383657,,,,0.4438895559331578,0.33025214946408404,25395.774925157108,,True,,15220,,9.438000815594881,,,0.1,1.2917349446479003,,,,,0.02707303299511128,0.05912215315137821,,,3.0155434132645293,,,,
r2800_c4800,2800,4800,3d,powerlaw,0.9069833428661181,nan,0.34567763254864087,0.17085573184080605,0.4942631971328508,0.4845278925465163,0.2400246648812005,53101.18377947912,,True,74.53588332298524,27938,0.3575615201040421,7.589509248996724,-178.7658011375478,29.269968463575506,0.1,1.3786513325435634,0.04604807460158383,0.06924744499867504,0.02867180311338384,0.08706026000345937,0.047620051140594345,0.02902652285962949,3.834731442251952,0.337729832173745,2.411072376775142,2.207354080479772,7.352877229903454,3.834731442251952,74.53588332298524
r2800_c4800,2800,4800,2d,powerlaw,,nan,,,,0.502096596241022,0.26555430768486926,28140.09631674443,,True,,15220,,7.767181485976489,,,0.1,1.3597387164163002,,,,,0.043055294833764406,0.02292188485131904,,,2.017068643130937,,,,
r2800_c4800,2800,4800,3d,weibull,0.9069824953031336,1.5735150164763139,0.34567935330724725,0.17085691546413137,0.49426416078796026,0.48452795275385124,0.24002542875258925,53101.19493985617,,True,74.53587443514253,27938,0.3575584918659154,7.58948576631942,-178.76578181975424,29.269791871364408,0.1,1.3786514774204457,0.046119116852817964,0.06942870579830177,0.028752333210516515,0.08686607175754155,0.04779780521929194,0.0291975040969222,3.8309993388571684,0.33771736019022003,2.4120036887612235,2.2057421111333686,7.362361816427857,3.8309993388571684,74.53587443514253
r2800_c4800,2800,4800,2d,weibull,,1.0769015919273148,,,,0.5020966021465172,0.26555547037954125,28140.101470088062,,True,,15220,,7.767121384844537,,,0.1,1.3597388409219247,,,,,0.043055459046367456,0.02292234238896179,,,2.017128705710976,,,,
r2800_c5200,2800,5200,3d,powerlaw,0.9538329263041734,nan,0.26380608729120836,0.1567177803790673,0.5940643068105962,0.3795684735007964,0.22430610753968452,232400.5525631147,,True,79.49099357504032,27938,0.8117732587071957,3.960547412497595,179.51401470945547,-143.14548371084615,0.1,2.8841704414509715,0.04327433337403238,0.10176409317889376,0.05264979239092166,0.11875159213096849,0.045316328525512345,0.0844789540028132,3.4166585700842647,0.5042448785561645,2.3349421938681534,459.2814232133978,294.5069958584488,3.4166585700842647,79.49099357504032
r2800_c5200,2800,5200,2d,powerlaw,,nan,,,,0.3603539495656198,0.2307794695249612,183546.5892156333,,True,,15220,,3.7442653687302694,,,0.1,3.472688533612981,,,,,0.0428044181853396,0.0866155877870015,,,2.0923509971628076,,,,
r2800_c5200,2800,5200,3d,weibull,0.9538323050614314,1.6518391384118614,0.2638093455375135,0.1567215035681221,0.5940710828450783,0.37956892603716597,0.2243073532730664,232400.57495924854,,True,79.49107681951214,27938,0.8117723140349972,3.9604788859961664,179.514141543275,-143.14633156907962,0.1,2.8841705804228135,0.04327452296838639,0.10175577965841005,0.05264974206905297,0.11877926162429758,0.04531654068630994,0.08448009308369243,3.416816006635996,0.5041995012141521,2.3349246845428984,459.28143176220584,294.50665307529465,3.416816006635996,79.49107681951214
r2800_c5200,2800,5200,2d,weibull,,1.5009801352271477,,,,0.3603536669239714,0.2307789524137692,183546.58978417923,,True,,15220,,3.7442550658237947,,,0.1,3.4726885389914055,,,,,0.042804018186458306,0.08661970826893954,,,2.0915208236101064,,,,
r2800_c800,2800,800,3d,powerlaw,0.9630973531684955,nan,0.22498578438735953,0.11933777941732654,0.5304236431749922,0.6593202555411163,0.38743049762437576,424732.70273576735,,True,70.84823379865342,27938,0.8576387942921233,168.29222550168365,-176.97215824215846,-59.73073700167707,0.1,3.8990624761589108,0.05629248850641082,0.16000013335769583,0.09272392531741104,0.08620196958852981,0.04919348656675713,0.07473937166666765,2.5997867039371405,0.6630794319142932,4.635003225394016,1.8061059252698284,170.39219628275904,2.5997867039371405,70.84823379865342
r2800_c800,2800,800,2d,powerlaw,,nan,,,,0.6659437624095174,0.4002107829958496,285791.2571495254,,True,,15220,,169.8809773567062,,,0.1,4.333283899399397,,,,,0.0332585827391266,0.0697067515976265,,,4.452470310175519,,,,
r2800_c800,2800,800,3d,weibull,0.9622382864226091,0.639247537482317,0.22633075840222028,0.11828892907442301,0.5226374440199049,0.7970945840706432,0.3914124980022564,413636.8121744658,,True,70.28687649286243,27938,0.8368905378977858,168.21543607039888,-176.2321766065617,-59.51866887553659,0.1,3.847795077545387,0.04438275801386596,0.12636911468615905,0.07173347084204428,0.08493514971716312,0.08425356912783448,0.0697025904305949,2.163105527967406,0.5497588477052854,4.7089328168588835,1.7070910255269771,271.4775447367582,2.163105527967406,70.28687649286243
r2800_c800,2800,800,2d,weibull,,0.10805780366121615,,,,0.9634040210874896,0.38272097635599406,263696.6801032649,,True,,15220,,170.92960918728602,,,0.1,4.162411424108893,,,,,0.1151841978233727,0.056632140695472726,,,4.403170204783957,,,,
r3200_c1200,3200,1200,3d,powerlaw,0.9637591001249901,nan,0.24764173481575627,0.1613345512871893,0.6514836903691581,0.5151661736948575,0.7649079818746044,126725.44590768823,,True,61.461326186103676,27938,0.967269278262048,1.9305270733773348,-178.28680259739895,-90.13918419296502,0.1,2.1297776122478593,0.0239621246288946,0.07883927762198105,0.05845843951372543,0.08543165254945086,0.0570079093408418,0.11802793505860835,2.2066525993549995,0.3335511720165695,304.304496570788,1.5136196460970777,17.063886073533833,2.2066525993549995,61.461326186103676
r3200_c1200,3200,1200,2d,powerlaw,,nan,,,,0.5117728626386211,0.7838512252048117,89683.118284162,,True,,15220,,1.6670905671101182,,,0.1,2.427437316195405,,,,,0.058990667541054975,0.10148432842349842,,,305.54643586130607,,,,
r3200_c1200,3200,1200,3d,weibull,0.9637923767593491,0.42633198218822477,0.24503836058152256,0.15726299358204565,0.641789282334532,0.559143297307751,0.7709247627214411,119531.31992041951,,True,61.60916900548099,27938,0.9628452570605859,179.93361682781014,-178.28127534443917,-88.93281020622382,0.1,2.0684413022552737,0.021790759354834162,0.06642260371104695,0.04712347059378952,0.08948833569086855,0.06561441999818435,0.14006540028542133,2.032724370842319,0.31702027345037775,318.0669469649074,1.4196997073896331,18.18509231496305,2.032724370842319,61.60916900548099
r3200_c1200,3200,1200,2d,weibull,,0.09516920253361046,,,,0.5456816028999184,0.7337596710129143,85779.69616878472,,True,,15220,,176.3630998997867,,,0.1,2.3740230187621734,,,,,0.05053502783536531,0.1233812696790992,,,219.04767818745273,,,,
r3200_c1600,3200,1600,3d,powerlaw,0.9934030198225416,nan,0.11330551436199798,0.07926288937577826,0.6995501483056025,0.4602995651398717,0.291547179968515,210596.547905164,,True,66.72935531693376,27938,1.8203496458809978,0.0009376655230675561,-177.35977807768086,-12.063306028423792,0.1,2.745541214483106,0.1446618243338331,0.5170369321969948,0.43712530296113283,0.38219183396125395,0.08071125863483354,0.3582178391607474,13.372635792901994,2.5527107969823457,346.1341964059683,3.850259543843303,28.53291773830741,13.372635792901994,66.72935531693376
r3200_c1600,3200,1600,2d,powerlaw,,nan,,,,0.4537160262550665,0.3126251836377675,161406.07592724892,,True,,15220,,0.7734762041133252,,,0.1,3.2565114789146405,,,,,0.06701524809156766,0.3755967976259021,,,166.41809002817033,,,,
r3200_c1600,3200,1600,3d,weibull,0.9934020069612849,3.4343268815222268,0.11331353771337696,0.07926804381402593,0.6995461037897516,0.46030012613089194,0.291547539777437,210596.57892510155,,True,66.7292695789931,27938,1.8202730551175996,0.0009565597269019797,-177.3597776823057,-12.063035896463505,0.1,2.7455414166861214,0.1447257166890293,0.5156740910122446,0.43525590471254033,0.3819369857690902,0.08005535580198817,0.3581837685611377,13.360016350082667,2.551148581520008,346.1314717143923,3.8726717815501486,31.355431882909958,13.360016350082667,66.7292695789931
r3200_c1600,3200,1600,2d,weibull,,1.0907258922389236,,,,0.4537158569137099,0.3126250322310116,161406.07829423438,,True,,15220,,0.7732602696096591,,,0.1,3.2565115027926614,,,,,0.06701488748844474,0.37560299389304364,,,166.42123898422665,,,,
r3200_c2000,3200,2000,3d,powerlaw,0.4421349721866705,nan,0.7545895052934799,0.1615589405171516,0.21410175914693783,0.594487942739378,0.16627692010745174,223495.53251520282,,True,76.33631586941837,27938,-1.2597224877564726,5.461883134398085,-176.2903356149706,7.523752593033469,0.1,2.828373546531668,0.6319771932024487,0.4743813889852201,0.13000162046184538,0.26873435065967144,0.09427432098851911,0.3686130863221333,103.05799691879172,1.3543065696513814,1.3785794865720424,444.264569145721,281.10520099930005,103.05799691879173,76.33631586941837
r3200_c2000,3200,2000,2d,powerlaw,,nan,,,,0.622611074582221,0.18645167918143676,165611.5855418433,,True,,15220,,5.20551564475615,,,0.1,3.2986636240237512,,,,,0.09084984101998005,0.3651641352460745,,,1.2429478413844928,,,,
r3200_c2000,3200,2000,3d,weibull,0.4421314724394064,1.8592170371865526,0.7545919281156512,0.16156067701825663,0.2141033729604053,0.5944888280624615,0.1662787016615959,223495.563102239,,True,76.33616241877994,27938,-1.259718160961198,5.4618605667245586,-176.29035940147116,7.523676650855429,0.1,2.828373740073704,0.6319852789717224,0.4743849982907298,0.13000087539262056,0.2687301261719773,0.0942748666551624,0.3686100322547373,103.05917412128954,1.3542923920898686,1.378440280144355,444.2630241115899,281.10487843764986,103.05917412128954,76.33616241877994
r3200_c2000,3200,2000,2d,weibull,,1.6055921359646121,,,,0.6226111113712771,0.18645303270934985,165611.60789556336,,True,,15220,,5.205461208264932,,,0.1,3.298663846645256,,,,,0.09084902487164163,0.36516674245995573,,,1.242949063572911,,,,
r3200_c2400,3200,2400,3d,powerlaw,0.8431533604724967,nan,0.4042708839292397,0.08839621336876659,0.21865589851441972,0.6617358680086242,0.10691010480172958,381417.59956618235,,True,73.07319974167831,27938,-0.6145859035838654,0.13342682601536987,178.00411958301248,-172.44151065632192,0.1,3.694900159931242,0.5433988784268012,0.8529719292166383,0.23904490281889215,0.1351117065906395,0.09593036585411793,0.3091422430323178,77.36338628999873,6.632283622356871,300.80749870874945,39.914257607510564,33.63893160693354,77.36338628999873,73.07319974167831
r3200_c2400,3200,2400,2d,powerlaw,,nan,,,,0.6884990006438678,0.12180348219008606,152518.09278211268,,True,,15220,,0.05956673859121747,,,0.1,3.1655804613323344,,,,,0.09107640070176361,0.29494482521033294,,,322.18187756881474,,,,
r3200_c2400,3200,2400,3d,weibull,0.8431493461096439,3.1786536784299946,0.404275921885746,0.0883968200157694,0.21865467427157728,0.6617360095988825,0.10691137140923876,381417.65695505193,,True,73.07262838684285,27938,-0.6146039643027983,0.13350921245273167,178.00417644579898,-172.44167241214888,0.1,3.6949004379023367,0.5431375693396528,0.8380374688052264,0.235947631532884,0.13508804309721964,0.09653920226579446,0.30884436760511963,77.32418571786897,4.725329350656497,300.76818801253916,39.93817948000199,33.64656940700787,77.32418571786897,73.07262838684285
r3200_c2400,3200,2400,2d,weibull,,2.490701709755847,,,,0.688499586070668,0.12180416534172797,152518.1095832514,,True,,15220,,0.05948553864089981,,,0.1,3.1655806356898615,,,,,0.09106888989838569,0.29495004052989676,,,322.18360670632825,,,,
r3200_c2800,3200,2800,3d,powerlaw,0.18303586491077573,nan,0.9059150435767006,0.14252221723834013,0.15732404296504354,0.539724082986548,0.14380626040141087,187623.9291965186,,True,73.56587421665022,27938,-1.7506378845365775,173.80999408672398,173.3959110812589,-178.53052329578637,0.1,2.5914716182930873,0.783669641488664,0.5661827192452547,0.07721506702447638,0.22916992611649054,0.08277453304030226,0.28384375369633713,127.84544387659723,1.7285773249507146,1.3100745954950022,334.6556332464903,659.5139842999745,162.37196782756885,73.56587421665022
r3200_c2800,3200,2800,2d,powerlaw,,nan,,,,0.5727806640540692,0.16353094665105897,76034.99874712621,,True,,15220,,173.3870823710354,,,0.1,2.235112798323693,,,,,0.07940603424174772,0.2817329607163792,,,1.3461131120204386,,,,
r3200_c2800,3200,2800,3d,weibull,0.1830185571577509,2.10358552073015,0.9059245022276419,0.1425256938194592,0.15732623796905004,0.5397257461633848,0.14380992556883967,187623.96036311868,,True,73.5637884095289,27938,-1.7506343734500285,173.80999736768499,173.3958775120831,-178.5305743941306,0.1,2.591471833530441,0.7836656434995459,0.5661809833290957,0.07721515024692518,0.2291686203141039,0.08277362695871297,0.2838425741963468,127.84712732540157,1.728569360158881,1.309934642720527,334.6547193277752,659.513715057425,162.37502865684456,73.5637884095289
r3200_c2800,3200,2800,2d,weibull,,1.9477313635542834,,,,0.5727808885479826,0.1635385470575188,76035.01047755187,,True,,15220,,173.3872268798201,,,0.1,2.2351129707365547,,,,,0.07940583372876292,0.2817403996107809,,,1.3452884079968928,,,,
r3200_c3200,3200,3200,3d,powerlaw,0.8745379147026867,nan,0.4726868978372713,0.3347025691468853,0.7080851419370441,0.393441801387128,0.5524843238425057,106416.28902589389,,True,58.01297877660756,27938,0.4041311237341718,16.13850780290504,-177.56913253361856,-139.0286644742853,0.1,1.9516700542459746,0.21149484389713744,0.15821775960479412,0.0874176446768486,0.29228018161018604,0.0983805389139423,0.14438714975433786,13.909236098967252,0.7717633065211065,19.333819042888383,455.31205936235375,333.15630658031046,13.909236098967252,58.01297877660756
r3200_c3200,3200,3200,2d,powerlaw,,nan,,,,0.3977177853634858,0.5325148794611338,35559.88877598547,,True,,15220,,16.0369753706197,,,0.1,1.5285261419491358,,,,,0.08621159008905488,0.12575072730176043,,,16.416260799642625,,,,
r3200_c3200,3200,3200,3d,weibull,0.875846465576277,0.864314696597664,0.4703148927745847,0.3328642395750021,0.7077476063139239,0.40285345053030475,0.551073589582599,106350.91985767738,,True,58.08537572235101,27938,0.40868508688812866,16.023682577768394,-177.6480032840403,41.00297632014078,0.1,1.9510705283298178,0.21498386790893442,0.1618491897988805,0.07974249007385922,0.29433744563779435,0.10463647003444727,0.13716605541493912,13.83943161019542,0.7883272634373791,19.80881289024421,455.1209997901851,327.3133782012787,13.83943161019542,58.08537572235101
r3200_c3200,3200,3200,2d,weibull,,0.6009950570706967,,,,0.3977178372845893,0.5325164548505997,35559.888973247784,,True,,15220,,16.03691475193649,,,0.1,1.5285261461887527,,,,,0.0846866493220329,0.12135007633044702,,,16.737595569773585,,,,
r3200_c3600,3200,3600,3d,powerlaw,0.7577502847076654,nan,0.5277432586549414,0.21876115048413688,0.41452192310649905,0.3686965861142783,0.265015518193413,93867.6236883456,,True,73.7465221724215,27938,-0.24148404923687217,2.250205679106116,175.44870869002133,-153.51180207758952,0.1,1.8329906737992439,0.30670354237400044,0.27651731263575774,0.11659667978772699,0.074828759007837,0.057450261666994545,0.12405820477835681,9.2032350216786,0.5507741847527841,2.47055890579857,5.6446466785355875,3.6950384076714475,9.2032350216786,73.7465221724215
r3200_c3600,3200,3600,2d,powerlaw,,nan,,,,0.4013077188069955,0.31184007201680414,64249.02608667029,,True,,15220,,2.216509858614427,,,0.1,2.0545936815422325,,,,,0.06080624974436361,0.11539480377561384,,,2.1714276298359776,,,,
r3200_c3600,3200,3600,3d,weibull,0.7577438146384142,1.1556816930726783,0.5277505524254991,0.21876578982132233,0.4145249849874953,0.3686965990528751,0.26501612536302677,93867.6337027759,,True,73.74692259074318,27938,-0.2414904833126469,2.250087389817077,175.44914834065034,-153.51318099530053,0.1,1.8329907715771365,0.30555763399638103,0.2753545391379262,0.11366032788985618,0.0741868666508444,0.08588824003096436,0.12109311758070201,9.301114800792952,0.5552742563398546,2.4579248051532154,5.746503994293417,3.69911678898969,9.301114800792952,73.74692259074318
r3200_c3600,3200,3600,2d,weibull,,1.1056834799688873,,,,0.4013076777760281,0.3118403428392328,64249.02639072738,,True,,15220,,2.2164094360755864,,,0.1,2.054593686403892,,,,,0.06906070239780837,0.1118457013719456,,,2.163079181840082,,,,
r3200_c4000,3200,4000,3d,powerlaw,0.9430431494096796,nan,0.2809608988206897,0.15267557308050236,0.5434050564379084,0.4443993687941837,0.3325544205534518,166832.2717284782,,True,68.72570545393842,27938,0.6596394925874884,4.416514029489225,172.05709479770456,-135.93393155264548,0.1,2.4436689763591977,0.081320582211499,0.17895338402438515,0.11916082565361627,0.10417504387437101,0.029398023280893602,0.1273363518590319,3.4330494536609106,0.4923847088096582,3.3223146814832063,3.267962589482945,7.979547176050632,3.4330494536609106,68.72570545393842
r3200_c4000,3200,4000,2d,powerlaw,,nan,,,,0.44144548133059175,0.3401028958911228,89604.36406081342,,True,,15220,,4.6328797773626285,,,0.1,2.4263712686977614,,,,,0.031021315857805376,0.12499035733031554,,,2.5173990605269245,,,,
r3200_c4000,3200,4000,3d,weibull,0.9425036980679308,0.6038943381502837,0.2819936642356002,0.1528649074081608,0.5420863189339076,0.4455597222020665,0.33275110884223114,166780.1736793153,,True,68.69766681051527,27938,0.653540645348698,4.435997212180988,172.01153982451822,-135.89012537770222,0.1,2.4432873945292566,0.08271483319244714,0.17838397782431156,0.11423329086799318,0.09548510322557084,0.04627815014934406,0.12443922997090924,3.541798603434462,0.5078334055488332,3.2567324715265302,3.5973762221770484,8.103957910284732,3.541798603434462,68.69766681051527
r3200_c4000,3200,4000,2d,weibull,,0.9314841749919482,,,,0.4414453752959056,0.3401042916641679,89604.3645667253,,True,,15220,,4.632665891196455,,,0.1,2.426371275547484,,,,,0.035393479357660414,0.122586041846487,,,2.5254980348598264,,,,
r3200_c400,3200,400,3d,powerlaw,0.9788796234094217,nan,0.16216791470483766,0.07273086053487673,0.4484910635205146,0.4476202639195696,0.3799997510838674,647157.6925654599,,True,73.1884885266462,27938,1.0172564470895589,17.525444365798652,-179.43939600127447,-113.80078362030594,0.1,4.812906252590996,0.07439009690537503,0.26462036848531917,0.12450261035134234,0.07828350146187064,0.02933911001748797,0.043074917890659,4.167478769645946,1.81741576489229,4.681581421853458,600.4100764978178,269.06280677374696,4.167478769645946,73.1884885266462
r3200_c400,3200,400,2d,powerlaw,,nan,,,,0.36993532583601074,0.3279190817626092,251350.43127888447,,True,,15220,,15.07881881669605,,,0.1,4.063801545504008,,,,,0.04367007119058355,0.08972796001887189,,,4.319801499520042,,,,
r3200_c400,3200,400,3d,weibull,0.9788918130845322,3.352922489677378,0.16212306624804396,0.07271387186813773,0.4485103418713254,0.44762035516139337,0.3800059412220454,647157.7859354734,,True,73.18809432344527,27938,1.017576025003591,17.526253076380968,-179.4379797756465,-113.80035664614167,0.1,4.812906599786982,0.07432688971836267,0.2644388601182343,0.12442612616430515,0.07826242394219327,0.02933669358541016,0.04305018971978735,4.16692173578223,1.8155467388291775,4.6814263014503785,600.409277313532,269.0622394013086,4.16692173578223,73.18809432344527
r3200_c400,3200,400,2d,weibull,,0.6679418884562248,,,,0.36993561549572396,0.3279370229873816,251350.44006672705,,True,,15220,,15.078590348251884,,,0.1,4.063801616544364,,,,,0.057904101347208005,0.0874664235636697,,,4.300983786603872,,,,
r3200_c4400,3200,4400,3d,powerlaw,0.9558611753483576,nan,0.2850396957714501,0.197033950457096,0.6912509148026924,0.4014695669661657,0.33918033171399187,77766.44107067326,,True,72.37016312278745,27938,0.8858744222609891,175.94853660209273,169.46289760675657,-139.32751715074622,0.1,1.6683933709878682,0.04774979330808915,0.11062012774894395,0.06588317695546973,0.14455815680996134,0.04021538524149934,0.05678014925490843,2.46680929470503,0.5258890845113949,3.7860608702711196,2.6924814985445513,16.63166206352639,2.46680929470503,72.37016312278745
r3200_c4400,3200,4400,2d,powerlaw,,nan,,,,0.3718698003730267,0.3394327845044759,33185.42567097519,,True,,15220,,175.75298402331572,,,0.1,1.4766119206447654,,,,,0.04147013287993794,0.05505905872547444,,,3.165410232140412,,,,
r3200_c4400,3200,4400,3d,weibull,0.9558543974557153,1.2461761949499075,0.28506107397942315,0.19704901067998823,0.6912519058782892,0.4014697658487113,0.3391827910188548,77766.45292251033,,True,72.36978202066248,27938,0.8858008580048877,175.94887265488543,169.4635224031424,-139.3313196231663,0.1,1.668393498121921,0.04775531772680512,0.11061323680960836,0.06589813638962148,0.14463999419249202,0.04001638033343716,0.056820956230328984,2.4665776843327003,0.5258575759682533,3.7867498028347195,2.6923888765719446,16.63694942715778,2.4665776843327003,72.36978202066248
r3200_c4400,3200,4400,2d,weibull,,0.7953618895388991,,,,0.37186986912903897,0.33943337180096556,33185.42569137487,,True,,15220,,175.7530292351663,,,0.1,1.4766119210986153,,,,,0.04050498829461709,0.054879108102749145,,,3.16853294105164,,,,
r3200_c4800,3200,4800,3d,powerlaw,0.9698127149587251,nan,0.25495713104204965,0.18947180264941774,0.7431516109199098,0.41802392009631373,0.33437810879362656,192508.7141088183,,True,73.03931532453416,27938,1.069804658818848,171.7650699515394,166.57995837157154,-138.63469404263674,0.1,2.6249893154953923,0.03709980641354922,0.17489826233833966,0.17766157440203548,0.18470883831193313,0.053803110479548485,0.11326895119913812,4.101646024301075,0.5244013397167853,5.408166454964466,3.1054208899444635,15.990372781332011,4.101646024301075,73.03931532453416
r3200_c4800,3200,4800,2d,powerlaw,,nan,,,,0.41693543406931216,0.3613730749619626,82718.53206497165,,True,,15220,,172.32753143159468,,,0.1,2.331278095834215,,,,,0.04947367197613481,0.11453603035567757,,,4.530516499170385,,,,
r3200_c4800,3200,4800,3d,weibull,0.9730896089402087,0.3683532123538362,0.24591514730658032,0.18572039073069632,0.7552214361938441,0.4334789750263097,0.35216794566499554,191020.5888264657,,True,73.63856104136828,27938,1.122024452436627,171.7014172071265,166.47973704789965,-128.79456923520192,0.1,2.61482382397219,0.04397509457051564,0.1686866458623387,0.13918856916701508,0.10463413324256908,0.04616934708957102,0.14124536602842266,5.4256076885359885,0.5848796696812845,4.99795723135496,3.201658500762633,39.206013895800524,5.4256076885359885,73.63856104136828
r3200_c4800,3200,4800,2d,weibull,,0.6553224620887884,,,,0.4169356978455725,0.36137976402359,82718.53749461428,,True,,15220,,172.32798048634046,,,0.1,2.3312781723467353,,,,,0.04861527773247276,0.11382649791221867,,,4.536723305499287,,,,
r3200_c5200,3200,5200,3d,powerlaw,0.9028321505028308,nan,0.34304913102543794,0.15074077257873383,0.43941452971515044,0.21832285447988395,0.42640576077152426,199598.93268486118,,True,81.99875077244415,27938,0.24756955052587593,2.523757427229017,176.62367549318054,80.59165015724555,0.1,2.6728922441516527,0.10100488561419074,0.16770022013058164,0.07938800326048916,0.1146331912539172,0.02748197185375245,0.14363237804102583,2.641544282655395,0.5833416601686402,4.0440413211383595,4.1469202836275185,168.29160913694466,2.641544282655395,81.99875077244415
r3200_c5200,3200,5200,2d,powerlaw,,nan,,,,0.24660332041286795,0.5235940168184002,101255.0686364725,,True,,15220,,3.4620881399010743,,,0.1,2.579295259671123,,,,,0.024281776972888528,0.13245614280652232,,,4.300186201502105,,,,
r3200_c5200,3200,5200,3d,weibull,0.8441983024371129,0.2717595989059219,0.41781184730536325,0.14909138022855356,0.35683856546937065,0.2616649992188297,0.5156707429683486,161684.059019415,,True,81.99419059697435,27938,-0.1577477231811848,3.0819643481004806,174.42659440361192,82.4597980100193,0.1,2.405669406598514,0.13723995919683893,0.17395518856369657,0.060584748131203375,0.06306169794907916,0.025373771617736997,0.13108305470219378,2.297107112352159,0.49440923112039253,4.317503950978607,4.101372496203825,323.0087415898387,2.297107112352159,81.99419059697435
r3200_c5200,3200,5200,2d,weibull,,0.18967281484053494,,,,0.24732555095771258,0.522424429635007,101248.05511655571,,True,,15220,,3.505596781527017,,,0.1,2.5792059295655623,,,,,0.023005470767265144,0.12828216487781904,,,4.38714795372531,,,,
r3200_c800,3200,800,3d,powerlaw,0.9849052863083134,nan,0.17626770183131119,0.12735945897752035,0.7225342910489853,0.502171698081322,0.41581554994714726,374778.6059140948,,True,74.01920717153672,27938,1.4107610079484516,1.337602547299165,-177.68417723626558,-86.77374108049217,0.1,3.6626020925193465,0.020425912245409596,0.10059078545775514,0.08180794165879765,0.2119197487075067,0.038928066355908016,0.10059582854279293,5.035682433875102,0.6745442970539791,167.23161176723588,2.6417182177939034,9.401827347894729,5.035682433875102,74.01920717153672
r3200_c800,3200,800,2d,powerlaw,,nan,,,,0.4682377978243412,0.39761508685010144,144688.13567279052,,True,,15220,,1.447982206303877,,,0.1,3.083252797015128,,,,,0.04576061627292993,0.08622936396550689,,,3.8303976116153957,,,,
r3200_c800,3200,800,3d,weibull,0.9832045724006758,0.6111056230619344,0.18060622889913922,0.12686007718061332,0.7024125244952609,0.510074913245838,0.4234937766285168,370572.87249247916,,True,74.22107662569351,27938,1.358201742746588,1.410341136815161,-177.7278860260565,-87.4586351396513,0.1,3.6419934086577355,0.0220254606129971,0.10331306305415,0.08039718200663064,0.20050186017519803,0.03684093288355045,0.09834239179624492,5.089481491245966,0.6809404439679414,167.23361495707582,2.6667634259142647,7.978321331826599,5.089481491245966,74.22107662569351
r3200_c800,3200,800,2d,weibull,,0.705633931408289,,,,0.49498457676399255,0.3960001444606186,144454.701352602,,True,,15220,,1.4585391125490772,,,0.1,3.0807645917771076,,,,,0.0827504953281786,0.08201245453960099,,,3.7667736998922496,,,,
r3600_c1200,3600,1200,3d,powerlaw,0.8651671839016747,nan,0.36719588246374063,4.202225483897099e-17,1.144409750921446e-16,0.006830233237859289,2.3768350023416005e-07,242449.28002629665,,True,89.99999999956769,17423,-35.704612651560986,0.06518369198321314,-177.5032296828683,-89.99999998981946,0.1,3.7303448436575795,0.4010353661674942,0.622608930635798,1.1101005594146671e-13,2.7050597685011078e-12,0.009936608466332479,0.0005578217526545091,4.389147972504989e-06,28.191984238814847,337.1857394722859,462.6799580295156,8.483229219610855e-06,4.514527452018132e-06,89.99999999956769
r3600_c1200,3600,1200,2d,powerlaw,,nan,,,,0.02374122989894485,0.0004955930729235313,207126.62604321187,,True,,12176,,2.5509397033369896,,,0.1,4.12444622615033,,,,,0.03014036757355731,0.6349264929561943,,,265.58157320572815,,,,
r3600_c1200,3600,1200,3d,weibull,0.9978169629481385,19.28336389754779,0.04672299845469185,3.919296992216346e-05,0.0008388367874157222,0.04905694390534927,0.48472276388352303,238631.36741029518,,True,89.97523290352599,17423,-4.0199756394338015,4.458912605135565,176.19565643851925,-89.98916445456146,0.1,3.7008569335654027,0.22864137086418349,0.4611121576272359,0.0007795296498029617,0.0015676105323812984,0.011677044576564675,0.1298393558514458,0.08986299279611742,399.4980005032353,5.027506060950477,654.4061873967321,0.06540476680478953,0.08986774885340394,90.02476709647401
r3600_c1200,3600,1200,2d,weibull,,0.2524601035020395,,,,0.05495297354635322,0.47869180452450516,205632.39974127698,,True,,12176,,4.593192618371069,,,0.1,4.109542272843317,,,,,0.01801328260207628,0.12073762908024503,,,4.945530735953104,,,,
r3600_c1600,3600,1600,3d,powerlaw,0.9776385868991139,nan,0.1495373820860611,0.0001260782182489489,0.0008431217431397114,0.018979887030889497,0.9876944577090497,426767.75183154014,,True,89.95178294388116,27938,-5.178190323844011,135.17735639499065,-113.79387299044687,-90.00040515963087,0.1,3.9083922282687307,0.19269162629750536,0.2846307397020918,0.0001488991408934945,0.00044879549851954253,0.0024823225016070024,0.1368089983069816,0.025974745730745243,1.383302479057112,164.25949910705805,35.09019310754621,0.007168384896861068,0.025974745730745243,89.95178294388116
r3600_c1600,3600,1600,2d,powerlaw,,nan,,,,0.001902361490722968,0.0006656177438895267,296820.90564857813,,True,,15220,,1.448520384439941,,,0.1,4.416110346732624,,,,,0.03531783686124603,0.8522103737058646,,,339.99750584371384,,,,
r3600_c1600,3600,1600,3d,weibull,nan,1643.042568562907,nan,nan,nan,0.029377306142751212,0.6616483239076858,416112.311127446,,True,90.0,27938,nan,0.14167382945104484,164.9066879709926,-90.0,0.1,3.8592918827964335,8.957280931739853e-05,0.0050987430119508815,2.0207050632117986e-41,4.54346043719499e-39,0.003371906550822069,0.10829806793804375,0.0,175.95210511172044,310.6314184026455,557.7234618870006,0.0,0.0,90.0
r3600_c1600,3600,1600,2d,weibull,,0.9667464788924085,,,,0.02937830797234315,0.6616481611223862,295302.1612048198,,True,,15220,,0.14106439900630982,,,0.1,4.404797894841874,,,,,0.005098432644611488,0.09017524350719326,,,325.8275224378623,,,,
r3600_c2000,3600,2000,3d,powerlaw,0.7939609285276998,nan,0.4539152693781315,1.9513491032871124e-05,4.2989280928145036e-05,0.03504126736841112,0.914896700818878,950573.9516508,,True,89.99800058086544,27938,-9.26471502440285,43.726387073134376,-119.52536976205157,-90.00013876060241,0.1,5.833044613718554,0.8505317789088435,0.8025230750397238,4.962051061520151e-05,8.842031607600677e-05,0.01980471615024554,0.3325789516456711,0.004589165413303507,4.8687025514347235,6.049918317663547,244.36453205567778,0.0007490087083475544,0.004589165413303507,90.00199941913456
r3600_c2000,3600,2000,2d,powerlaw,,nan,,,,0.01986349771204195,2.320411384697553e-05,566791.7703348735,,True,,15220,,6.788013091915985,,,0.1,6.1024529779334795,,,,,0.016984247290894827,8.727647397200376e-05,,,323.77035081144044,,,,
r3600_c2000,3600,2000,3d,weibull,0.9883266333511275,79.58225462491669,0.10804335541287372,3.611096628527332e-77,3.342266273319626e-76,0.06711235199513975,0.8470643239794479,930674.5389908309,,True,90.0,27938,-171.56459527230191,11.092801043434905,179.64546004945896,-90.0,0.1,5.771666915718428,0.8938838272179115,0.9199574574306636,7.076875530471683e-05,0.00010054815119346953,0.02141685091449621,0.2642471542978037,0.00046379485377805125,299.6147506567588,63.79020789530819,552.591255908567,0.0013924905547303846,0.0004955436723272354,90.0
r3600_c2000,3600,2000,2d,weibull,,0.664861847551339,,,,0.05068743787006743,0.733243555879656,563997.2825422746,,True,,15220,,8.33009195271001,,,0.1,6.087390742676695,,,,,0.013026169320141265,0.2778008844076454,,,64.06973166359559,,,,
r3600_c2400,3600,2400,3d,powerlaw,0.9386821824481467,nan,0.24762434765558353,9.597746434349495e-10,3.875930022720882e-09,0.0033041188825123744,0.3148193459479447,145937.37417606777,,True,89.99999995438125,27938,-17.972637788703047,150.70375542218318,148.52365750090914,-90.00000003816513,0.1,2.285523059441541,0.2512572111873681,0.3864160833472184,1.071522350050912e-06,2.8069110534256924e-06,0.004833538840558592,0.45469931434824534,2.966321853427022e-05,66.59715863875729,22.348081630392848,21.284546557882123,8.734410416513195e-05,2.972445699213383e-05,89.99999995438125
r3600_c2400,3600,2400,2d,powerlaw,,nan,,,,0.009754796085419232,0.00025241210403127565,90587.18328983863,,True,,15220,,1.406751416635098,,,0.1,2.439641721097968,,,,,0.03641407429236274,1.3457871564480628,,,289.8527036590872,,,,
r3600_c2400,3600,2400,3d,weibull,nan,722.4366766130908,nan,nan,nan,0.026306779114811604,0.7294231245932465,144258.22520976004,,True,90.0,27938,nan,158.74895340864853,137.9554864256158,-90.0,0.1,2.2723364550106933,0.012286466901270244,0.09769456750295322,1.049516433141114e-07,3.706498614889846e-06,0.0027238964331114442,0.15585718972752116,0.0002103306244297782,279.01780127016366,18.886025833561796,655.6739442583246,3.0255335618969296e-05,0.0002138596282758081,90.0
r3600_c2400,3600,2400,2d,weibull,,0.6780029043910362,,,,0.026306774881597425,0.7294194769266396,89785.54658860716,,True,,15220,,158.74929993803062,,,0.1,2.4288231251437513,,,,,0.0027238428599939963,0.15586346732314924,,,18.88507426340357,,,,
r3600_c2800,3600,2800,3d,powerlaw,0.6557906164500649,nan,0.7636331863637916,0.6036001557904456,0.79043206420169,0.031626571450274296,0.7491287451184104,75844.28447732101,,True,29.78292095332648,27938,0.034492161357334794,10.42270761346819,-166.35201280372775,-4.350091671294063,0.1,1.6476454855270164,0.3757222197110609,0.3062680019721547,0.2871090604692971,0.16132929634591087,0.004000004972879289,0.1263792793864009,63.84929119184818,0.4772978106766859,14.923121537992715,16.930188207099754,18.307849126851334,63.84929119184818,29.78292095332648
r3600_c2800,3600,2800,2d,powerlaw,,nan,,,,0.03914195681923514,0.7676633041737612,50511.135257717775,,True,,15220,,10.347461370532537,,,0.1,1.8217393469449672,,,,,0.03689550876151701,1.1523432171797994,,,255.56133067908587,,,,
r3600_c2800,3600,2800,3d,weibull,0.9948294003507713,1.1391937551688163,0.07190688179325166,8.72329848267429e-09,1.2131381955562643e-07,0.039178274560696606,0.7655593047801087,74464.44292112997,,True,89.9999937403222,27938,-13.292501793311938,7.133425512568875,-142.55532757733377,-90.0000016429222,0.1,1.6325888117088456,0.7513048140624929,1.183808744054633,0.7122262197590303,1.0400143650333316,0.009019338983987537,0.08045386145820753,69.14705897285613,333.4550476001977,10.789827514267525,637.2886451460676,75.71194665563306,69.84335593088724,90.0000062596778
r3600_c2800,3600,2800,2d,weibull,,0.5651539696957655,,,,0.03914199747789431,0.7676727295033288,50511.13525788639,,True,,15220,,10.347008486252227,,,0.1,1.8217393469480077,,,,,0.004467569610324015,0.06953956133782697,,,10.554227500980026,,,,
r3600_c3200,3600,3200,3d,powerlaw,0.6636154539771495,nan,0.6426277207890813,0.3397159975955204,0.5286357662541912,0.05317159578003042,0.5086026640920361,22326.395764606397,,True,40.02159620355824,27938,-0.19526592212407934,103.78357630334004,-103.43125486489784,-143.2153577286706,0.1,0.8939467564525198,0.27060026095248446,0.18831332004046009,0.09803182774270341,0.2330246932376203,0.007350155714367969,0.3123405434076456,27.53335690124771,0.6376832865310879,14.333621733620413,312.21601019635284,180.1162529861672,182.98899365461924,40.02159620355824
r3600_c3200,3600,3200,2d,powerlaw,,nan,,,,0.053283650147186896,0.5579265468659457,17774.941371386754,,True,,15220,,103.66417437040705,,,0.1,1.08067912443941,,,,,0.009164501763821851,0.306190365967739,,,15.544424270970099,,,,
r3600_c3200,3600,3200,3d,weibull,0.6636055407703619,1.0144954223237144,0.6426374950266301,0.3397244107659078,0.5286408175604974,0.053171690919342325,0.5086049319300164,22326.39584714653,,True,40.021058318967654,27938,-0.19527157648927285,103.78323842272346,-103.43044891201046,-143.21702848743848,0.1,0.8939467581049693,0.2706098259221086,0.18832198548322387,0.09803196138885016,0.23302671565376948,0.007350162361867628,0.31234075360032304,27.532944724234483,0.6377011464799337,14.33350548529434,312.21724012546116,180.11920817186666,182.99232872702717,40.021058318967654
r3600_c3200,3600,3200,2d,weibull,,0.538513398328749,,,,0.05328359980411742,0.5579700792928101,17774.941794215138,,True,,15220,,103.6503216594141,,,0.1,1.080679137292949,,,,,0.00916448737096989,0.30617050550207087,,,15.548544133938073,,,,
r3600_c3600,3600,3600,3d,powerlaw,0.8809960271715912,nan,0.47191945365550736,0.3430921446281011,0.7270142011957663,0.06611550981237413,0.6905850713400206,21680.477048068373,,True,21.480609231378864,27938,0.4321376893237412,166.25498222940504,175.4968550141896,168.94018142430016,0.1,0.8809205889961211,0.15236940477496097,0.12418032844006824,0.07311961426672307,0.26763997642133225,0.01952131695620989,0.34811904581711317,6.630814595823289,0.582890085147152,54.61898450869273,331.5024103362961,328.1877399092064,6.630814595823297,21.48060923137886
r3600_c3600,3600,3600,2d,powerlaw,,nan,,,,0.0768242569871356,0.7094991901891576,17892.64624039481,,True,,15220,,165.11727496182775,,,0.1,1.0842513249413064,,,,,0.020132955545365035,0.312360209098143,,,44.801113241253304,,,,
r3600_c3600,3600,3600,3d,weibull,0.8809983139140013,0.9815069140746531,0.47192074497311853,0.34309749812931073,0.7270235559338555,0.06611527278375409,0.6906091386806607,21680.477238047562,,True,21.475554455988984,27938,0.4321478202742246,166.25760504889968,175.4966553524743,168.94436816527144,0.1,0.8809205928557359,0.15237496172278833,0.12419165465443954,0.07312670911858576,0.2676419593477669,0.019521263800561572,0.3481125582912129,6.6285802659603235,0.5829049499113678,54.62072899206866,331.5019241915551,328.18900359130055,6.628580265960329,21.47555445598898
r3600_c3600,3600,3600,2d,weibull,,0.6821205620507053,,,,0.07682423740430268,0.7095076762331206,17892.646244761112,,True,,15220,,165.11826915249046,,,0.1,1.0842513250736001,,,,,0.020132968036040255,0.3123650620922599,,,44.80329871407161,,,,
r3600_c4000,3600,4000,3d,powerlaw,0.23653219875623693,nan,0.9201287408640573,0.5929742884226448,0.6444470888560719,0.1014325204160454,0.6834850524811507,24730.678396585048,,True,32.433014023854675,27938,-0.3561208733875718,139.75584964719317,-169.96756137844443,-56.00697646592866,0.1,0.9408499331832294,0.6318035531396172,0.2834806275142894,0.14323520729095057,0.12855878110516802,0.024154659775735637,0.15843526880045616,65.34628342412469,0.4853485476622397,43.99420515650639,311.4897450246421,380.97293544362043,167.9950068329111,32.433014023854675
r3600_c4000,3600,4000,2d,powerlaw,,nan,,,,0.10371387361149884,0.7490796125620142,7088.009229527787,,True,,15220,,139.56593307956888,,,0.1,0.6824248154536131,,,,,0.022411317718162783,0.15669941519592687,,,46.72071315812934,,,,
r3600_c4000,3600,4000,3d,weibull,0.2364633994940421,0.6922698322045542,0.9201550157873897,0.5929876431216806,0.6444432002734374,0.1014326733719662,0.6834878347274004,24730.678445066937,,True,32.42319477834644,27938,-0.35615546268415843,139.75579203224777,-169.94333780207128,-56.026060150625014,0.1,0.940849934105448,0.6318154977148538,0.28349271510456375,0.1432507004816647,0.12853297935978275,0.024154469207858152,0.15843283623345672,65.34309766285753,0.4853266851656374,43.994538950421116,311.49098155243996,380.97413074086563,168.00039564343612,32.42319477834644
r3600_c4000,3600,4000,2d,weibull,,0.5835332391613252,,,,0.10371387871681362,0.749088851499819,7088.009254349365,,True,,15220,,139.56569498614584,,,0.1,0.6824248166485086,,,,,0.022411360955760545,0.15669289941122108,,,46.72412361857006,,,,
r3600_c4400,3600,4400,3d,powerlaw,0.7213844595315189,nan,0.660623371240246,0.46771435717633053,0.7079894195965993,0.1727136237728918,0.8797369457854343,29908.317787839118,,True,53.025735308688525,27938,0.06924525837106543,78.011342562359,-140.02623875332694,-102.40047760176975,0.1,1.034661613358218,0.4401903751149095,0.23788153797379305,0.06660230252089734,0.23331912891119966,0.03822580816425462,0.2898505881183067,14.269486396564906,0.6890553327957774,57.04975779870995,190.93590865744133,242.66824583089578,61.44556710708487,53.025735308688525
r3600_c4400,3600,4400,2d,powerlaw,,nan,,,,0.16767540890911997,0.9149572649909143,19893.142357151693,,True,,15220,,59.463621175834916,,,0.1,1.143258315817293,,,,,0.039483241435843655,0.2051558638449624,,,74.60500683353636,,,,
r3600_c4400,3600,4400,3d,weibull,0.7213768850632984,0.6758136046691948,0.6606340115235314,0.46772642147070387,0.7079962782903794,0.17271391931147886,0.8797366273119545,29908.318821360594,,True,53.02560889280992,27938,0.06923883959042332,78.01151425695912,-140.02563701656118,-102.40093550180855,0.1,1.034661631235268,0.44019334203612465,0.2378872295196112,0.06663341036250103,0.23331948043947917,0.03822593252837774,0.2898534616250368,14.269925078454431,0.6890502650585498,57.04839035809515,190.93603918699424,242.6688717957286,61.446305780625245,53.02560889280992
r3600_c4400,3600,4400,2d,weibull,,0.47335159359349893,,,,0.1676754069875583,0.9149600470830577,19893.142419257092,,True,,15220,,59.464373070948106,,,0.1,1.143258317601891,,,,,0.039483237537178736,0.20514359900266346,,,74.60837512692306,,,,
r3600_c4800,3600,4800,3d,powerlaw,0.6878562153460308,nan,0.5989552399173114,0.26029203316493976,0.4345767693774151,0.13647946440862155,0.5464409897136091,57954.235771872816,,True,83.20706041495609,27938,-0.32081425713295797,87.1505772627456,-84.53927060901877,73.87930394335218,0.1,1.4402733841678366,0.25294190621839585,0.2025649254236092,0.13176581806124082,0.2399640529587617,0.03606841662930182,0.418215391482668,13.259496464767254,0.828601239066085,65.06869420586663,319.29689618572155,236.26176346896827,27.91023714032521,96.79293958504391
r3600_c4800,3600,4800,2d,powerlaw,,nan,,,,0.12449650581655794,0.5696187434775901,33445.798431470364,,True,,15220,,86.33293629868756,,,0.1,1.4823933491113321,,,,,0.0312075126966755,0.413002935353337,,,70.61385853658841,,,,
r3600_c4800,3600,4800,3d,weibull,0.6947127498247833,0.2527272351447876,0.5888464056081126,0.24427246010757267,0.4148322173340057,0.14251568080488428,0.5787272529458541,55463.777779850745,,True,81.7711595836673,27938,-0.35029123528099415,86.88118691551418,-82.65952053596406,76.99788112288881,0.1,1.408987262646998,0.3729387922519461,0.5554493793394083,0.2423195936283997,0.41655542959612835,0.0383534554678493,0.39179494200889964,13.562878802831928,0.8630054323825068,65.48498005863871,397.961901348829,305.94827453327747,34.49887140579204,98.2288404163327
r3600_c4800,3600,4800,2d,weibull,,0.6100257339137911,,,,0.12449647240008427,0.5696189375032218,33445.79864933291,,True,,15220,,86.33421917027846,,,0.1,1.482393353939412,,,,,0.031207439694921582,0.4130438490272101,,,70.60717289401296,,,,
r3600_c5200,3600,5200,3d,powerlaw,0.8922760605995748,nan,0.4926574952826758,0.3889529819727769,0.7894997755988762,0.17079926877625956,0.511270305893395,342504.7075807209,,True,77.18893985014128,27938,0.4715853525966569,63.27851379368529,-120.56706120529174,-118.7670244261538,0.1,3.501350728698922,0.15273342168305926,0.23841344101686182,0.19210293513703428,0.1734583728749231,0.038320163066022844,0.23414569480862005,16.318443272056463,0.5834636680441387,14.235637100880917,13.618188072704811,58.25100872348224,16.318443272056463,77.18893985014128
r3600_c5200,3600,5200,2d,powerlaw,,nan,,,,0.1832490290842038,0.5907724469760095,205319.6364929098,,True,,15220,,62.94334658658758,,,0.1,3.6728899606624044,,,,,0.030403949093203823,0.19791130870280743,,,13.331155855733053,,,,
r3600_c5200,3600,5200,3d,weibull,0.9970818751335397,1.803270861234054,0.05404659066283938,0.0017081012165110247,0.03160423618886025,0.18087097078241976,0.5952506390940652,306358.6134800635,,True,88.87573422281322,27938,-0.536555296409885,62.765863739669406,-108.0154238267952,-89.68786723509199,0.1,3.3114438176562593,0.37210683634384834,0.6232983755043158,0.23545346425753613,0.36055106693985395,0.03111095885579647,0.2006360313254054,5.973769348390019,26.892939398106986,13.313809004121874,533.3225505766562,3.1622279784470413,6.920479644136017,88.87573422281322
r3600_c5200,3600,5200,2d,weibull,,0.6649518178903966,,,,0.18324900565090835,0.5907792334068669,205319.63668559666,,True,,15220,,62.94438370893687,,,0.1,3.6728899623858577,,,,,0.03040407054884708,0.1979384559130562,,,13.329790475158525,,,,
r3600_c800,3600,800,3d,powerlaw,0.9321497098733112,nan,0.27328531914434717,0.08562743591157765,0.3133261463867728,0.09934308595397576,0.7501695961700882,36786.36989158961,,True,77.3061785438673,17423,0.1367282747765417,13.127992157360332,-167.63970079113463,-90.16629921497474,0.1,1.453054816598321,0.41685297171197094,0.7590856405729266,0.25908118306867983,0.24878636229897183,0.040837379026401,0.24540339122776025,12.122882029889913,5.493586360103969,144.06890647055988,320.7312026831729,172.272393985519,12.122882029889913,77.3061785438673
r3600_c800,3600,800,2d,powerlaw,,nan,,,,0.11913261760316063,0.7786169707364855,15546.901101630094,,True,,12176,,9.619386783967546,,,0.1,1.1299769855969715,,,,,0.032089006504303345,0.1606254966544147,,,205.46775310522247,,,,
r3600_c800,3600,800,3d,weibull,nan,45141.58416674022,nan,nan,nan,0.11919919341636888,0.7783525436162838,30372.305689477245,,True,90.0,17423,nan,9.56866627345293,179.7028078651443,-90.0,0.1,1.3203145608099334,0.5366906032171432,0.6847495999755298,0.17719845294343978,0.22102450353322609,0.029849750450742757,0.15935250847513902,14.388740294969766,249.23258201081413,205.12229906051292,450.8074950319297,168.7156281376849,14.388740294969766,90.0
r3600_c800,3600,800,2d,weibull,,0.4226020355872684,,,,0.119135113295395,0.778611949068522,15546.900652217002,,True,,12176,,9.617392514656983,,,0.1,1.129976969264892,,,,,0.031054566464515446,0.1555097396490464,,,202.52194456265275,,,,
r4000_c2400,4000,2400,3d,powerlaw,0.9912578278062116,nan,0.09360179502300449,0.004392322399697456,0.046925621443669505,0.03269786751273812,0.24827857868534312,183444.39395686635,,True,89.29484690712002,17167,-0.6904857351722586,170.13345773382315,175.09161029735722,-89.06241525322227,0.1,3.2689254669810817,0.3332702152402693,0.60000848006043,0.333129185351936,0.5813595426880371,0.041788800697035604,0.4849365443043393,2.4248437382640846,1.9959745347489886,15.77837249099324,450.6704473043879,4.92340135655227,2.4248437382640846,89.29484690712002
r4000_c2400,4000,2400,2d,powerlaw,,nan,,,,0.10232270782590826,0.6416244379917093,144224.04638041634,,True,,12176,,169.17440824573202,,,0.1,3.441648540517583,,,,,0.031185819421998114,0.2925089589310973,,,11.967677641051532,,,,
r4000_c2400,4000,2400,3d,weibull,0.9999970931969828,70.55137315697775,0.001704934901128451,2.0132484567487124e-72,1.1808359694063375e-69,0.10211991264659848,0.642139595148234,169252.1004072951,,True,90.0,17167,-152.33792043016152,169.18683685674063,-178.0410926206175,-90.0,0.1,3.139929014310072,0.010009238339865705,0.11107598530357359,0.009127465471914096,0.10387499148621941,0.030629327189672654,0.2939499733775488,4.472734231302558,183.37222023717777,11.99744086264605,540.1935476737501,2.383550744343493,4.472747209388036,90.0
r4000_c2400,4000,2400,2d,weibull,,0.6110801288808881,,,,0.1023226878777883,0.6416313916612072,144224.04642599265,,True,,12176,,169.17542763865367,,,0.1,3.4416485410613813,,,,,0.031185671249202733,0.29250689546694547,,,11.966963848527387,,,,
r4000_c2800,4000,2800,3d,powerlaw,0.8549457952020584,nan,0.3808598340064436,9.88944993193999e-05,0.0002596611416832334,0.02010661616181326,0.10156073604064218,568178.5026347422,,True,89.99120143086365,27938,-7.290809216912423,17.675873253803875,-170.65978405172984,-90.05679225865624,0.1,4.509669785870266,0.6740587904899338,0.7235869368428047,0.00025130579848763024,0.0009327986815236997,0.010616995381512813,0.3081104763122598,0.06212263475805782,4.701117300419284,8.113791821333376,577.9314467171557,0.08319430584568675,0.06308959496370697,89.99120143086365
r4000_c2800,4000,2800,2d,powerlaw,,nan,,,,0.07496764538918409,0.49100936586719174,403353.68359492434,,True,,15220,,3.0563754852141045,,,0.1,5.147966208491114,,,,,0.07179979286533603,0.5081380005405088,,,6.096858872967735,,,,
r4000_c2800,4000,2800,3d,weibull,0.9998581347344936,30.436102057773397,0.011910720612390862,2.336316950510522e-10,1.9615244337777717e-08,0.07496754256657308,0.49100864664301896,552452.3901912869,,True,89.99999895764351,27938,-13.316642408055944,3.0567444792141623,150.95496721259468,-90.00000078207835,0.1,4.446822269673379,0.24557284953764688,0.46154107582587217,0.0026124794635750625,0.01904305343955046,0.02060394010996517,0.2032849322099609,1.8045052417514804,70.8802023702951,5.820652243801396,573.192838909786,168.82264930989672,1.804505255904639,89.99999895764351
r4000_c2800,4000,2800,2d,weibull,,1.1157940183009618,,,,0.0749675851347074,0.49100727290574125,403353.68359570287,,True,,15220,,3.056867050033933,,,0.1,5.147966208496083,,,,,0.020579630172882446,0.20328660621508,,,5.821351868229819,,,,
r4000_c3200,4000,3200,3d,powerlaw,0.9858811847151951,nan,0.11883618171708393,0.001808024902819277,0.015214431132798292,0.03375045201311518,0.2806567123698685,338104.7170024227,,True,88.03936348827587,27938,-2.055501526394915,149.9907256300459,-159.3792267774387,-88.58889937333778,0.1,3.478787960494162,0.6153301842208581,0.9197266835087096,0.6295095905997367,1.0039788033396428,0.12618213016346636,0.520671013252996,8.981029276871412,7.870404517708938,20.610197030884816,580.2192580644836,211.68867474930948,8.981029276871412,88.03936348827587
r4000_c3200,4000,3200,2d,powerlaw,,nan,,,,0.08703489809719839,0.5922409144782036,227479.44026504498,,True,,15220,,149.8318854198226,,,0.1,3.8660169096117185,,,,,0.07878248873537169,0.7811153659672653,,,37.01091907567025,,,,
r4000_c3200,4000,3200,3d,weibull,0.9995115650702754,10.417309191427703,0.022100564013723723,8.836609104983427e-11,3.998363616193769e-09,0.08697649469363217,0.5923100630055038,326081.8439973282,,True,89.99999964259369,27938,-15.525228505679546,149.8303517626069,-140.15690270959826,-89.9999999193379,0.1,3.4163759239950218,0.004878698432285467,0.05518900177482871,0.0022265459005931217,0.05077285569340155,0.027593656311559606,0.2528823004136462,3.2773888517608456,23.585536414378797,18.35526724857831,517.6848771273197,1.4465080719537473,3.659222721361407,89.99999964259369
r4000_c3200,4000,3200,2d,weibull,,0.9127279526910251,,,,0.08703470037579002,0.5922318313136675,227479.44026424474,,True,,15220,,149.8316968566314,,,0.1,3.8660169096049186,,,,,0.02820241683328371,0.25305032847343384,,,18.3519012203561,,,,
r4000_c3600,4000,3600,3d,powerlaw,0.8690040775897514,nan,0.36304389422765915,0.030434954858469778,0.08383271373621971,0.04679774838088396,0.299052199357103,218934.0616871498,,True,89.52635914375179,27938,-1.4657004376679499,154.8444791241127,157.78479428744146,-86.46549249901773,0.1,2.7993616624510276,0.20452692940375775,0.4714326811763994,0.152216702722776,0.3250344742032168,0.030697237016847134,0.12586766920832673,2.891542707667033,2.713150544475485,14.209200412526664,357.6162293261405,9.707945814915115,5.067668665502313,89.52635914375179
r4000_c3600,4000,3600,2d,powerlaw,,nan,,,,0.08308584695935188,0.5069387099420576,114540.53312539957,,True,,15220,,153.91917308961177,,,0.1,2.743293496267262,,,,,0.02103650677747147,0.16335510128441783,,,13.298992971745815,,,,
r4000_c3600,4000,3600,3d,weibull,0.999796526845192,10.726806423057226,0.014264401663161027,5.790581934054138e-11,4.059463600922558e-09,0.08305748612581801,0.5069427524733991,210719.61862319882,,True,89.99999987836296,27938,-15.07222675046602,153.9205677820751,159.9581204281346,-89.9999999643294,0.1,2.746343332040679,0.010437085758941395,0.09433435512586105,0.008001075638264656,0.21882917200344768,0.021261648354938913,0.17692785670839126,5.515761170070801,222.33623948418756,13.05912726558017,569.774530979946,168.24967216161053,5.762539770416401,89.99999987836296
r4000_c3600,4000,3600,2d,weibull,,0.9259965456650674,,,,0.08308543806030061,0.5069447330271312,114540.53313554921,,True,,15220,,153.91880548466287,,,0.1,2.743293496388806,,,,,0.021036413601898295,0.1632924381411793,,,13.298969432970964,,,,
r4000_c4000,4000,4000,3d,powerlaw,0.9972295042442216,nan,0.052707295337138235,0.002753949541518673,0.052249874024141114,0.027136735249905314,0.6396698598328414,112469.35705890771,,True,86.46262880410593,27938,-0.00871639759052556,128.0199673979364,177.9841412932062,91.36772308588432,0.1,2.00640891909478,0.0015577109097076047,0.013139979966269035,0.004802074337372198,0.07980696004595328,0.01582758918802371,0.29355563041632193,5.460549538085282,1.7393175173978837,62.79153517586107,528.1380502738738,230.36334496864475,5.460549538085282,86.46262880410593
r4000_c4000,4000,4000,2d,powerlaw,,nan,,,,0.05432728509186765,0.820599159978656,67656.89139591933,,True,,15220,,132.78824799130382,,,0.1,2.1083790567104512,,,,,0.01173565076143402,0.18210167200522237,,,58.735144803367405,,,,
r4000_c4000,4000,4000,3d,weibull,0.998369443088975,5.013968774528527,0.04038015492169276,6.896881207181582e-07,1.7079878025620167e-05,0.05432353999132759,0.8205960008203557,108466.53629071671,,True,89.99881264632187,27938,-7.768192681476346,132.78514613192922,-131.01433972100054,-90.00004184788177,0.1,1.9703810834344966,0.4906838983773932,0.6574526076598087,0.17282004586073543,0.2719824337188855,0.014708545056640095,0.1644969476743888,9.039473241692372,15.29182077265789,59.270430532697794,552.9160274133706,3.4371362948763706,9.842369515742703,89.99881264632187
r4000_c4000,4000,4000,2d,weibull,,0.6819569067400331,,,,0.054327272365095935,0.8205962408881465,67656.89139623969,,True,,15220,,132.7876529722914,,,0.1,2.108379056715443,,,,,0.011735619897726306,0.18210197674302284,,,58.7381041622413,,,,
r4000_c4400,4000,4400,3d,powerlaw,0.9993098295713035,nan,0.02627213939253518,0.0002343447604731683,0.00891989635757466,0.0185518378338143,0.5512086266452866,68546.9804483249,,True,89.11107411819505,27938,-1.0802247115826038,48.61561108382109,152.69696476836316,-90.15235705117986,0.1,1.566377758257451,0.012680738109681932,0.11311723380541565,0.0019658079323895392,0.015785235346143123,0.0053063898231442514,0.16334836732035457,1.5251589965158197,2.4619478077173613,28.703140732745606,45.77044924737404,0.5325237269110744,1.5251589965158197,89.11107411819505
r4000_c4400,4000,4400,2d,powerlaw,,nan,,,,0.03681207023773162,0.7286794797783227,34284.10750746688,,True,,15220,,48.199964121024244,,,0.1,1.5008562494245477,,,,,0.00652271222426732,0.10211149442294785,,,26.422873973749137,,,,
r4000_c4400,4000,4400,3d,weibull,0.9992261664460488,16.090593631947076,0.02793736792932214,0.002582272815154412,0.09243078380494618,0.03952336286388268,0.7501141512102013,65271.192250315326,,True,84.68323413879608,27938,1.19649493622446,40.18653716817383,179.07931575292412,88.45586275989737,0.1,1.5284918110174681,0.02045527602303569,0.1240698269960664,0.007529589079915427,0.17303055895875294,0.006747130279696249,0.13608659233200962,7.345798808742586,21.626969421501464,31.55867163636986,638.6473423668536,169.76855880415383,7.36078114079113,84.68323413879608
r4000_c4400,4000,4400,2d,weibull,,0.7905799893698495,,,,0.0368120748335327,0.7286804251092639,34284.107507633744,,True,,15220,,48.200344013081626,,,0.1,1.5008562494282,,,,,0.006522650600406793,0.10213239326038243,,,26.423247307261445,,,,
r4000_c4800,4000,4800,3d,powerlaw,0.9974475503685735,nan,0.05053038890464904,0.0009342372313699504,0.018488621433982198,0.01761882210825007,0.5354061836746209,18324.295307072774,,True,88.67932222580235,27938,-1.0054194305480129,26.671766400571098,159.7170008483859,-90.70518809584736,0.1,0.809871254691617,0.003211339416069585,0.03160586221123074,0.0009137116018284593,0.03337110091345522,0.0061677165059608186,0.1420989286103573,1.7876765493343387,2.1801634396143834,13.911008253817668,28.446617662016305,1.0758773444460814,1.7876765493343387,88.67932222580235
r4000_c4800,4000,4800,2d,powerlaw,,nan,,,,0.019242442901649778,0.5694040536669047,9596.704910070639,,True,,15220,,25.89149414431825,,,0.1,0.7940607766962343,,,,,0.003086072588056717,0.12285008505250479,,,13.295705595346575,,,,
r4000_c4800,4000,4800,3d,weibull,0.9930740271150442,9.616747842687769,0.08335521001171689,0.004719365343361097,0.05661752088079096,0.024404014506832022,0.6066802201391649,17657.799684268255,,False,87.48983857697407,27938,-0.38679262137813397,26.152706588503417,-129.9975506334754,-91.26235835084765,0.1,0.7950064210715544,0.45211073860802253,0.7479476684925981,0.04643109787585841,0.10525692709984405,0.012607348134046207,0.19856443726984574,5.341068351090216,191.67107052695215,12.39184657621643,649.4093583000146,3.1126997511439023,8.252869757781639,92.51016142302593
r4000_c4800,4000,4800,2d,weibull,,1.8513429987264887,,,,0.019545593179202438,0.5680318398120155,9596.704993923893,,True,,15220,,25.841845373808265,,,0.1,0.794060780165372,,,,,0.002539430289323622,0.11561369224016209,,,13.221045976467364,,,,
r4000_c5200,4000,5200,3d,powerlaw,0.9957450282205423,nan,0.07789211495825415,0.04266091471839178,0.547692340120122,0.029752901960144507,0.5460004853279755,253214.87940681534,,True,5.830505546960765,27938,1.9503889784470485,2.9610670262337386,-150.61977172679178,-26.63862808331027,0.1,3.010557695013772,0.36312940894434503,0.5190802943598056,0.0425292161658883,0.5335973929991464,0.014553091458733259,0.3765555578330442,77.37216488937162,4.536342373453592,47.526580982354375,14.523276259374505,71.18517806532735,77.3721648893716,5.830505546960767
r4000_c5200,4000,5200,2d,powerlaw,,nan,,,,0.03925027324082099,0.6593184656476124,182391.4669017182,,True,,15220,,5.009228910946223,,,0.1,3.461743870405724,,,,,0.015644902056736465,0.22963561004879027,,,44.21706217343519,,,,
r4000_c5200,4000,5200,3d,weibull,0.999684769102444,10.02369837327449,0.020913100724110376,0.011052845545276914,0.5285129972397764,0.028092118082555913,0.5272364663621719,253162.8389664209,,True,5.156799943089283,27938,3.229691606203396,2.7608436646591943,-150.6342216858907,-26.770193883958136,0.1,3.010248315882547,0.2237906410226674,0.4406916426780694,0.017009766214584526,0.8399140697214639,0.017711397583574037,0.38359702821034464,127.70010027507136,16.868247741672775,45.77314817591633,418.85038070657083,104.30079606934889,127.70014944996359,5.156799943089289
r4000_c5200,4000,5200,2d,weibull,,1.094365366814985,,,,0.0392502718170494,0.6593180597084035,182391.4669017163,,True,,15220,,5.009228148481594,,,0.1,3.4617438704057064,,,,,0.013001493890425127,0.21560811583874065,,,41.63440226523945,,,,
r400_c1600,400,1600,3d,powerlaw,0.9728001787151284,nan,0.3916842579757471,0.3602024419853007,0.9196245053269522,0.0322524106240965,0.44371901439705674,72818.2935631884,,True,75.95087517985675,12049,0.8535093894627552,179.41323577183056,-179.1673195971337,-53.46335932968953,0.1,2.458355842904657,0.3193954029103077,0.37045013074443517,0.23365824029539173,0.43703125084906996,0.008018805005901524,0.32708484203344296,65.57463687675478,1.1599318076761567,293.75281914217106,646.6388946729253,315.15381312846336,65.57463687675478,75.95087517985675
r400_c1600,400,1600,2d,powerlaw,,nan,,,,0.03568417738945088,0.4273420267874905,72608.54613992071,,True,,9132,,177.50996426973185,,,0.1,2.819752036685592,,,,,0.047451045039500823,0.6740944525534076,,,340.7275205892094,,,,
r400_c1600,400,1600,3d,weibull,0.9612085069922991,0.26225261442725106,0.3944809626751492,0.34862356864189614,0.8837525802962103,0.03826277674462188,0.44113580616875053,72811.98318211803,,True,75.1625898184921,12049,0.8066062546415447,179.5583645222441,-178.18618704008995,-47.66210617518855,0.1,2.4582493209201344,0.3909423511985231,0.6771320028022998,0.4593464906097759,1.0504868798821907,0.012952713000374464,0.2923239070742059,65.3681238400886,30.813891598314765,264.63684746783343,573.5215739551285,249.68011646416142,65.3681238400886,75.1625898184921
r400_c1600,400,1600,2d,weibull,,1.5061145610870366,,,,0.03568353898918772,0.4273052950994215,72608.54613653681,,True,,9132,,177.5093181711721,,,0.1,2.819752036619885,,,,,0.010655621820480023,0.2636441039512418,,,223.83484776047118,,,,
r400_c2000,400,2000,3d,powerlaw,0.9999992890010293,nan,0.0008475277401949962,8.546522559767774e-05,0.10084062331459995,0.06033120563367961,0.7502612795023809,159753.28423489397,,True,85.48189018072829,20323,4.778972991994035,24.534489448286884,-142.17764901969178,-89.2391985711185,0.1,2.803696432519098,1.3546764993105173e-06,0.0013260612634304714,0.00013220482208875145,0.14436034861045766,0.10769745253197538,1.4058225525205073,8.827151671001825,21.49846919911523,216.16121949507374,367.8518134584258,363.1057405096798,8.827152884205269,85.48189018072829
r400_c2000,400,2000,2d,powerlaw,,nan,,,,0.03398634567682445,0.5981565354545705,112481.80359677186,,True,,12176,,23.81836862938356,,,0.1,3.0394066967199405,,,,,0.04310954816500079,1.1038059030724434,,,159.44870710714918,,,,
r400_c2000,400,2000,3d,weibull,0.9893439956668494,22.625196136595637,0.10375201288036434,0.01047111325424553,0.10092443475115698,0.06034856707505688,0.7503784024492862,159753.308764481,,True,85.51855443395934,20323,-0.027631494137929424,24.532232711166756,-142.24787426694874,-89.23574388620682,0.1,2.803696647768234,0.9472041480894177,1.1983202262925965,0.13169565838280167,0.10323633989179914,0.02712023304600729,0.22743632825894788,6.077838137653319,150.35210340029718,13.673778807376786,41.63138775557087,2.1367627557313793,6.077838137653319,85.51855443395934
r400_c2000,400,2000,2d,weibull,,0.9094816208326304,,,,0.03398634819098642,0.5981615818259797,112481.80360705423,,True,,12176,,23.818446475891875,,,0.1,3.039406696858862,,,,,0.004740299141585663,0.17607323469962374,,,13.133687613059507,,,,
r400_c2400,400,2400,3d,powerlaw,0.9710977865223128,nan,0.17000835030781875,0.000802694800231013,0.004721502201378027,0.01809990327304857,0.7369307930519016,20214.63804869544,,True,89.72238158584075,20323,-3.5837205433353416,21.32723978180288,157.07720801973278,-90.0850966223418,0.1,0.9973304437389516,0.41736423971643666,0.5384325572255625,0.020094570531140613,0.03137181097210431,0.008519483731759826,0.2550180669550869,1.1638559054144673,3.1328439845612377,39.220145353552866,575.9359612499486,0.29534119292700883,1.3242812046685093,89.72238158584075
r400_c2400,400,2400,2d,powerlaw,,nan,,,,0.030608651218768147,0.8411740657215366,7478.129760388439,,True,,12176,,21.081210990252075,,,0.1,0.783689771769535,,,,,0.005736185859353822,0.14156774779278633,,,41.677415231555514,,,,
r400_c2400,400,2400,3d,weibull,0.9916316953677827,8.316894531004237,0.09152797557868811,0.0030236047877600794,0.03303476088751288,0.03166910060491487,0.847856535323008,19149.697602621774,,False,88.35530968419714,20323,-1.0190843022811304,16.135607857889738,179.9633929260186,89.83098963799465,0.1,0.9707045193159396,1.0845014871264573,1.1794605317698983,0.06684910421119974,0.06893726990617759,0.006824360871168922,0.1494217283192609,3.0920719399835312,248.11106951708516,38.927828163241074,552.5395464702109,230.61045326689975,4.859123167818037,88.35530968419714
r400_c2400,400,2400,2d,weibull,,0.09668442933579229,,,,0.03902512536203525,0.8084422915819514,7470.576278427219,,True,,12176,,24.115701119110604,,,0.1,0.7832938785243004,,,,,0.01210078476794787,0.1009569378616332,,,37.05107924168979,,,,
r400_c2800,400,2800,3d,powerlaw,0.9993095597944824,nan,0.02630047349064811,0.0011294162329860103,0.04294280988468162,0.022120866663071413,0.6426831023843937,19605.90223101244,,True,88.09685873105907,20323,0.49028228530481766,0.9019592872217265,158.65362464886718,-90.78951926709577,0.1,0.9821990454424213,0.0023274118095028217,0.048334694288314745,0.002266241623559872,0.0468940314234453,0.005444461808576066,0.14159731275729126,1.9421920629672218,3.4073067449852217,292.7624471009509,310.4843038017371,1.372468807486691,1.9421920629672218,88.09685873105907
r400_c2800,400,2800,2d,powerlaw,,nan,,,,0.02511539020078132,0.6711994629474775,11402.594007909081,,True,,12176,,179.80912448407324,,,0.1,0.9677195415153301,,,,,0.022435945035415555,0.6445692502023977,,,339.13862642859823,,,,
r400_c2800,400,2800,3d,weibull,0.7783372986076872,0.9405276267839221,0.47152617904792904,0.029432156960391077,0.062418924480117564,0.02821060921438416,0.7030356831488663,19197.36357704864,,True,87.53814644077335,20323,-2.022106117112209,179.48416956652812,155.72535331471786,-91.17408402593821,0.1,0.9719118704932764,0.4316756992060551,0.6901270901054705,0.058803256701744376,0.07767271005500162,0.008432666606783703,0.19525078798047876,5.068657974010908,234.2328203615526,335.83578056301343,541.8403930604009,169.19761665672561,8.073320627315836,87.53814644077335
r400_c2800,400,2800,2d,weibull,,0.40394349562777065,,,,0.026813507768874752,0.6685214131167233,11402.18470037243,,True,,12176,,0.4838276178342613,,,0.1,0.9677021727281905,,,,,0.007965084978294765,0.12452558925354969,,,330.04959441300645,,,,
r400_c3200,400,3200,3d,powerlaw,0.9956789576648997,nan,0.09984928141294015,0.07532165329704892,0.7543534838828341,0.013498317207644031,0.736392510634817,108362.81582093755,,True,13.705701047759561,20323,2.022199206495534,30.419083436659196,-134.077524648144,-17.050403410518985,0.1,2.309118561330884,0.11517415588970185,0.35709240101496753,0.198697178139497,1.2076384023402595,0.021720529167085265,1.3496842255573185,103.67169078338465,18.06927505413811,273.3893570359798,306.5083808343061,255.82400431509194,154.24872241725558,13.705701047759565
r400_c3200,400,3200,2d,powerlaw,,nan,,,,0.007113597100032815,4.27793376873385e-05,106955.31507016793,,True,,12176,,3.2814163321500587,,,0.1,2.9637998109127115,,,,,0.026067273143936708,1.1312208212238999,,,216.4307635563825,,,,
r400_c3200,400,3200,3d,weibull,0.9956732454620902,5.577068267410674,0.0999148386014432,0.07537108106841835,0.7543532284435843,0.01349804217846979,0.7364082650658735,108362.81578850895,,True,13.696912965821937,20323,2.0215425218723873,30.420685092138253,-134.09245880862312,-17.030356392739083,0.1,2.309118560985371,0.021878008665911792,0.19330915739495763,0.13961615271245195,0.7232198827297385,0.006376960294190158,0.2966602859083171,73.00305082998214,17.466510462204873,33.77619455098969,295.2410002894271,164.01109303130465,73.00305083974736,13.696912965821943
r400_c3200,400,3200,2d,weibull,,0.12058922750561812,,,,0.020446551920393973,0.587652648421975,106613.02798144994,,True,,12176,,19.4876700129998,,,0.1,2.959053514026187,,,,,0.0031302100849656734,0.1313446567493941,,,10.29329343340223,,,,
r400_c3600,400,3600,3d,powerlaw,0.9444661900160102,nan,0.37299914111007904,0.29750602985301816,0.7976051338016851,0.04951633375854432,0.6241083224041082,324690.4897543228,,True,52.33905802789479,20323,0.7600375382014839,3.2904880404154557,-164.09604283223888,-43.40849975775688,0.1,3.9970619145743473,0.1325763781351308,0.2058228040505341,0.1098043094120505,0.1477588807760845,0.011552336000828656,0.1567299582141324,14.176204408274053,0.6582273262134551,160.82273488359874,16.25001601194578,38.377615458576926,14.176204408274053,52.33905802789479
r400_c3600,400,3600,2d,powerlaw,,nan,,,,0.019837014708723184,2.7289810133856014e-07,305245.9482813772,,True,,12176,,3.6378025224502917,,,0.1,5.006942849537653,,,,,0.00669910415313794,3.3955026842763436e-06,,,329.6606926976804,,,,
r400_c3600,400,3600,3d,weibull,0.9443933454291331,1.5786107686637942,0.37313189263692575,0.2975641331522497,0.797477082565529,0.04951607807024691,0.6241501831286929,324690.48978079646,,True,52.32710627421185,20323,0.7595211409461207,3.2895699304386774,-164.0852798971081,-43.396380934277346,0.1,3.997061914737298,0.1324628971217806,0.20488635046286807,0.10858179126994996,0.14926531126333056,0.011469298197260155,0.15556734604277153,14.620394311638577,0.6582044834565993,160.73411243010116,16.145783679374063,39.23210844253852,14.620394311638577,52.32710627421185
r400_c3600,400,3600,2d,weibull,,0.8694904044643572,,,,0.04389426040516135,0.5510051483008231,303838.78463782126,,True,,12176,,6.757862159312463,,,0.1,4.9953886803883645,,,,,0.010176545515433686,0.1296010900428575,,,11.64403533093097,,,,
r4400_c3600,4400,3600,3d,powerlaw,0.9434747691583137,nan,0.23775035403062345,1.9116263349037504e-08,8.040477343127419e-08,0.007684375161981023,0.18499362170693215,206085.76150293244,,True,89.99999984779856,17167,-14.89965820301818,156.72703202578006,157.687619400478,-90.00000377054627,0.1,3.4647889854241036,0.5306039084161528,0.6558108201148808,6.651124085083545e-06,1.1942907882888373e-05,0.008343606652315256,0.24372658630942037,0.0003603895192997888,117.40955972078551,8.789026443531107,526.5116147776359,0.001640485163956427,0.0003980392902174651,90.00000015220144
r4400_c3600,4400,3600,2d,powerlaw,,nan,,,,0.020273775249497587,7.00545945906997e-05,164765.70895209402,,True,,12176,,1.440899012018481,,,0.1,3.678587544150804,,,,,0.0568608098723984,0.9876508760932231,,,318.4078162940269,,,,
r4400_c3600,4400,3600,3d,weibull,nan,935.9827134159773,nan,nan,nan,0.049481653223877174,0.6028015623104864,201166.7066720347,,True,90.0,17167,nan,163.23985528280107,179.934751972627,-90.0,0.1,3.4231887756990615,1.8357965681610187e-06,0.0009155021040492726,4.0731222990491414e-13,2.5319136643345733e-10,0.015677800723735293,0.1929739012290112,9.928990962808273e-09,197.8957718110162,16.33728806398649,641.1870961837825,4.536144793133105e-09,9.928990962808273e-09,90.0
r4400_c3600,4400,3600,2d,weibull,,0.9435006606369302,,,,0.04948112371184602,0.6027622864667478,162661.88178139288,,True,,12176,,163.23934112869267,,,0.1,3.655026889844848,,,,,0.015677769918724382,0.19297396615719864,,,16.336789941301628,,,,
r4400_c4000,4400,4000,3d,powerlaw,0.9523787110726314,nan,0.4538408431504068,0.4077598856856151,0.8984644988209666,0.05282538224388277,0.41447675003507245,86954.09525339241,,True,84.67387967818347,17167,0.6829406230050408,17.653168797463557,-162.3470710870132,-179.98889652221942,0.1,2.250597420455238,0.37708909442664995,0.7380674482188069,0.6212337930728928,1.1970289414047255,0.058997473110181685,0.41470036043197855,18.252425446120377,2.7435857467199916,12.70763036363341,7.888253743320881,556.2177334023592,18.252425446120377,84.67387967818347
r4400_c4000,4400,4000,2d,powerlaw,,nan,,,,0.06444744858432473,0.5534957357299437,66845.02762129864,,True,,12176,,18.36249787522074,,,0.1,2.343053654703382,,,,,0.04090768289611013,0.5360941804748962,,,148.25957795873023,,,,
r4400_c4000,4400,4000,3d,weibull,0.9999872638253856,28.064422356192846,0.003568777747960508,2.455531841016251e-28,6.880596143650421e-26,0.0639210693728097,0.5556100343876856,81640.68783903093,,True,90.0,17167,-52.302975011537534,18.420376282899458,-171.5954863683681,-90.0,0.1,2.1807512192847427,0.0030818418282663592,0.05842202011718932,0.0051015444921545285,0.12251954306450537,0.016578919220349382,0.11657191628660273,6.599305249528346,67.61608866145966,12.946062201169225,522.7511259534535,170.96628592783523,6.601037285150767,90.0
r4400_c4000,4400,4000,2d,weibull,,0.7662409638678609,,,,0.06444745024049318,0.5534961050588549,66845.02762775567,,True,,12176,,18.36236504430285,,,0.1,2.3430536548165484,,,,,0.017566888501221806,0.11811405889959695,,,12.945414850118626,,,,
r4400_c4400,4400,4400,3d,powerlaw,0.9863678790020621,nan,0.11675818145330609,0.0005973293210351182,0.005115952591930373,0.010664008205823253,0.40382935373473605,32232.284489213234,,True,89.7351503174028,17167,-3.1277413537360883,10.072872161453192,-140.4702463055421,-89.73596200179233,0.1,1.370245360321064,0.2796862216052915,0.42018261896325787,0.0022497532767048758,0.024844096867008825,0.005892357679789901,0.20859262849293653,1.3918369733136804,4.608051605781411,16.904023333930084,66.51325590781047,0.8304265070099945,1.3918369733136804,89.7351503174028
r4400_c4400,4400,4400,2d,powerlaw,,nan,,,,0.0032747449060620314,0.030830743349991193,27841.621078425538,,True,,12176,,179.97431735282268,,,0.1,1.5121502288424151,,,,,0.05694425617361118,1.3160398032896121,,,328.09083121899033,,,,
r4400_c4400,4400,4400,3d,weibull,0.999939962277427,28.562976737465746,0.007748431176625462,2.1521007169544597e-05,0.002777466390159932,0.032523720399313186,0.7258606783944016,30829.775636384635,,True,89.8844708550887,17167,-1.0259512523453211,9.046064938264655,-171.83058815378786,-90.0015869406486,0.1,1.3401023800533154,0.008273501312253259,0.08805686182185893,0.0019840561458102407,0.04642431819497695,0.00674328877814764,0.10443753162603849,2.350933669526543,193.2681974342277,13.761080434762706,579.4271775830292,0.4957052660683284,2.357723844803657,89.8844708550887
r4400_c4400,4400,4400,2d,weibull,,0.909476336229826,,,,0.03252378557349566,0.7258637821455568,26480.460499510817,,True,,12176,,9.04586731736599,,,0.1,1.4747229772685686,,,,,0.0067433882753358725,0.1044319426305591,,,13.75886604943933,,,,
r4400_c4800,4400,4800,3d,powerlaw,0.5054860075825296,nan,0.7032168918066305,9.440146664727981e-05,0.00013424231947095804,0.007390961633907105,0.6842101954515425,190792.62859468613,,True,89.99180175562067,27938,-8.563774125297334,39.59653175877328,-82.46470583511432,-90.00331163888741,0.1,2.61326311841908,0.6906645843885442,0.7003254521335365,0.00026914234977754145,0.0006202008825125078,0.002648859965965467,0.2811290237672684,0.04145359455664044,4.942544393320488,5.754096053017178,402.7882941159167,0.013929094387031672,0.05347351079377636,90.00819824437933
r4400_c4800,4400,4800,2d,powerlaw,,nan,,,,0.01580529238410807,0.6118522918547152,130776.43402100995,,True,,15220,,18.046490537371568,,,0.1,2.931280772273578,,,,,0.001906600128662125,0.1491561214985697,,,11.016769061721874,,,,
r4400_c4800,4400,4800,3d,weibull,0.47617414900779087,4.533236761611999,0.7237581462296738,8.250820236230313e-05,0.00011399968731560279,0.015805303223358182,0.6118523946618601,188532.51620522173,,True,89.99953097124099,27938,-8.756016857845896,18.046947237318676,-158.97512833331544,-90.00415314647151,0.1,2.59773876601226,0.8667547201233812,1.0009430988682388,0.003972587258458599,0.0061892308231841515,0.001852986512589391,0.14909962890673628,0.09300917171615819,142.93635448289334,11.01728574688865,511.2619368381162,0.19568407315759162,0.10171109483186734,90.00046902875901
r4400_c4800,4400,4800,2d,weibull,,0.8860004851254846,,,,0.015805425489618323,0.6122211625998963,130776.43409890575,,True,,15220,,18.031281621720833,,,0.1,2.9312807731465735,,,,,0.0016557149320375027,0.14854950579652745,,,11.074721438113732,,,,
r800_c1600,800,1600,3d,powerlaw,0.9999999703222664,nan,0.00017227226572432422,1.7750420310856085e-23,1.0303701664469249e-19,0.0037006153957397777,0.0008275898332555058,139535.7083978462,,False,90.0,20323,-35.05276425188619,0.004566766332273267,94.7243335079977,-90.0,0.1,2.6202864570224187,0.7390847168982659,0.864043489905206,0.00016176564737350197,0.0979916543858857,0.07503852622437088,1.252338856824815,5.159141666971194,22.09514624709006,325.15030175351603,521.9879205541574,168.59745130226742,5.963884814372276,90.0
r800_c1600,800,1600,2d,powerlaw,,nan,,,,0.01438288658916726,4.553193045288988e-05,85161.68848203727,,True,,12176,,2.007553565054618,,,0.1,2.644659789265106,,,,,0.025965535309209847,0.6971859678874162,,,336.5497588500632,,,,
r800_c1600,800,1600,3d,weibull,0.985726672615926,13.015742691973538,0.1197282538241446,0.007900525076562801,0.06598714024650353,0.05817496399636012,0.746573165779298,133670.37055239643,,True,86.83254515294854,20323,-0.5957647450505343,15.495950472888374,171.42036679365236,-89.1524247357489,0.1,2.5646237950191964,0.11614058852526414,0.2898729940873878,0.023373034285196017,0.06744409906161983,0.0312751587608323,0.22877253939029019,4.129798971627423,110.90148364131146,14.52828916321046,572.4813472000125,168.80305980613986,4.129798971627423,93.16745484705146
r800_c1600,800,1600,2d,weibull,,0.13075397209599068,,,,0.036357355680275406,0.5543435302676765,84302.23357207805,,True,,12176,,12.756841511303806,,,0.1,2.631280946520194,,,,,0.005993839577961062,0.13924638585857235,,,11.347461201049493,,,,
r800_c2000,800,2000,3d,powerlaw,0.5520734038864393,nan,0.6735001723962745,0.10139543979245758,0.15054998342717346,0.032146885091155354,0.70954749888407,2725.174666059767,,True,87.80279756351446,20323,-1.4981931069752372,6.527922496577741,-177.566394850545,91.25446681799039,0.1,0.36618728714327714,0.47113163820788756,0.44847511085552394,0.09735377814644484,0.0805062836339205,0.006540415747526565,0.15052012072798646,4.959614686452886,0.8570150242612604,161.50602120999574,657.4802901736042,272.3913886091967,4.987464926321085,92.19720243648554
r800_c2000,800,2000,2d,powerlaw,,nan,,,,0.025712818571329895,0.6458802152453429,583.5115409604334,,True,,12176,,6.834920052519554,,,0.1,0.21891342983815476,,,,,0.006093197373137104,0.15805153174820147,,,162.6283455777939,,,,
r800_c2000,800,2000,3d,weibull,0.5520687101293147,10.164969389887936,0.673503672572035,0.10139605834333755,0.15055011943159471,0.03214689527954318,0.7095477687838068,2725.174669023041,,True,87.8028766266348,20323,-1.4981974005714251,6.527955028787156,-177.5661961278329,91.25446221834547,0.1,0.3661872873423678,0.8295394586778615,1.1794596511723445,0.18481849699486044,0.27149648963379835,0.008160130846030107,0.2013561249768765,6.2655250630321655,81.57877995249012,161.16331572676938,661.6215910907888,232.12670879354,6.281000909071428,92.1971233733652
r800_c2000,800,2000,2d,weibull,,0.11506843744077254,,,,0.02790515179908762,0.6051653138769397,576.2797968938197,,True,,12176,,8.749151975816458,,,0.1,0.21755264985988138,,,,,0.004702901475752378,0.11961859278529302,,,9.822318122868063,,,,
r800_c2400,800,2400,3d,powerlaw,0.9712087843554869,nan,0.17738346268146002,0.05246844393251815,0.29579106834067975,0.09537269872176384,0.8558505971818086,333040.69673864625,,True,75.39288346716569,27938,0.5113395098743094,16.582769331253086,-175.38351200562022,-91.2015903522638,0.1,3.4526376073663383,0.054074858487362494,0.1322487194557592,0.037521860700150664,0.03512409334479927,0.009492139610550673,0.0880234745310382,1.2488680366298164,0.663738747295009,21.478436006243413,7.825035130117036,1.948073835336317,1.2488680366298164,75.39288346716569
r800_c2400,800,2400,2d,powerlaw,,nan,,,,0.009871547083774312,0.04981184938260234,244651.97717033554,,True,,15220,,0.2801218291995388,,,0.1,4.009286011412733,,,,,0.021617197060589944,0.1875019136387208,,,335.78871156821407,,,,
r800_c2400,800,2400,3d,weibull,0.9711486993058565,4.640011533019118,0.17756929726185797,0.05252770688384378,0.2958152546291953,0.09537383091577689,0.8558127916803121,333040.7107584736,,True,75.38972163381017,27938,0.5103741798660186,16.598328244635354,-175.4454356773035,-91.20942095825903,0.1,3.4526376800382117,0.054078871357166186,0.13220392781124102,0.03753331442527343,0.03511603221925561,0.00948798605892982,0.08806692865248111,1.2526285793186451,0.6629129402791851,21.406543496151684,7.709368134156859,1.9335051404770003,1.2526285793186451,75.38972163381017
r800_c2400,800,2400,2d,weibull,,0.9045639377664806,,,,0.04472352316604564,0.6109258937611918,242163.42835915126,,True,,15220,,12.583106124941727,,,0.1,3.9888430832983173,,,,,0.0077133164112596,0.17180296541693907,,,11.193024401559608,,,,
r800_c2800,800,2800,3d,powerlaw,nan,nan,nan,nan,nan,0.0010000000017729856,2.324451477066208e-30,429527.00797008147,,True,90.0,27938,nan,0.0,-13.453772581664333,90.0,0.1,3.921006677220311,0.06334916437218499,0.26792530071627196,0.07899800570713068,0.34422841987122316,0.1933092596348546,1.3095487932119028,21.18993131970699,44.55291731368875,331.98672370381394,531.5477360428403,352.2518488316086,24.785173301170904,90.0
r800_c2800,800,2800,2d,powerlaw,,nan,,,,0.044563498780871326,0.3752190546619391,281995.25133089896,,True,,15220,,177.47607386973252,,,0.1,4.304409401729087,,,,,0.04996127058884459,0.4819728946918725,,,331.71441360387036,,,,
r800_c2800,800,2800,3d,weibull,0.9575649813130535,8.35268888144441,0.21479349124433533,0.06217111084468921,0.28944597196368177,0.10179173456852109,0.6928226436019216,364903.363213034,,True,78.85960716872573,27938,0.2982915935489969,177.1038197444138,-177.48413137273621,-88.66146895568426,0.1,3.6140260327511724,0.08585369014971937,0.30599644213225635,0.10611948444519308,0.4417356425704529,0.08946831817715947,0.4724643756407117,16.846573400291856,126.55920651573074,164.42313875236582,684.9258624486935,336.4571044757617,16.846573400291856,78.85960716872573
r800_c2800,800,2800,2d,weibull,,1.43513506112606,,,,0.04456341677069211,0.3752159570103403,281995.2513308221,,True,,15220,,177.47608290004447,,,0.1,4.304409401728501,,,,,0.005912363936213171,0.07238968820825772,,,165.2975511049901,,,,
r800_c3200,800,3200,3d,powerlaw,0.393977126936321,nan,0.7844439769215946,0.15388390957706696,0.1961694067445784,0.06387414602723666,0.7892597477973723,215162.07424545195,,True,88.68517921522819,27938,-1.385996551112222,177.83146334218725,176.2377435301855,-91.05708817138729,0.1,2.7751419644940425,0.2210520564815518,0.13778579857429482,0.05758823296859782,0.06304812078192883,0.010227895088050496,0.14347470219533995,2.4782986348596916,0.3474927621271864,265.69329580785615,453.06761311870287,230.39732893005888,2.4782986348596916,88.68517921522819
r800_c3200,800,3200,2d,powerlaw,,nan,,,,0.00293392521384265,7.402797064676368e-07,159603.94716519513,,True,,15220,,178.90661137447893,,,0.1,3.238280671280949,,,,,0.045962591974397504,0.805719644540328,,,229.50573435869893,,,,
r800_c3200,800,3200,3d,weibull,0.39374220078964645,1.959892880890238,0.7845937313659245,0.15393017494939573,0.19619093142818478,0.06387370792608099,0.7892559193324794,215162.07522042753,,True,88.6995062758832,27938,-1.3860777191474545,177.83608997604227,176.26545435868564,-91.05345108299963,0.1,2.7751419707816183,1.0995035712923231,1.4321043039075554,0.2819029334280335,0.3652663341368194,0.046946244016745145,0.20372419894182303,3.0074041300921417,194.85815772732718,266.0690058424299,450.2133923683796,229.88875682187512,3.0074041300921417,88.6995062758832
r800_c3200,800,3200,2d,weibull,,1.4855190396030615,,,,0.03746024996174701,0.6713315156333767,157239.8927066001,,True,,15220,,179.02817446816252,,,0.1,3.214208484695423,,,,,0.003533361449318586,0.1842268549080869,,,295.29613906251393,,,,
r800_c3600,800,3600,3d,powerlaw,0.6453083838004224,nan,0.6532995757742273,0.33427988033136524,0.5116793163920382,0.08249661414998483,0.8772736225684683,186198.43625869293,,True,71.00408992235442,27938,-0.24433769885030898,17.681188808589983,-172.18035633901815,-92.45926582656867,0.1,2.581608356407584,0.1816538762511425,0.14135036814868818,0.08592171001193614,0.1273415400489838,0.009459713965553092,0.19853190822445937,5.028445945309759,0.3928207990742292,27.00367845195448,328.9322952932473,7.394356129052074,5.028445945309759,71.00408992235442
r800_c3600,800,3600,2d,powerlaw,,nan,,,,0.024827858695818498,4.5211796388632596e-05,139576.2873104975,,True,,15220,,8.477216429211087,,,0.1,3.0282971986184166,,,,,0.006152940555689561,5.337569497922993e-05,,,8.685095098770297,,,,
r800_c3600,800,3600,3d,weibull,0.6452417038586061,1.0856994918666913,0.6533530946797665,0.3343046873131071,0.5116753713043368,0.08249627790680779,0.8772581967980415,186198.43689778322,,True,71.00499637366845,27938,-0.2444273265281901,17.681920532253056,-172.19750982314474,-92.46402260953268,0.1,2.581608360838021,0.18154755613789464,0.14120809001789267,0.08585753835541804,0.12733050122828454,0.009459463378907998,0.1985229510987455,5.032087433007345,0.3926314776399742,26.99930172607259,328.9338509759428,7.396988026494781,5.032087433007345,71.00499637366845
r800_c3600,800,3600,2d,weibull,,0.10113174838054755,,,,0.06405886691312034,0.6907628228166065,135871.46097176362,,True,,15220,,8.75886689245261,,,0.1,2.9878362798962232,,,,,0.010758616371874672,0.25217592110909964,,,10.862329176603472,,,,
r800_c4000,800,4000,3d,powerlaw,0.8002959339837475,nan,0.5093357859036248,0.27316843224068404,0.5363228734380983,0.11602648851355102,0.380878527155829,259941.72568986786,,True,57.116938716900385,27938,0.05162885923009153,0.302883124345548,173.58411720823338,-165.15021463838323,0.1,3.0502844614314144,0.20928425004236403,0.22796652713461377,0.12043958552244216,0.1157668757537349,0.02410411961665492,0.07950323820260848,8.68917116018963,0.5504472414222387,298.6861687781572,7.07547033751382,15.63202324188602,8.68917116018963,57.116938716900385
r800_c4000,800,4000,2d,powerlaw,,nan,,,,0.11803248554130887,0.3994730401396449,223347.3052057935,,True,,15220,,1.7993542935347964,,,0.1,3.830743137212134,,,,,0.024125369751875698,0.08242937470910254,,,164.67606726631834,,,,
r800_c4000,800,4000,3d,weibull,0.7822105049779495,0.25767770398084944,0.52482582941289,0.27148624984133657,0.5172882785609879,0.12025888390876621,0.3747636585622393,259700.1408270079,,True,56.79576017761272,27938,-0.014466136177997413,0.42425747791534985,172.9468544979278,-163.99845714036746,0.1,3.048866693955392,0.20673150463737963,0.21212211172162565,0.11197843728196381,0.12972312641941372,0.022186469102748664,0.07743825344225887,9.690892041207112,0.532475871007742,298.72578432672924,7.8486221201834026,15.855091029142727,9.690892041207112,56.79576017761272
r800_c4000,800,4000,2d,weibull,,0.20922927278983708,,,,0.11963155532549909,0.39741927013385825,223316.60892805277,,True,,15220,,1.7457741363315507,,,0.1,3.830479884436902,,,,,0.02331740727556709,0.08211197608902422,,,164.80633435906716,,,,
r800_c4400,800,4400,3d,powerlaw,0.9109937517130144,nan,0.43400672454230593,0.330246673127837,0.7609252448245082,0.24996384492987112,0.4822066629579099,480979.0074158675,,True,65.47957127637025,27938,0.5614750918997418,6.746159213942927,179.70189320174944,34.60366959396824,0.1,4.149209889777001,0.08120435672036208,0.1584635073269721,0.13931454459472617,0.1331236295810521,0.0341118168626881,0.14982546982445524,12.61554002316783,0.4016629624142209,162.13051746746834,686.8696446425013,243.25135370358754,12.61554002316783,65.47957127637025
r800_c4400,800,4400,2d,powerlaw,,nan,,,,0.2789619717541887,0.5042320711468347,293874.4613734333,,True,,15220,,9.279695623303782,,,0.1,4.394137037062953,,,,,0.032205116969534035,0.11735903057298142,,,7.592998782681414,,,,
r800_c4400,800,4400,3d,weibull,0.9123661666255048,0.22323599274758577,0.4163952340645829,0.3065740631200925,0.7362573777022214,0.28060479414167266,0.4730139348759505,479571.52549607604,,True,66.68509485445563,27938,0.5699448644586216,6.9319635713463725,178.67968402138294,-138.8237011571087,0.1,4.14313455550551,0.07613184013052582,0.1581319704435264,0.14284507600842936,0.14055638332450981,0.0410478778424405,0.1348351959229127,12.570808070870541,0.4043197997601612,8.359768158579977,640.866540356527,334.04134934082583,12.570808070870541,66.68509485445563
r800_c4400,800,4400,2d,weibull,,0.5487185603377979,,,,0.27896216144276076,0.5042352128857678,293874.4612341062,,True,,15220,,9.27966698430843,,,0.1,4.394137036021314,,,,,0.030599165781387386,0.10985518423221216,,,7.584113471223239,,,,
