chunk,row,col,mode,profile,T,a1,a2a1,a3a1,a3a2,alpha,b2b1,beta,chi2,error,fit_success,incl,n_fit,p,pa2d,phi,psi,rcut,rms_resid,se_T,se_a2a1,se_a3a1,se_a3a2,se_alpha,se_b2b1,se_beta,se_incl,se_p,se_pa2d,se_phi,se_psi,se_theta,se_var_inf,theta,var_inf
r1200_c1200,1200,1200,3d,powerlaw,0.6202647466031946,nan,0.6688442574978207,0.3301723068495194,0.49364602169825045,0.14569311828784096,0.37973019926644097,,381696.56195566134,,True,59.26838669554515,27938,-0.3037325289966324,3.3015121233526963,-176.41263636870028,-0.6329582992137274,0.1,3.6962511067431336,0.21979550355688407,0.16274643135310166,0.1490760981076442,0.18547246355475325,0.035392329297296195,0.14173438340903172,,19.820788564469762,0.4227435506289074,165.048288670711,6.536985578198458,11.650573666857511,19.820788564469762,,59.26838669554515,
r1200_c1200,1200,1200,2d,powerlaw,,nan,,,,0.15853014140442007,0.3782225045736394,,345902.24574984994,,True,,15220,,6.941234824942447,,,0.1,4.767265776063067,,,,,0.042467344785127134,0.11630855108862648,,,,8.546729709073759,,,,,,
r1200_c1200,1200,1200,3d,weibull,0.6201102910213696,0.9557482432084525,0.6689589288199085,0.3302108647487569,0.4936190407552711,0.14569383081536993,0.3797314312408422,9.99999883554797,381696.56220982573,,True,59.27371612119865,27938,-0.30395861922395484,3.301658134242475,-176.41166706998982,-0.6348575535650033,0.1,3.6962511079737648,0.21947684613134433,0.16166600566060568,0.14671702981746307,0.18340608859577034,0.03497723749128054,0.13852616662346212,5.329067862211815,19.637340438582456,0.4192009359460087,165.0676167934698,6.500818416402143,11.767181698676541,19.637340438582456,0.00027434484143877406,59.27371612119865,0.0007507118985744017
r1200_c1200,1200,1200,2d,weibull,,1.630684176655803,,,,0.1585297275642855,0.37821798627570613,9.999993671810998,345902.245750178,,True,,15220,,6.941057712136938,,,0.1,4.7672657760653285,,,,,0.04246627359871264,0.11638097982203113,5.971809021203559,,,8.549648004689235,,,,0.0002147127746412401,,0.0008752982880595177
r1200_c1600,1200,1600,3d,powerlaw,0.9355594798378382,nan,0.34579857187742313,0.24276297245483,0.7020357867206096,0.3307059555096409,0.4630691084281319,,86451.32818655914,,True,53.64646392808867,27938,0.7081279376294196,174.8038834147267,177.93526525417764,171.78694583864538,0.1,1.7590904807432703,0.1282586581220973,0.22751354517286007,0.14820447106267481,0.1587905405475262,0.04481348782421279,0.11248005678783801,,6.033143493811377,0.6880782080383069,6.7562160188069225,335.472248414093,11.598154652134417,6.033143493811377,,53.64646392808867,
r1200_c1600,1200,1600,2d,powerlaw,,nan,,,,0.32909497467941407,0.4977404151688135,,61018.23500963501,,True,,15220,,173.7117745157442,,,0.1,2.00226932702024,,,,,0.0499141468469525,0.1163179070948385,,,,6.578838685430427,,,,,,
r1200_c1600,1200,1600,3d,weibull,0.9352218645913054,0.27203539521619063,0.3320941223513672,0.2205912682879988,0.6642432173328424,0.39772542063019584,0.44730261560717466,1.8772932791360901,81585.92696574873,,True,52.556613393079274,27938,0.6932299437761298,173.3904045842161,178.41894005283672,168.0895829701835,0.1,1.7088737145813395,0.11825311139874183,0.21827772822592156,0.1361442401778355,0.10189133428895983,0.10083867557881598,0.08900022789607691,1.9256607866695081,6.653900726299588,0.6475258806687485,7.415049335983962,335.91300675768366,14.447587060263134,6.653900726299588,0.0003218100927481506,52.556613393079274,0.0011788789193921774
r1200_c1600,1200,1600,2d,weibull,,0.132654545165436,,,,0.4144989222072832,0.4829283568984285,1.1522810849737521,58798.72472420009,,True,,15220,,172.80488730381964,,,0.1,1.9655161978626512,,,,,0.1285024466053776,0.09867331365069308,1.2999196304445917,,,6.725969302335705,,,,0.0007083538887624731,,0.0012621222754084537
r1200_c2000,1200,2000,3d,powerlaw,0.8888645891313299,nan,0.38558873891090545,0.20551721934166553,0.5329959062656977,0.3941626329790091,0.43608192841666904,,230549.7889622047,,True,59.246540057715315,27938,0.3237423853434729,23.519793798257275,-176.46479751306907,-134.60283217427872,0.1,2.8726631805860205,0.5656053754575041,0.5076394067504855,0.266274089424673,0.12873373190286402,0.0588789882469674,0.2578104961745579,,11.399126324504993,0.9544665684899908,21.14458659232079,148.6541326120837,163.2931922484474,68.66297018064301,,59.246540057715315,
r1200_c2000,1200,2000,2d,powerlaw,,nan,,,,0.3433744067126456,0.4199917536241477,,194243.90871635108,,True,,15220,,21.477297086124395,,,0.1,3.5724518014397972,,,,,0.054739688155741144,0.26776582712877534,,,,18.68187012594175,,,,,,
r1200_c2000,1200,2000,3d,weibull,0.8888582096080179,1.85748636844711,0.3855982500850552,0.2055205717708198,0.5329914534764774,0.3941623859880111,0.4360858384308148,9.999999999904288,230549.7893635734,,True,59.24622432049803,27938,0.32370936471903167,23.51974374317285,-176.4654895386923,-134.60236931764715,0.1,2.8726631830865585,0.5655659188902311,0.507616911883967,0.2662624837602418,0.12874768136839218,0.05887927242126427,0.2578110938863265,1.2959599403024642,11.400368357342918,0.9544526840754572,21.14477497628286,148.64742168673956,163.2921901432734,68.66500775994723,0.0007942193544168557,59.24622432049803,0.0024069107321075265
r1200_c2000,1200,2000,2d,weibull,,1.298328460528298,,,,0.34337442084954334,0.41999241606558846,9.998440260539095,194243.9087210453,,True,,15220,,21.477282867534562,,,0.1,3.5724518014829645,,,,,0.04193911714264003,0.26660356688597936,8.403679281756547,,,18.75013301358938,,,,0.001011139007515571,,0.0022176553342509605
r1200_c2400,1200,2400,3d,powerlaw,0.8366950253608452,nan,0.4499344083333543,0.2162741473495826,0.4806792797881466,0.2054540846693926,0.29619574601547194,,102058.29775101205,,True,62.46367074532195,27938,0.06609845684199467,174.22885876783235,177.3378629479012,172.03150897519575,0.1,1.911289630910352,0.3925570361895,0.3889456695421473,0.27197922240218103,0.2074555415264609,0.06636660010824023,0.4734194759298569,,10.956397785399693,0.6102261731838663,6.469420433595745,4.101433570063545,71.11208542498044,10.956397785399693,,62.46367074532195,
r1200_c2400,1200,2400,2d,powerlaw,,nan,,,,0.19361055554698295,0.3123656005222484,,73033.19395626293,,True,,15220,,174.64187347303644,,,0.1,2.1905482359443442,,,,,0.08254822583919484,0.40869113579002103,,,,5.873619491913925,,,,,,
r1200_c2400,1200,2400,3d,weibull,0.836693439023048,1.8019291514440896,0.44993478911499557,0.2162709159062368,0.48067169096133544,0.20545342219756038,0.29619308476961553,9.99969783100653,102058.29772896197,,True,62.46332529577887,27938,0.06608182269932555,174.22886748093583,177.33812174524468,172.03102404257206,0.1,1.9112896307038814,0.39256430956691424,0.3889488587828384,0.27198118156161627,0.2074618039917035,0.06636623783840379,0.4734187625970389,2.486776714857637,10.956644806715229,0.6102389630607565,6.46922139059326,4.101136463360442,71.11127042196914,10.956644806715229,0.000282634735291447,62.46332529577887,0.0008205785300258762
r1200_c2400,1200,2400,2d,weibull,,1.159201649842064,,,,0.19361021705676526,0.3123696287682836,9.999996513000116,73033.19411019457,,True,,15220,,174.64233287545244,,,0.1,2.190548238252847,,,,,0.080141926972582,0.3991407179351577,5.776616290350016,,,5.2994936532713615,,,,0.00035842267324493886,,0.0007799901887910089
r1200_c2800,1200,2800,3d,powerlaw,0.8952308665552783,nan,0.34276144964945066,0.11918249742403285,0.34771266589613065,0.373913687035799,0.2260141560932821,,105973.72609003694,,True,59.19272294394988,27938,0.014341742872226781,10.455020547099057,178.98745892530667,23.580786939108762,0.1,1.9476075336767258,0.532047657646421,0.5620290982580877,0.3084092311315912,0.1834007138977622,0.15174284900458507,0.2774912337511795,,19.48084755443849,0.9134694589282806,5.033158852844031,335.6191962313367,11.298521271040654,19.48084755443849,,59.19272294394988,
r1200_c2800,1200,2800,2d,powerlaw,,nan,,,,0.3615078218401881,0.24710900727400126,,72942.36285492865,,True,,15220,,10.281145918773339,,,0.1,2.189185623952166,,,,,0.14282818473383663,0.2530339922926391,,,,3.812938496789822,,,,,,
r1200_c2800,1200,2800,3d,weibull,0.8780808621215047,0.5014325232678442,0.3687636014339232,0.12657283999372687,0.34323571931056424,0.39420794787941815,0.22780558634947426,9.999999999999051,101706.06231212181,,True,58.73891941166743,27938,-0.07173835277494289,10.401332914679324,179.0034058386604,23.050522915543105,0.1,1.9079885479090355,0.5281471388757654,0.5368874082160966,0.2918196288738685,0.17530148908043605,0.16254838250713366,0.2617928966616763,1.5390122745428914,19.5474267317809,0.8400415152793156,4.852160541867578,335.57841185712164,11.297585999460207,19.5474267317809,0.000459949021822761,58.73891941166743,0.001057196492269317
r1200_c2800,1200,2800,2d,weibull,,0.26577052222553504,,,,0.38189890000346327,0.2505728555643333,9.999999999999998,70466.85966581816,,True,,15220,,10.300882773383572,,,0.1,2.151716908606793,,,,,0.1523627961701422,0.23496365044391254,1.1359114945675661,,,3.594213374763781,,,,0.00043109670654426364,,0.0010159594981585462
r1200_c3200,1200,3200,3d,powerlaw,0.9584905081747414,nan,0.36109915468401504,0.30451992008667145,0.8433138547586629,0.18477993657008998,0.47084005158575004,,156457.73755018343,,True,71.95042723143925,27938,0.84818660832899,1.6435549354907033,178.15922359547847,62.587565486107174,0.1,2.3664692544831505,0.12143752235481362,0.18224599479630849,0.15077332282599978,0.33471369333627354,0.07577218753734338,0.26800261366989175,,4.16561721101256,0.7084099760196113,224.59066535109687,2.709308893109086,53.31662834700977,4.16561721101256,,71.95042723143925,
r1200_c3200,1200,3200,2d,powerlaw,,nan,,,,0.15772808471425045,0.44335679283616986,,125714.57320189339,,True,,15220,,0.49098732538929746,,,0.1,2.87399154686045,,,,,0.06165352314687389,0.23600226620290654,,,,318.26127951731024,,,,,,
r1200_c3200,1200,3200,3d,weibull,0.9584861945288784,1.2351401070056178,0.3611025427068061,0.30451740739172917,0.8432989840201134,0.1847802792655483,0.4708411982895559,9.999999999993678,156457.7376593097,,True,71.94986749019381,27938,0.8481595919958096,1.643468439182667,178.15836360736543,62.58349767039995,0.1,2.3664692553084343,0.1214313748372632,0.18224878752012488,0.15078130436002846,0.33468768348673233,0.0757723293254999,0.2680038438733569,7.576146998900373e-07,4.166006906585303,0.7083645514064082,224.59075054255425,2.709460955551493,53.319103295845665,4.166006906585303,0.00018063447845859294,71.94986749019381,0.0007097433418826788
r1200_c3200,1200,3200,2d,weibull,,1.2601836109280191,,,,0.15772816824026498,0.44335795882049023,9.996508880455107,125714.57320234994,,True,,15220,,0.49094175953330293,,,0.1,2.8739915468656685,,,,,0.06169927186344424,0.23607595245362825,0.09434146148470361,,,318.26582835437705,,,,0.0002464781675305377,,0.0006869266235189887
r1200_c3600,1200,3600,3d,powerlaw,0.8571920886708424,nan,0.39352328954237964,0.11857756321965073,0.3013228603510155,0.14624431843814645,0.21257599849624964,,27882.22411784791,,True,53.05083484062899,27938,-0.2669579360805825,1.7631107818559866,172.48918334452657,-163.9832206771341,0.1,0.9990012930784817,0.22802224934994103,0.2873933343789506,0.1714007965765168,0.17959377553818368,0.04705428572004106,0.2139294284891218,,14.260210488541208,0.4292133899412194,1.923211542942239,6.3466800246077435,7.339999910367013,14.260210488541208,,53.05083484062899,
r1200_c3600,1200,3600,2d,powerlaw,,nan,,,,0.14709306435903663,0.2352107524388289,,23349.337177787736,,True,,15220,,2.1063531226572287,,,0.1,1.238596795649688,,,,,0.04447643054118345,0.18279782978716266,,,,1.3056505003440095,,,,,,
r1200_c3600,1200,3600,3d,weibull,0.8497538836222224,0.6494133127086644,0.40350533222730733,0.1216266106992072,0.3014250394854536,0.14892062140520038,0.21407812452432984,8.116769911209603,27767.056793498836,,True,52.93097727529763,27938,-0.29166834256093743,1.7549598624073597,172.47315139838813,-164.0221779461523,0.1,0.9969359743805322,0.2206871240913199,0.2742617124715811,0.16605341245165506,0.17544533458441297,0.049747556699142555,0.20895424397373422,3.7414049758722796,14.151119895308,0.4054976541302548,1.9125921324744968,6.355415153226561,7.363128188420784,14.151119895308,6.429693691985326e-05,52.93097727529763,0.0005052466223408662
r1200_c3600,1200,3600,2d,weibull,,0.35378519521899093,,,,0.14912751128446186,0.23652638498384954,9.145063134777736,23305.572606573063,,True,,15220,,2.1062332820700225,,,0.1,1.237435476133402,,,,,0.046979661679204275,0.17893721561314863,4.560309615797756,,,1.2957861483010433,,,,7.171017057463988e-05,,0.0005071074644662922
r1200_c4000,1200,4000,3d,powerlaw,0.863019328782748,nan,0.4678914166431129,0.3081358583742558,0.6585627507018115,0.19384050974608896,0.7172083506024827,,54357.408447330716,,True,46.13473957832934,27938,0.3418235567620451,139.1952204247566,177.23371886540977,117.18090084029222,0.1,1.394863515974116,0.10445306919035954,0.11337159948000818,0.11752182436493645,0.19564103948938685,0.024993667830167397,0.15538114346190157,,7.018909626091828,0.38097400065630255,21.66563539832497,538.0529218621854,12.93569741957649,7.018909626091828,,46.13473957832934,
r1200_c4000,1200,4000,2d,powerlaw,,nan,,,,0.19283593649721006,0.7459159666546047,,41640.75004270184,,True,,15220,,144.07894538204965,,,0.1,1.6540626137693528,,,,,0.026768906305701286,0.12412466739054383,,,,23.470188508598973,,,,,,
r1200_c4000,1200,4000,3d,weibull,0.8630212688612513,1.2434372566826961,0.46788927928050694,0.3081353991700057,0.6585647776410661,0.19384046293265159,0.7172094044117199,9.999999992275102,54357.4084983819,,True,46.13470092267413,27938,0.3418312026642272,139.19526920222893,177.23357856874378,117.18094677274767,0.1,1.3948635166291272,0.1049486425169844,0.11306821321804245,0.11605475904047523,0.19555302566897728,0.024346187320980744,0.1536837821803718,3.3011402053186933,7.016730231454542,0.3833415844568377,21.692225069919413,538.0501802862316,12.871510586440085,7.016730231454542,0.00022074512261087022,46.13470092267413,0.0007074632500374355
r1200_c4000,1200,4000,2d,weibull,,0.5961857147410607,,,,0.19283593334920424,0.7459168522484925,9.96027463635107,41640.750048241054,,True,,15220,,144.0788945666291,,,0.1,1.6540626138793677,,,,,0.026281843669462204,0.1158753259674385,1.2837124296277214,,,24.214937149635553,,,,0.00025279756556929975,,0.0006992949941612705
r1200_c4400,1200,4400,3d,powerlaw,0.8720235041418732,nan,0.40415662262693164,0.20138604158296416,0.4982871251100575,0.19737054056429984,0.42650399527636557,,41029.26143624432,,True,52.02749753334412,27938,0.2093739847233449,142.91291856551663,165.6392455397986,139.79123402010583,0.1,1.2118509096054744,0.1618256977737408,0.23616814489942553,0.1733690519251193,0.10770054878627962,0.06423480080701438,0.1288629883318748,,5.434558856770919,0.33377603491588803,6.650620408340733,5.34719988789152,7.449016318413981,5.434558856770919,,52.02749753334412,
r1200_c4400,1200,4400,2d,powerlaw,,nan,,,,0.19810121524339908,0.45862106676402026,,24647.21908903459,,True,,15220,,143.7243797448165,,,0.1,1.2725552193919707,,,,,0.059296127849876694,0.1261958448889245,,,,6.695964211103834,,,,,,
r1200_c4400,1200,4400,3d,weibull,0.8696325069615671,0.3969769753348628,0.40692048020208116,0.20123659726716878,0.4945354364253981,0.19946469926934396,0.42523174238878825,9.999999999915186,40920.643962690534,,True,51.915767306504605,27938,0.19500102360387883,142.74765730567498,165.74188460179258,139.62767206511725,0.1,1.2102457696345261,0.15901129690203886,0.22960893651036893,0.16752475474702597,0.10454803358990963,0.06464350779648026,0.1283809044619176,1.7251917599639806,5.630955480961106,0.31917744593992914,6.56633198335146,5.795702396575354,7.707470819233932,5.630955480961106,0.0001365889555173562,51.915767306504605,0.000630726114699318
r1200_c4400,1200,4400,2d,weibull,,0.7674119032690362,,,,0.19810119679080862,0.45862386668316674,9.999960693604114,24647.21914190054,,True,,15220,,143.72424576995175,,,0.1,1.2725552207567261,,,,,0.05929612299799153,0.12622322353880355,1.8398548897899625,,,6.695880510225779,,,,0.0001478506032391447,,0.000809029756116668
r1200_c4800,1200,4800,3d,powerlaw,0.9792268054436404,nan,0.1829879769145952,0.11393446928939117,0.6226336353375123,0.1393638971242977,0.5008463941045792,,506241.1214408035,,True,66.33768250367302,27938,1.2245378297775722,160.41132001908522,174.80013798923875,114.87418655195579,0.1,4.256778508464686,0.04302802204269347,0.12196527340502751,0.0453192131848759,0.15276928061797249,0.03011649823115335,0.13978426748743664,,5.890501138855704,0.8292193074462103,3.860109420680853,451.2776471207064,242.6425586719942,5.890501138855704,,66.33768250367302,
r1200_c4800,1200,4800,2d,powerlaw,,nan,,,,0.10636117833263913,0.39132377571485877,,374374.7504476459,,True,,15220,,165.02580100327475,,,0.1,4.959591978361684,,,,,0.021036002738772618,0.1076339724490669,,,,5.119938877245136,,,,,,
r1200_c4800,1200,4800,3d,weibull,0.9792197110792943,4.2591699325839745,0.18301631055781561,0.11394956220916977,0.6226197100240015,0.13936469665434967,0.5008523434958813,9.999999999999998,506241.1217719475,,True,66.33714796006518,27938,1.224360637509092,160.41182618962597,174.8020693165683,114.87519747686369,0.1,4.256778509856914,0.04298478469340158,0.12182723970721768,0.0452433940943232,0.1526976268649726,0.03011648699190592,0.13978913717246674,2.9258197737781277e-06,5.890713322441108,0.8284539432580911,3.8597941500687605,451.2838572828637,242.64427219500794,5.890713322441108,0.00014884750856477535,66.33714796006518,0.0008725456642986982
r1200_c4800,1200,4800,2d,weibull,,0.178674267507971,,,,0.11152154958375259,0.3837282665119591,9.999999918561164,374193.37417675863,,True,,15220,,165.43239987156898,,,0.1,4.95839042660536,,,,,0.02144858666901904,0.10017904399992486,5.680988151132869,,,4.813830425309516,,,,4.63778180031957e-05,,0.0006500727688990316
r1200_c800,1200,800,3d,powerlaw,0.835165840087341,nan,0.44010687606715254,0.18589215757313735,0.4223795802380817,0.06735930732084985,0.4977798875170272,,270617.6563438081,,True,84.15299394361939,19227,-0.041113208585322525,36.95399571871158,-144.3425269194687,-92.09353224008721,0.1,3.7516498778180174,0.11058304104285953,0.15552755152052258,0.12328335753659632,0.19712603307731433,0.010081205199244346,0.1675154514006328,,7.81201791474275,0.45407792468179253,6.234564780385336,13.312930115567578,13.848352691418667,7.81201791474275,,84.15299394361939,
r1200_c800,1200,800,2d,powerlaw,,nan,,,,0.06261974292885324,0.44348889765473093,,263324.06182892853,,True,,12176,,37.153064671826385,,,0.1,4.65042830241871,,,,,0.008214118661743297,0.1461762653929362,,,,6.056269518244842,,,,,,
r1200_c800,1200,800,3d,weibull,0.8351354389782301,3.4240843458067034,0.44014086350268294,0.18589398303755655,0.4223511117740682,0.06735937108835591,0.4978170759787283,6.779228312524852,270617.65631413355,,True,84.1519945022309,19227,-0.04125783347881007,36.95472300084976,-144.34806467106438,-92.10297774633175,0.1,3.751649877612324,0.2580988589944885,0.5952285053181022,0.32165631920147103,0.7147269411170161,0.011684646514324904,0.15524593907349446,2.418190065891995,12.121057398076548,66.07342565829667,6.247118372521208,512.1271111597468,12.659203448447713,12.52821687713102,0.00016152044855070855,84.1519945022309,0.0006805177581870177
r1200_c800,1200,800,2d,weibull,,1.1199301030680078,,,,0.06262064205295152,0.4435263581057557,9.806389183565535,263324.06182662497,,True,,12176,,37.154528375882144,,,0.1,4.650428302398369,,,,,0.008213557418899555,0.14620245145324356,2.4420706440473903,,,6.055789736385806,,,,2.394594816410188e-05,,0.0006254373981904815
r1600_c1200,1600,1200,3d,powerlaw,0.6740234376109344,nan,0.6158577094655548,0.2812179487572391,0.456628121130905,0.08782823855587736,0.28440268012145203,,114957.40964929383,,True,84.85091010137127,27938,-0.29914662541465376,1.0550216897566316,-178.46292539488795,-6.228239165099379,0.1,2.0284804577854234,0.6915515841065288,0.48328325779944903,0.2863186073645646,0.4529898277476477,0.06625799260859083,0.25751358293768994,,40.673848864651475,5.502279811851937,3.284530843236233,12.183370846833734,77.86732427482275,40.673848864651475,,84.85091010137127,
r1600_c1200,1600,1200,2d,powerlaw,,nan,,,,0.11108534311833035,0.37444983984124797,,70852.16793594582,,True,,15220,,3.245655989726503,,,0.1,2.1575916139677553,,,,,0.03837448285479639,0.09646711706418558,,,,3.8410184639549505,,,,,,
r1600_c1200,1600,1200,3d,weibull,0.6761614584181688,10.085102922716196,0.6142455408514227,0.28118061947988016,0.4577658294273133,0.08832149010936849,0.28435375577924615,1.0,114957.7967144566,,True,84.88666763644753,27938,-0.29403698797265054,1.0579705876537342,-178.46384931313028,-6.2297369762476995,0.1,2.028483872760848,0.9466879243246323,1.2850218829725188,0.541790820825037,0.8404418811287934,0.04261635074079218,0.21795172543226113,14.580143527050941,41.90192224351916,17.089639233688153,6.334664031754277,591.7068998987216,329.6339787859673,41.944827835945866,0.0002841082717902017,84.88666763644753,0.0006138198623135404
r1600_c1200,1600,1200,2d,weibull,,3.1704353990787566,,,,0.11108539894161464,0.37445071207844527,8.655648095043434,70852.16793592437,,True,,15220,,3.2456540975346786,,,0.1,2.1575916139674285,,,,,0.03837453151940366,0.09646662643608216,5.318581597036998,,,3.84113405181057,,,,0.00013605426755583484,,0.0005980424348822648
r1600_c1600,1600,1600,3d,powerlaw,0.946232332165673,nan,0.2469318451316938,0.08727673768738488,0.35344464234995043,0.3334743662836505,0.28391804990380703,,103882.75726771497,,True,39.074107867937634,27938,0.35861450643541337,7.676795598828657,179.12749645579933,11.537597683196003,0.1,1.928297674920879,0.04551644295217879,0.10629161983871925,0.05564153045191786,0.10467014001095631,0.05390050604510389,0.1374442303569056,,14.516659463791676,0.3960602956840398,5.802804645638053,1.7902997450429006,306.2670976479656,14.516659463791681,,39.074107867937634,
r1600_c1600,1600,1600,2d,powerlaw,,nan,,,,0.36022515829574064,0.3202248764277798,,78411.38592034898,,True,,15220,,9.013457411797233,,,0.1,2.2697720239616146,,,,,0.04974034261820089,0.1409766444491151,,,,6.628710412018749,,,,,,
r1600_c1600,1600,1600,3d,weibull,0.9440738793001496,1.085269339288978,0.25175894773113744,0.08887159581471782,0.3530027298558105,0.33695260484937234,0.28370281179577594,5.327443806694914,103754.22066538583,,True,39.09095597146037,27938,0.3380037171092667,7.654276554233733,179.11650481485606,11.522181529978491,0.1,1.9271043414207403,0.04903375186942734,0.11122925331724154,0.05753233981072119,0.09791291278235131,0.044976786965967616,0.1306165906483225,6.049228892182499,14.27241087631117,0.3839455265710978,5.750438829999822,1.777953653489189,306.22645028638306,14.27241087631117,0.0006121915934040295,39.09095597146037,0.0012286101203317962
r1600_c1600,1600,1600,2d,weibull,,0.2742402443469006,,,,0.3756048516158322,0.3185992639542633,3.1352406712340875,77801.6157792619,,True,,15220,,8.880269204826044,,,0.1,2.260929299990888,,,,,0.045040953716853876,0.12930724400094584,5.9816355124568865,,,6.469866130469398,,,,0.0006562034811456796,,0.0012335243698780762
r1600_c2000,1600,2000,3d,powerlaw,0.9927110362964913,nan,0.09830462992529984,0.048910875660031536,0.49754396814471663,0.7148540377950215,0.3820072519757213,,181346.43553059793,,True,45.899444032884645,27938,1.6216128048777225,7.84481740080084,171.515537406036,-153.37573131647488,0.1,2.547750264435087,0.06730934752424361,0.2517191849839225,0.13186056545466585,0.16755473651013397,0.10780267571220263,0.1599118622153589,,10.818328563380659,1.7775649820898056,8.015580388937055,4.672960937406216,8.289239624194389,10.818328563380659,,45.899444032884645,
r1600_c2000,1600,2000,2d,powerlaw,,nan,,,,0.7320637876477053,0.3828960316495182,,128437.4562571407,,True,,15220,,7.096348748132722,,,0.1,2.90494906282895,,,,,0.06641825663393902,0.16132409011506996,,,,7.398736266766518,,,,,,
r1600_c2000,1600,2000,3d,weibull,0.992710728532292,6.312988231485345,0.09830663662009685,0.04891177681569137,0.49754297875848924,0.714853842909423,0.38201050419676125,9.999999999999998,181346.4532002732,,True,45.89816635564658,27938,1.621590403519522,7.844531478751135,171.51558401141622,-153.37699613136354,0.1,2.547750388556409,0.06735079644605499,0.2518402720364549,0.1319000098812277,0.16730298350579587,0.10766072777904996,0.15968074258515014,0.0037224745940588138,10.817645967163143,1.7780552536911602,8.012684886303735,4.6713978359161965,8.288836499130525,10.817645967163143,0.015902659024480584,45.89816635564658,0.026041704278553547
r1600_c2000,1600,2000,2d,weibull,,1.015113690208486,,,,0.7320639849854387,0.38289738010244273,9.999992433950645,128437.45732682743,,True,,15220,,7.096274586304764,,,0.1,2.9049490749258315,,,,,0.05783394086827613,0.1573448301563572,8.423751901767849,,,7.354504070304228,,,,0.004554879257622605,,0.0314828116399232
r1600_c2400,1600,2400,3d,powerlaw,0.9003753533445111,nan,0.38400549761030356,0.23049616431161352,0.6002418344164584,0.5887514911878967,0.47842743125639764,,107479.69639231855,,True,42.12123920756877,27938,0.4466757621923696,11.548631529208778,-176.12515128329431,12.512975321387163,0.1,1.9613972360978176,0.036219023595572386,0.06647730553987696,0.05200328133832106,0.07084989039101018,0.0530465779127524,0.0636846207138165,,10.170621436659587,0.19758834706376968,8.445265866699192,4.660275086920357,12.561983434266336,10.170621436659587,,42.12123920756877,
r1600_c2400,1600,2400,2d,powerlaw,,nan,,,,0.5980313757974239,0.47910849081104406,,87000.54766951402,,True,,15220,,10.871134048608077,,,0.1,2.3908573623363054,,,,,0.040593298214265515,0.07506693151168056,,,,8.127258859965428,,,,,,
r1600_c2400,1600,2400,3d,weibull,0.8971037297795613,0.5608322588803086,0.3867294184009446,0.2280692487872478,0.5897385560433246,0.6684424357834633,0.47099973531143763,1.000000000000933,104935.98361347878,,True,42.01112179348209,27938,0.42195404210758536,11.605865984364678,-176.12323832371968,12.447355708045835,0.1,1.9380481483796297,0.036845604601093,0.06446908323252357,0.046314893884162336,0.0627546911523029,0.12461080932267422,0.062178892054623056,1.7218814159673573e-10,10.093391595709605,0.19667560920754457,8.429428706216202,4.59929899518676,12.532861774652009,10.093391595709605,0.0034571007852689326,42.01112179348209,0.00713726482225276
r1600_c2400,1600,2400,2d,weibull,,0.26355737261966283,,,,0.6802903009002612,0.4722933912854987,1.0000000000028688,85241.31682171143,,True,,15220,,10.87291083478532,,,0.1,2.3665612485936287,,,,,0.09582480894408003,0.07503046851168076,2.0580504231618845e-10,,,8.131738778244303,,,,0.0021628611332837736,,0.007025154992701472
r1600_c2800,1600,2800,3d,powerlaw,0.8745193895022648,nan,0.3891025967011017,0.17216093886906583,0.44245641208433084,0.41684715206936285,0.4223719470330486,,107151.59965733305,,True,19.06722302177127,27938,0.12849890225511817,12.452968071066461,-162.05529146682247,-5.9357196888455235,0.1,1.9584012288678723,0.09029893056079012,0.08403445948569094,0.07221626050900996,0.30756639897325977,0.10269558859669271,0.27127332567688084,,9.445011007923881,0.7869033320998017,5.212388498878851,9.761022475098036,15.908409291017332,9.445011007923883,,19.06722302177127,
r1600_c2800,1600,2800,2d,powerlaw,,nan,,,,0.4248207041952869,0.4234309773347882,,74518.98196368187,,True,,15220,,12.549510097164143,,,0.1,2.212718313893882,,,,,0.10485239165206853,0.25518447299852814,,,,5.313584585401038,,,,,,
r1600_c2800,1600,2800,3d,weibull,0.8559565700498147,0.37206433716140774,0.41332302722311365,0.17692154094804535,0.4280466591389362,0.43964973278272756,0.40853929066110173,9.999999999998648,99927.10763291348,,True,19.339727380127428,27938,0.03500277083718428,12.535882627236766,-161.96748245626972,-5.941263685374008,0.1,1.8912284918599083,0.11270673880655009,0.10989867449016387,0.0661850588084153,0.31721944160886906,0.12344829853224118,0.2796982670781226,2.013898796209273,9.33740902290697,0.8729725854238891,5.064693972806724,9.763266104281769,15.848760132868208,9.337409022906972,0.00033096348995309603,19.339727380127428,0.0016176555305043507
r1600_c2800,1600,2800,2d,weibull,,0.15833894098187495,,,,0.45345390565530574,0.4080260805918488,9.17549002700212,69005.32520557274,,True,,15220,,12.634113764957071,,,0.1,2.1292858951990477,,,,,0.13146586115899883,0.2634583534441242,2.4843068587808332,,,5.1630369567175505,,,,0.0002810128079592631,,0.001625996207869195
r1600_c3200,1600,3200,3d,powerlaw,0.6510706080880074,nan,0.6802443326031192,0.41808321716718755,0.6146074243166292,0.1197572531125702,0.6021044889187022,,47646.52684444552,,True,32.45653731021353,27938,-0.10146831674462753,20.264559416879422,171.04597150513254,36.27871606126162,0.1,1.3059241938244144,0.1615592388507032,0.13155229581108135,0.1040265713247147,0.08815527387722005,0.02507662513974013,0.08458494615429804,,23.237065255474256,0.2373736157980571,14.125047582616448,328.50876165987063,25.85592292527969,23.237065255474256,,32.45653731021353,
r1600_c3200,1600,3200,2d,powerlaw,,nan,,,,0.12567135228017728,0.5980232284496676,,22007.13720877224,,True,,15220,,18.087201045979164,,,0.1,1.2024705516751784,,,,,0.02510995894585272,0.07364140691842944,,,,11.174237787314775,,,,,,
r1600_c3200,1600,3200,3d,weibull,0.6510571652063368,1.3425850241412107,0.6802522694187685,0.41808267501797414,0.6145994564269498,0.11975703235633982,0.6021083560833215,9.999937448883,47646.52682283455,,True,32.453221866160106,27938,-0.10149294854967195,20.264424971548415,171.04121208879428,36.28223978292318,0.1,1.3059241935282513,0.16169390612427373,0.13113438397017138,0.10148692758567696,0.08543557448210859,0.017887750555332836,0.08687034814590498,8.36738980966615,23.66571053770154,0.23701194910154663,14.252410632947445,328.47412516911385,25.978332828282323,23.66571053770154,9.509337208165644e-05,32.453221866160106,0.0005318512816206388
r1600_c3200,1600,3200,2d,weibull,,0.5960108084360997,,,,0.12567135774351684,0.5980450603591392,9.999922025501492,22007.137279216076,,True,,15220,,18.08596117394833,,,0.1,1.202470553599705,,,,,0.01877601144883959,0.07534828491405178,8.46590994276035,,,11.305947846568658,,,,8.638518609066654e-05,,0.0004998331975320569
r1600_c3600,1600,3600,3d,powerlaw,0.8826626746851437,nan,0.41522812356376754,0.24979746715618037,0.6015909158855864,0.2226896794176187,0.5617010343736468,,23593.794077192535,,True,27.630323815448648,27938,0.37074960805945967,2.563757414219401,162.69840579810753,-155.71903009701234,0.1,0.9189697923082399,0.04581716600626696,0.04034618438865489,0.058950477590945176,0.15665122260615938,0.03366940919672917,0.16683268800975073,,7.042835228571387,0.3184970114417342,226.65542527110594,8.757660000082797,9.763486697053443,7.042835228571391,,27.630323815448644,
r1600_c3600,1600,3600,2d,powerlaw,,nan,,,,0.2182809524939251,0.5681386346198114,,14089.9332074374,,True,,15220,,3.3194445404850783,,,0.1,0.9621596521802742,,,,,0.03260225140031053,0.1771721220722351,,,,7.703238084886909,,,,,,
r1600_c3600,1600,3600,3d,weibull,0.8785449378306192,0.33177531864614046,0.4194223816406074,0.24897578792822003,0.5936158841937081,0.22533401537585762,0.5539659146644155,9.999999999988532,23416.87758238599,,True,27.697515327932905,27938,0.3473539676802426,2.4401649424956138,162.75432496429295,-156.00236696376513,0.1,0.9155178922545573,0.048850435927117825,0.043377408556646825,0.0577128697294348,0.15724552690940846,0.03540904849392753,0.16650657156856674,1.1154876561285287,7.019385806766837,0.32906319760584435,226.7456534110146,8.64423563572772,9.590018072141534,7.019385806766836,0.00017406111618348356,27.69751532793291,0.000607372154284402
r1600_c3600,1600,3600,2d,weibull,,0.1588889779547749,,,,0.21992119730470192,0.5634330633833753,9.999999999998915,14050.094199800504,,True,,15220,,3.225636089616605,,,0.1,0.9607984456039333,,,,,0.03488928181021921,0.17454951777867125,4.125364882904007,,,7.669211573599998,,,,0.00035507924716670893,,0.0006077735530688986
r1600_c4000,1600,4000,3d,powerlaw,0.9852023851415942,nan,0.26020166068368267,0.23173681222336984,0.8906046626085278,0.3812140296629543,0.7476433071889012,,18568.022761094526,,True,37.14651727118564,27938,1.230443679836947,172.38150013780245,163.16195387050564,-152.54619535195746,0.1,0.8152394238772882,0.0196576657903002,0.07684748488046823,0.07857553642298086,0.13228415012756575,0.03177234926543386,0.08441496123402897,,3.8295215275516576,0.3218715770669201,18.61736412626764,6.121594386524381,48.30498121869159,3.8295215275516576,,37.14651727118564,
r1600_c4000,1600,4000,2d,powerlaw,,nan,,,,0.38290666391817396,0.7696869824584679,,8699.490492958972,,True,,15220,,170.90020916658952,,,0.1,0.756030963781935,,,,,0.03098438374126607,0.07516855322529632,,,,19.700180024785656,,,,,,
r1600_c4000,1600,4000,3d,weibull,0.9852022494439925,1.4983840165987083,0.260201847092207,0.2317367434505243,0.8906037602738632,0.3812139795079032,0.7476431996983163,9.99999797483444,18568.023444160695,,True,37.146416102340986,27938,1.2304419502656518,172.381525402225,163.1619479617441,-152.54640382356803,0.1,0.8152394388724892,0.019656670247417,0.07684888484924199,0.07857759426244816,0.13227802114223391,0.03177233287513241,0.08441569838761666,0.02767648683996143,3.829307444742421,0.3218624626143291,18.617154069876648,6.121631319255045,48.30283368505706,3.829307444742421,0.00032437314782810526,37.146416102340986,0.0015891958398174806
r1600_c4000,1600,4000,2d,weibull,,0.6582718391886987,,,,0.3829066629813695,0.7696870674842923,9.999998779965981,8699.490506417773,,True,,15220,,170.9002392955913,,,0.1,0.756030964366755,,,,,0.030984380677259626,0.07516847865657661,0.0031292001653689012,,,19.70202764346095,,,,0.00037233266881008637,,0.0018103603722474707
r1600_c4400,1600,4400,3d,powerlaw,0.7538906588558416,nan,0.5545998435224524,0.285550705501572,0.5148770033686672,0.28773222032697154,0.425031275176437,,48856.68039300802,,True,51.99596250281762,27938,-0.07431880730742879,175.1665001851726,159.63994677861834,-151.91557841129915,0.1,1.3224045080478557,0.15644990156997285,0.16115450678256427,0.13731533969958373,0.1498312246157445,0.042041945378417024,0.15288474008499617,,10.80309795727649,0.333590948298284,8.965091961158997,7.996603691839355,10.699974278992148,10.80309795727649,,51.99596250281762,
r1600_c4400,1600,4400,2d,powerlaw,,nan,,,,0.28456981151621763,0.43635592329107975,,16429.891230480895,,True,,15220,,174.44538952683212,,,0.1,1.0389867711112013,,,,,0.04160024493468709,0.13970405508841138,,,,7.577725710613987,,,,,,
r1600_c4400,1600,4400,3d,weibull,0.75388202889074,1.0269663001906808,0.5546085712945268,0.28555478086856995,0.5148762490310037,0.2877319458284783,0.42503304424683286,9.999512276630929,48856.682768177256,,True,51.994802675250725,27938,-0.07433600932981888,175.16680250123156,159.64059517987295,-151.91701494999995,0.1,1.322404540192226,0.1564528470118065,0.16115860788700143,0.1373141704942932,0.14982760568958808,0.04204202161434092,0.15288582939662226,0.000713503502694384,10.803873276100562,0.3335969642423527,8.965142429662889,7.997511232786916,10.700066022288501,10.803873276100562,0.0002981753639585231,51.994802675250725,0.0011212273731620588
r1600_c4400,1600,4400,2d,weibull,,0.9946725311240152,,,,0.2845697635554014,0.436355631428277,9.999945544455402,16429.891266965747,,True,,15220,,174.44539420362605,,,0.1,1.0389867722648085,,,,,0.04160012826194136,0.13970446013586527,1.1771529880499592,,,7.577754589958014,,,,0.00032637418767268944,,0.0011971675158015055
r1600_c4800,1600,4800,3d,powerlaw,0.9157079721222294,nan,0.3444812543841769,0.19375137512596044,0.5624438852915998,0.2751520018150804,0.4900644741731314,,68306.56618455888,,True,46.29371444258454,27938,0.49025169462661466,5.375361617494462,161.8024601909187,-140.96851820756638,0.1,1.5636284735553425,0.027627871717723303,0.042986161536894565,0.0676425974825309,0.173824891281873,0.03148156447931757,0.1660969319126523,,4.915014351193538,0.3151716825707374,4.977811807277583,4.640166504035391,7.097702087752858,4.915014351193538,,46.29371444258454,
r1600_c4800,1600,4800,2d,powerlaw,,nan,,,,0.26859447829533006,0.4756978630627425,,51337.72503917264,,True,,15220,,5.105208117312593,,,0.1,1.8365847911500346,,,,,0.029485671034880916,0.1509712765820957,,,,4.40024477751528,,,,,,
r1600_c4800,1600,4800,3d,weibull,0.9120604655212675,0.40269147330261357,0.34950279612379886,0.19367861410704032,0.5541546913359645,0.278950174484259,0.48459528845841404,9.99999999999946,67954.59882221198,,True,46.19807177322682,27938,0.46093231201301643,5.412599100864337,161.54219807362915,-140.94331031266944,0.1,1.55959476930671,0.02768634185069332,0.04180974869199448,0.06527574963734956,0.167494732658039,0.031083986355820156,0.1608375856477473,2.2707329864441195,4.830866490049995,0.310787414068285,4.87730898476452,4.638696921796106,6.844748981486207,4.830866490049995,6.645830857280128e-05,46.19807177322682,0.0008346423402965207
r1600_c4800,1600,4800,2d,weibull,,0.9098151155153696,,,,0.2685946727606512,0.4756991785028212,6.934514810394473,51337.72465827579,,True,,15220,,5.105177802843069,,,0.1,1.836584784336825,,,,,0.02885888561346769,0.14848799486277886,3.4202778887365457,,,4.396047995788893,,,,0.0007828003181656927,,0.0012982141525800317
r1600_c5200,1600,5200,3d,powerlaw,0.9744851437665374,nan,0.24175445308390567,0.18382756041452833,0.7603895525793163,0.3437376677125938,0.4638503672789151,,221980.59054206964,,True,62.960410972813584,20323,1.1459083167789226,168.8838578757371,160.09614658288575,-135.67736557590067,0.1,3.3049401004648726,0.11962874303482308,0.2967752039434787,0.18906898319091361,0.20885783944653039,0.046972079650022015,0.11895957546631485,,7.02858583631406,1.178159379843172,156.8818270434327,8.490541345303761,24.350577347956506,7.02858583631406,,62.960410972813584,
r1600_c5200,1600,5200,2d,powerlaw,,nan,,,,0.31808990593860165,0.45391920540974035,,179438.62312481966,,True,,12176,,169.35042264311406,,,0.1,3.838889791276636,,,,,0.03550827669813957,0.1138998137991102,,,,158.23408289715582,,,,,,
r1600_c5200,1600,5200,3d,weibull,0.9744837982999225,2.0832027774318767,0.24176022776438555,0.18383172517731186,0.7603886167598685,0.3437376705100345,0.4638530085209967,9.999999963987866,221980.59075797215,,True,62.960009711702504,20323,1.1458831998002075,168.88405619814486,160.0962448879565,-135.6783271707113,0.1,3.304940102072096,0.11963245373712829,0.2967765588393419,0.189067809517419,0.20885504804450025,0.04697231070938632,0.11895412412242468,0.0014908302835737522,7.028400728739171,1.1781454371536109,156.88177839472965,8.490629443584416,24.35133686558104,7.028400728739171,0.00032957764984504806,62.960009711702504,0.0019034084384206248
r1600_c5200,1600,5200,2d,weibull,,0.9527102826224627,,,,0.3180899087511559,0.4539205311733769,9.999834703546721,179438.6231834388,,True,,12176,,169.35055302962374,,,0.1,3.8388897919036817,,,,,0.03550832480696299,0.11389808713277205,0.002896989208457789,,,158.23423487980614,,,,0.0002658522269637197,,0.001811385429106116
r1600_c800,1600,800,3d,powerlaw,0.9316912090311592,nan,0.411502155053105,0.32929029468375676,0.8002152373691975,0.10584273261173277,0.41818788963480846,,449626.8143893909,,True,86.36390051953866,27938,0.6650664810223534,178.78507557616174,178.72887855909715,88.69740075944846,0.1,4.0116999694704765,0.1254513585761525,0.5959592096353088,0.7017839610453259,1.5888136473013386,0.14419806152730086,0.3669809701992606,,36.70004737674797,5.159861789119391,255.76803795147094,452.95194129302206,396.239470927982,36.70004737674797,,86.36390051953866,
r1600_c800,1600,800,2d,powerlaw,,nan,,,,0.13760059371396927,0.5867244477877369,,196569.79111678043,,True,,15220,,178.63151631954884,,,0.1,3.593776478430985,,,,,0.02590242842030009,0.16361920749178685,,,,224.48106971258673,,,,,,
r1600_c800,1600,800,3d,weibull,0.999977043124036,21.757617407953642,0.004791333422331615,6.936160794013383e-10,1.4476472794994983e-07,0.13779168150905713,0.5858213064403206,9.999999998630267,403758.84634385386,,True,89.99999509413352,27938,-10.407209448144748,178.6754880323654,-177.24845761012065,-89.99999934063239,0.1,3.8015733013588378,0.1340827355616531,0.47632517303480887,0.297243313672237,0.6283435706749095,0.038313409539647125,0.18686262720442928,3.8830034035555676,37.17855821010989,26.85297181547309,224.42720422179144,628.6191257199079,292.5402294155728,38.148177081154884,9.210264527644689e-05,89.99999509413352,0.0005527416865882453
r1600_c800,1600,800,2d,weibull,,0.7468522696918785,,,,0.1376006907804984,0.5867270329902005,9.999256971610054,196569.7911178138,,True,,15220,,178.63139229739699,,,0.1,3.5937764784404314,,,,,0.025902593119053713,0.16362313884561555,6.458585723433066,,,224.48227595948936,,,,7.501542653344813e-05,,0.0006736702930638832
r2000_c1200,2000,1200,3d,powerlaw,0.8116217517276588,nan,0.4709544499945772,0.20292024654916113,0.4308702180253264,0.2348608956540085,0.3033903731498027,,447299.46625978575,,True,60.291520182209915,27938,-0.08895445371092858,170.71879443577689,-177.96210444898642,154.97592208077376,0.1,4.0013038637496,0.16784207446128763,0.18376730851380466,0.07873673762690936,0.10597924469045426,0.06930338183499123,0.11819055793405098,,18.54846380972967,0.5148997319939655,3.5541928825014386,455.64922346550526,325.3158004696619,18.54846380972967,,60.291520182209915,
r2000_c1200,2000,1200,2d,powerlaw,,nan,,,,0.26869244432697664,0.3140615564630736,,381094.68918405764,,True,,15220,,171.14234946779712,,,0.1,5.003905762176673,,,,,0.05754332616157728,0.09358518233613451,,,,3.211342398852755,,,,,,
r2000_c1200,2000,1200,3d,weibull,0.8116025761603913,1.4288574642724532,0.4709775854176301,0.20293058693093263,0.43087100790791977,0.23486199262974056,0.30339505110740767,9.999955029102258,447299.4664098735,,True,60.291531705988795,27938,-0.08900174382474946,170.71879226645635,-177.962346156421,154.9764810200592,0.1,4.001303864420902,0.16912780056866603,0.1851377490014802,0.07791816859101937,0.09730956324127157,0.06943000908825704,0.11592436166399209,5.378273562786617,18.653416705924144,0.5038547082651315,3.5367881211352366,455.5275687548463,341.15209959158386,18.653416705924144,0.0004894968219462337,60.291531705988795,0.000851239941903598
r2000_c1200,2000,1200,2d,weibull,,0.3139879926135364,,,,0.2694671437780205,0.31403476570229794,9.999999389798873,381086.14474707807,,True,,15220,,171.13863128358443,,,0.1,5.003849666148172,,,,,0.057617813172253625,0.0900481355302011,5.576819748581725,,,3.196609605949464,,,,0.0006451321451380794,,0.0006715792092727586
r2000_c1600,2000,1600,3d,powerlaw,0.9959372851616302,nan,0.17850990375755837,0.167082278024006,0.9359832396242131,0.3232387128020859,0.304841138413527,,117113.19188424827,,True,73.94698661495534,27938,1.6569534870167066,172.54075571894063,172.7335411392152,174.87523569566866,0.1,2.0474120375265,0.03695356395813407,0.12789581577293832,0.08398618103915154,0.31623503158295,0.04813598641402355,0.12001378954112636,,2.6432420255744105,0.9521280099650771,3.524958395782582,1.766872671523072,473.317700445591,2.6432420255744105,,73.94698661495534,
r2000_c1600,2000,1600,2d,powerlaw,,nan,,,,0.3217759042430424,0.3311667406838715,,74886.97684102278,,True,,15220,,173.33546321790473,,,0.1,2.2181750860308487,,,,,0.0474435839244956,0.09135918285125559,,,,2.863773364210971,,,,,,
r2000_c1600,2000,1600,3d,weibull,0.9978059330952639,0.43042665248626905,0.1790299350840994,0.1729835381865236,0.9662268944311715,0.3388403875440483,0.3145559403078608,9.999999999999918,114546.1101749802,,True,74.02991325613468,27938,1.6858456600307514,172.4243190011337,172.6897515032283,166.45849311412894,0.1,2.024848414637857,0.03859394905080445,0.12814091851681447,0.08075545990301808,0.3269580905958064,0.054801972803009205,0.12200015565210418,6.669969002677606,2.4336365246014515,0.9676791698176109,3.4761456600158973,1.8296019545573434,435.698632705799,2.4336365246014515,0.00011271647588895443,74.02991325613468,0.0008882627249717425
r2000_c1600,2000,1600,2d,weibull,,0.2356997556655747,,,,0.3289180628757943,0.33036612966267076,9.999999999405922,74386.85737879675,,True,,15220,,173.24832070556553,,,0.1,2.2107558327615338,,,,,0.04536794302577214,0.08777370596306437,2.609405218038812,,,2.9265437081610486,,,,0.00011748428933414299,,0.0008781351392451708
r2000_c2000,2000,2000,3d,powerlaw,0.9176890123431329,nan,0.3100268328312916,0.12265370018464429,0.3956228532366719,0.23599334146108278,0.28810832082037735,,567514.0053752649,,True,46.50188081695858,27938,0.24380251537210018,176.33964006692804,172.203468562191,-173.4737577258152,0.1,4.507031935372077,0.07929783482013686,0.1312636049916227,0.05103994322102604,0.07558047709394117,0.047885507716642156,0.048229565455130505,,3.942456034399029,0.48551540678147065,2.438200811619825,3.005805771550013,5.4847854062646695,3.942456034399029,,46.50188081695858,
r2000_c2000,2000,2000,2d,powerlaw,,nan,,,,0.2816404285395265,0.30860646053579704,,538549.2585141398,,True,,15220,,176.60057879183893,,,0.1,5.948471565269626,,,,,0.0444641330991259,0.03728959799131607,,,,2.244604573746083,,,,,,
r2000_c2000,2000,2000,3d,weibull,0.9159332923953089,1.1142117027848437,0.31315846858328894,0.12363904789314639,0.39481304290598435,0.23839556127432393,0.28773433500956647,3.110125112767258,567487.0578347173,,True,46.52256803700826,27938,0.23170299193384558,176.35216549629746,172.18378218239133,-173.42401809423652,0.1,4.5069249293189495,0.08192122656753427,0.13575494830463086,0.05397065287276301,0.06877582083792094,0.041516436428350435,0.04248620156433605,9.627596714893112,4.005150592833127,0.47697621925947414,2.4668347550755647,2.953046365368657,5.4371648741817244,4.005150592833127,0.0003479347649709633,46.52256803700826,0.0009156393151656766
r2000_c2000,2000,2000,2d,weibull,,0.23665512103566438,,,,0.2954523696733135,0.3076418106990745,5.012879861547803,537677.5051331299,,True,,15220,,176.61224144965877,,,0.1,5.943655199534597,,,,,0.04905416025410181,0.03246044654012339,5.522257421153128,,,2.25025450759251,,,,0.0001261963131881201,,0.0008522986798882938
r2000_c2400,2000,2400,3d,powerlaw,0.9919787014504471,nan,0.13134937528219992,0.09646764271313114,0.7344354893647077,0.49853596920607923,0.5583157242632839,,1119963.9311194248,,True,61.102302128726194,27938,1.7212414024477587,8.153825784770634,176.5091144289957,63.865272763036394,0.1,6.331467203834594,0.010846173357112477,0.09167333087785728,0.07861226493392262,0.15611349645863637,0.05964020610762871,0.12333830690253866,,3.7754428820988886,0.6848401373831384,7.204930078625964,2.1388373609538176,181.69265875597404,3.7754428820988886,,61.102302128726194,
r2000_c2400,2000,2400,2d,powerlaw,,nan,,,,0.591938042937938,0.613171119661117,,951007.814283381,,True,,15220,,9.88313521461864,,,0.1,7.904687702019023,,,,,0.052854364229487534,0.11718579387961588,,,,7.147693967404526,,,,,,
r2000_c2400,2000,2400,3d,weibull,0.9858245984977365,0.20856007905456547,0.16218109541157105,0.11091297294298799,0.6838834863059801,0.979065225555083,0.5453596223430598,1.0000000058965848,1059650.6081296364,,True,61.767567779278245,27938,1.4390739776661885,10.159956987682818,175.69815718889134,62.38322538913224,0.1,6.158623989389312,0.014201729538321247,0.06418327915785565,0.05265706334250507,0.17086677677957404,0.18688858995203209,0.12357261331772802,0.19709324831792566,3.4431096567231454,0.46829502924501176,7.089554594958555,2.3432500654369677,243.99484666763934,3.4431096567231454,0.0011287067450892027,61.767567779278245,0.005319939249875818
r2000_c2400,2000,2400,2d,weibull,,0.06648990936655386,,,,0.9164261253529842,0.5617578257354969,1.3200727852519207,923181.371122707,,True,,15220,,9.92234170943182,,,0.1,7.788183758094653,,,,,0.09198399161394734,0.10779512451481224,0.43709678135343255,,,6.555531022554136,,,,0.0010066766011226174,,0.005397939511527453
r2000_c2800,2000,2800,3d,powerlaw,0.9811445461144787,nan,0.257874122519021,0.22036155568243734,0.8545314804364803,0.6055700061440672,0.4119178911871672,,263292.3489209388,,True,73.42417110154793,27938,1.1980817739973562,5.596370373304381,-175.56183007272006,-99.38141034670673,0.1,3.0698804491100775,0.01779446894302855,0.04223134800146463,0.0479117585118323,0.13593472148016492,0.034402880969701705,0.09512280489182955,,3.2147110106208134,0.23903741784959992,4.960209977871323,3.359413491634079,31.569145849349187,3.2147110106208134,,73.42417110154793,
r2000_c2800,2000,2800,2d,powerlaw,,nan,,,,0.724354823792196,0.47262840230497055,,140709.39439254452,,True,,15220,,7.005114844214135,,,0.1,3.0405645007275206,,,,,0.034754158047472124,0.10629784638026428,,,,4.8677862045776275,,,,,,
r2000_c2800,2000,2800,3d,weibull,0.9803362702979319,0.16353891427571163,0.20958450827480468,0.1573168328901188,0.7506128873029435,1.1483175031059654,0.4375765883124969,1.4922695253205929,86248.99140273598,,True,71.82359997440815,27938,1.2757630170759597,6.393818608543713,-177.740583468601,-105.30417512656298,0.1,1.7570307251441912,0.008326392864490805,0.029596168481557137,0.04264535583426601,0.130533292343685,0.1652858121783315,0.09514440808422638,0.6711081889771985,2.3136652774018374,0.17150492758388994,4.902565904693945,3.2822431063793616,22.12914731519009,2.3136652774018374,0.0007935062910771668,71.82359997440815,0.0118064379961919
r2000_c2800,2000,2800,2d,weibull,,0.08351927690604678,,,,1.0970431429659182,0.4313911398860799,1.7181969269400517,67895.09369572134,,True,,15220,,6.603591419756959,,,0.1,2.1120873224846437,,,,,0.06576343767274383,0.08600121976043207,0.3680230516477316,,,4.782313425966641,,,,0.0008084424488640819,,0.011794772775949265
r2000_c3200,2000,3200,3d,powerlaw,0.9824783888607826,nan,0.18325125258006847,0.12785075461296475,0.6976801130300736,0.6204829553369213,0.1854296552700382,,204218.68985875286,,True,84.13478216744582,27938,1.3369025308218907,0.452821185645676,-177.33552183119954,-51.63920427338486,0.1,2.7036476148312394,0.011835942981115366,0.05246096352988353,0.05150014370144738,0.1544844438796774,0.05026538821584445,0.045100346897726434,,1.9876638687036388,0.3205574641784133,321.17437342512335,2.320039398339711,17.904576007057738,1.9876638687036388,,84.13478216744582,
r2000_c3200,2000,3200,2d,powerlaw,,nan,,,,0.6887464700322854,0.2204485487400321,,80682.78029801718,,True,,15220,,0.697764280765241,,,0.1,2.3024123254307596,,,,,0.04296829491580596,0.051501398260342675,,,,270.4967388555565,,,,,,
r2000_c3200,2000,3200,3d,weibull,0.9756620968991878,0.2956717889106088,0.2096837202600362,0.14184151034112763,0.6764545676947402,0.8778372116953146,0.21762711406725307,1.000000000000001,165263.0095456046,,True,83.1659248562077,27938,1.1712649860584614,0.43647694154538597,-176.6967295074474,-55.436486552875415,0.1,2.43214897011735,0.01620919539577965,0.04846480493130835,0.050638388662686655,0.1766162313423563,0.12306773454010816,0.04928391960700221,1.7626780345056513e-11,1.8230145033875795,0.33794563100002567,321.14795687687297,2.0452514340667918,19.14811512683637,1.8230145033875795,0.0025953067191306356,83.1659248562077,0.010172744567609466
r2000_c3200,2000,3200,2d,weibull,,0.2904825932186833,,,,0.8598111421156611,0.2264776667606282,1.0000000000009515,68660.06155578722,,True,,15220,,0.7129511830080437,,,0.1,2.123952343674146,,,,,0.08934629033603253,0.04628935245880594,1.2199603438072798e-11,,,270.50751277018725,,,,0.0030260469105964764,,0.011402652011251626
r2000_c3600,2000,3600,3d,powerlaw,0.9999963998881108,nan,0.0021467614739351785,0.0010042293400724484,0.46778803899047944,0.6661591102675368,0.07188285099524011,,816140.5636206325,,True,85.75960185051599,27938,5.384054869834227,8.562194955557784,-168.1707498051867,-125.30395560914806,0.1,5.404864682061161,0.011154048335571917,0.135320372077864,0.07122713340569774,0.13945853102831843,0.0870547220542947,0.042594080212607514,,2.8974363720599086,5.6740874006444315,1.7818614551426266,2.526782294469345,6.685973289350121,2.8974363720599086,,94.24039814948401,
r2000_c3600,2000,3600,2d,powerlaw,,nan,,,,0.785357457783609,0.10671746686287444,,220515.56854856253,,True,,15220,,8.425289119895952,,,0.1,3.8063813952952184,,,,,0.09111970552624589,0.05419972016114249,,,,1.781891625742813,,,,,,
r2000_c3600,2000,3600,3d,weibull,0.98297822483543,0.8160246895300056,0.1360977891876996,0.0390745733543432,0.28710659877401395,0.8555460498778346,0.1180222094447766,9.999999999999998,556651.4589498441,,True,83.78747710994466,27938,0.7464799056015647,8.259477417172736,-163.83149398916768,-120.27967029120214,0.1,4.463689936093353,0.06756095569259589,0.2728048950497054,0.08291301092326314,0.04353238471089238,0.1083173333748715,0.05789161414960006,1.5696193042445208e-10,4.170071347676859,4.1023936545592985,1.915145063433263,4.412456840050515,3.9228715762406248,4.170071347676859,0.0035782137076451523,96.21252289005534,0.01245270117696802
r2000_c3600,2000,3600,2d,weibull,,0.5880186402794154,,,,0.8414873864735648,0.11590141988827925,3.924309786752032,209311.5066460307,,True,,15220,,8.436464827312268,,,0.1,3.708422656194905,,,,,0.0748777459617436,0.056086673784734274,2.095908330880639,,,1.7826543833635942,,,,0.0036537998966888934,,0.014432713253617316
r2000_c4000,2000,4000,3d,powerlaw,0.9546589164046736,nan,0.2287442485016464,0.08552481946747871,0.3738883929440663,0.5626200983563526,0.1940469559620331,,933553.282340243,,True,88.60136321894944,27938,0.4913527776146456,6.561697479308081,-175.0506626200329,-105.93545017060228,0.1,5.78058642435309,0.05404764657663912,0.1201982125445895,0.04228503109690722,0.07956234983348456,0.07403928749609259,0.08702639802360695,,1.5664438136750993,0.583067054292043,2.3489792484003336,3.9025787642654923,5.229285142788662,1.875015620093399,,88.60136321894944,
r2000_c4000,2000,4000,2d,powerlaw,,nan,,,,0.6327683106085613,0.24050818587656053,,834073.4468006033,,True,,15220,,6.670351859169349,,,0.1,7.402779633862525,,,,,0.09823199713982343,0.1082389631621192,,,,2.2951812013237434,,,,,,
r2000_c4000,2000,4000,3d,weibull,0.9143645802506846,0.3845664600750872,0.3047801805531587,0.08907895928368367,0.29227280829747665,0.7485158902076166,0.23925959307013595,1.0000000000002196,886655.0528870921,,True,87.79855451011326,27938,-0.04190315617001339,6.6595242260226515,-176.98545421452252,-105.62337644460656,0.1,5.633518050395801,0.09534964809271282,0.14721726548938577,0.037094258195773944,0.12559502826151078,0.15983984574031185,0.09374439395841605,7.48022087286877e-10,2.410376321039742,0.7480657629031664,2.256837417968599,6.4167135156374915,6.409511622333756,2.410376321039742,0.003352721226268485,87.79855451011326,0.009245889499633859
r2000_c4000,2000,4000,2d,weibull,,0.29969836893338003,,,,0.7720644776009691,0.24189499737704115,1.0086203564030105,825756.9216275197,,True,,15220,,6.714577728845628,,,0.1,7.365780710033362,,,,,0.08215960209732495,0.09566897313493151,0.5041424973572749,,,2.2510690700252964,,,,0.004474818242435495,,0.008403849838476451
r2000_c400,2000,400,3d,powerlaw,0.9389111418646369,nan,0.28226450302419376,0.14068957796873394,0.4984317066488343,0.03965433781859427,0.49798474994208514,,411823.74949913594,,True,2.6388131181713135,27938,0.5686219970007937,1.4315201517417375,-167.14566931018115,-11.441796626937801,0.1,3.8393529431705877,0.7260862626456057,0.854588973448243,0.44603761263061403,0.7732641889492013,0.040762783603586504,0.6180072953749446,,130.47585995180336,9.280935847895524,310.4435527098404,442.10916515953403,360.33448403555246,130.47585995180336,,2.6388131181713166,
r2000_c400,2000,400,2d,powerlaw,,nan,,,,0.0801093968254707,0.722616249465269,,329168.6257037468,,True,,15220,,1.4198523891967547,,,0.1,4.650524010035889,,,,,0.017540567901073292,0.30273298669338633,,,,324.16663946542496,,,,,,
r2000_c400,2000,400,3d,weibull,0.9998729200050248,7.467186218714429,0.01127297631396296,2.9051627875725476e-11,2.577103603042391e-09,0.07980914675757224,0.725458787646044,9.999999783919838,398038.84222254297,,True,89.99999989284862,27938,-15.291252809066865,1.5060510760250694,-179.73365840167878,-89.99999999791423,0.1,3.774549026442146,0.09260840506988256,0.3813918503214298,0.262487948026007,0.6253354930723686,0.03173110528400366,0.2700531121821803,0.020219822139555314,81.82215974561659,77.19542086941347,327.01803462161456,676.0066319085055,89.87361302406104,83.55869361945388,6.466220951861505e-05,90.00000010715138,0.0005202042223766774
r2000_c400,2000,400,2d,weibull,,0.7024132012598486,,,,0.0801092845713909,0.722606810684399,9.999999257717342,329168.62570384674,,True,,15220,,1.4200926952676713,,,0.1,4.650524010036595,,,,,0.017540606555396583,0.3027297841508824,0.3227347193208292,,,324.1667856209114,,,,3.367288221846804e-05,,0.0006009854681671045
r2000_c4400,2000,4400,3d,powerlaw,0.999850077527069,nan,0.012446224375785816,0.0022331090235691744,0.17942059825899473,0.44848671820952557,0.1841772883778096,,3525413.4125216575,,True,87.77727282217766,27938,2.668315446602749,9.677803267716827,-174.73893118877498,-94.30240676724452,0.1,11.233300317670496,0.13338099187530902,0.4312582166846812,0.09869496822453434,0.12109824765381513,0.06431884839395732,0.20998498794133721,,1.4042024539992948,5.095226674524105,3.6864753996485233,5.860421519461492,2.1608334678414254,1.4042024539992948,,87.77727282217766,
r2000_c4400,2000,4400,2d,powerlaw,,nan,,,,0.48484559530841903,0.21816080536966212,,2819250.381186979,,True,,15220,,9.680078789306716,,,0.1,13.61004301148384,,,,,0.029296145763099354,0.23978288955292745,,,,3.803827446633389,,,,,,
r2000_c4400,2000,4400,3d,weibull,0.9781159964888453,1.4478679266950654,0.15128400062426073,0.03202003470065863,0.21165512921743643,0.523996195417807,0.24069803300051545,9.999985989669621,3423836.7253288934,,True,87.59133829075012,27938,0.33579933194127953,9.667563777450146,-172.68324356616793,-92.5830778665208,0.1,11.070286650394461,0.10114288642640379,0.2782908492325981,0.07583111327567817,0.08658911496650677,0.05381202951686992,0.1955118995180569,0.0035522635873388893,2.830986333186382,1.9815132277288408,3.577565208886487,4.061057378653663,2.211412878307206,2.830986333186382,0.0015017020967150415,87.59133829075012,0.004605051517201606
r2000_c4400,2000,4400,2d,weibull,,1.3954448296640496,,,,0.48484540647474295,0.2181609281935441,9.999581931622956,2819250.3818285763,,True,,15220,,9.68008214432678,,,0.1,13.61004301303251,,,,,0.021512668034823067,0.2346222368263613,9.627386171168908,,,3.8092203557395177,,,,0.0035030679122732547,,0.005071627443516717
r2000_c4800,2000,4800,3d,powerlaw,0.7744362567608488,nan,0.548607141275983,0.31203999601427873,0.5687858807096781,0.3034824445368385,0.4926590480955987,,248102.0410111316,,True,87.96813571609502,27938,0.03612145954552659,11.797826471277604,-169.65805861919665,-110.23101921894543,0.1,2.9800085628789437,0.15276320073551009,0.13279889925234828,0.06503734832607606,0.10699529660800065,0.026941129062604822,0.12951323402095913,,5.432526740265679,0.37083852939301776,8.146931273564057,11.238548479989458,13.913278121652013,5.704453486439384,,87.96813571609502,
r2000_c4800,2000,4800,2d,powerlaw,,nan,,,,0.24222240368520312,0.4235190693028597,,35049.53957635003,,True,,15220,,11.623265702024877,,,0.1,1.517517934575258,,,,,0.027066080599627406,0.12086192051169428,,,,7.503163181708955,,,,,,
r2000_c4800,2000,4800,3d,weibull,0.7722000088711495,0.26637250793845013,0.5498591284865186,0.31070236745657653,0.5650581237266743,0.3060584468826754,0.4970853692621879,9.999999999999913,247649.49362731722,,True,87.92085676792614,27938,0.02726648431270151,11.812153957319522,-169.67917275575948,-109.35841851092334,0.1,2.9772894989671284,0.3974149416005026,0.9743771918222487,0.5881902392379756,1.0950646355723628,0.12332305211637157,0.12367832377699162,6.007899075891712,6.627390984199106,54.643947976778996,7.490660750248804,663.120328000352,182.86261314538473,6.627566452540948,0.001157574062455556,87.92085676792614,0.0009181132463557179
r2000_c4800,2000,4800,2d,weibull,,0.7041561351691112,,,,0.24222301558379364,0.4235350389164639,7.069177793392305,35049.538652402145,,True,,15220,,11.622362493848508,,,0.1,1.517517914573462,,,,,0.024665540628133392,0.11512519675892985,4.372241522123115,,,7.455727170354965,,,,0.0005892363275022707,,0.0010459842746612896
r2000_c5200,2000,5200,3d,powerlaw,0.9696915956627379,nan,0.18913100813273515,0.07505236039964511,0.3968273692432928,0.31916086627527956,0.4261951419441269,,690046.6719330652,,True,78.64862023141019,27938,0.7410614082841498,6.738598574868482,174.89189883420528,78.42701655663868,0.1,4.969830491756903,0.29463376335310104,0.47060529807503726,0.1592914440817967,0.10981413796973112,0.025565491483398383,0.19454093171945278,,3.8904525186911227,1.7651158894675987,4.533743676870257,6.2883349563395905,168.065082517444,3.8904525186911227,,78.64862023141019,
r2000_c5200,2000,5200,2d,powerlaw,,nan,,,,0.17610874525983483,0.21985622272788177,,128451.91051751352,,True,,15220,,6.237685385463279,,,0.1,2.905112518685458,,,,,0.03987853765185129,0.15153404257544584,,,,4.062882477346755,,,,,,
r2000_c5200,2000,5200,3d,weibull,0.9696484853740587,5.410375085572535,0.1892619241518053,0.07509817462697078,0.3967949441681424,0.31915780794036763,0.42617551475997717,9.999999999999998,690046.6732092539,,True,78.64986126595323,27938,0.74028773607797,6.7377649184160555,174.8889916884556,78.4241640568266,0.1,4.969830496352564,0.2958627670910454,0.4717279267608468,0.15960564404961813,0.10990693790040154,0.0255498635857235,0.19455485998237837,0.0,3.9212734761235266,1.7673714756142136,4.532941250332736,6.3023634976825145,168.07590443690287,3.9212734761235266,0.0003024035918436193,78.64986126595323,0.0015907318318000734
r2000_c5200,2000,5200,2d,weibull,,1.8661354716448206,,,,0.17610818104067305,0.21985283905489925,9.999999999999416,128451.9105861609,,True,,15220,,6.237671172960671,,,0.1,2.9051125194617344,,,,,0.039876814178373396,0.1515359569596076,1.7377211277076023,,,4.06321280720483,,,,0.00014724618630498846,,0.0008985472706786228
r2000_c5600,2000,5600,3d,powerlaw,0.8733911870465302,nan,0.40483698847319594,0.2066131038799298,0.5103612312184007,0.1887173669884275,0.349653572709896,,190937.53493197812,,True,89.323989220339,20323,0.2316342830158602,176.707569091338,177.23830147114276,-110.35193621921107,0.1,3.0651501027499197,0.1213597987366332,0.1209453479654058,0.06474635528045751,0.22314354457873534,0.060044519983392726,0.17677785059024856,,4.808446327560625,0.7560744106888043,164.72349129812383,329.8230635337416,25.16373585032955,6.154247446201407,,90.676010779661,
r2000_c5600,2000,5600,2d,powerlaw,,nan,,,,0.13228328166010997,0.2652017626090587,,145467.54653999122,,True,,12176,,176.32972054001743,,,0.1,3.4564536485971753,,,,,0.04880540478775614,0.11362247737953092,,,,3.7068142316490618,,,,,,
r2000_c5600,2000,5600,3d,weibull,0.8733774109792779,1.6375432033433595,0.40485166233151154,0.2066094831341395,0.5103337897744827,0.1887167427366796,0.3496525962294375,9.999999999999353,190937.53471104003,,True,89.32499875896217,20323,0.231544267220545,176.7075594550435,177.23756878662437,-110.35336655019019,0.1,3.0651501009765427,0.1276422195719486,0.37290468148103867,0.201084364222728,0.5042742342579207,0.09600017542035517,0.12404521321731833,6.396906251902542,4.835960197762024,23.534766374003976,164.73161488992304,452.96714827463165,29.989773338781923,6.013788330194647,0.0004215430142505228,90.67500124103783,0.0011162352746604343
r2000_c5600,2000,5600,2d,weibull,,0.24764536409480273,,,,0.1401332457782273,0.26807920717634354,9.999999999999998,145062.90523881488,,True,,12176,,176.2184080521983,,,0.1,3.451642960872057,,,,,0.0565505206620804,0.10764346648721705,2.9126766474314048,,,3.707848102628217,,,,0.00014172679213468546,,0.0007226596448663377
r2000_c800,2000,800,3d,powerlaw,0.6273909669605463,nan,0.6807337425767562,0.38040693948270754,0.5588189855886492,0.11626374083503616,0.4277391254774581,,202045.8415559256,,True,61.57012420431983,27938,-0.19734564718591052,176.6457101349698,177.70831686017686,177.34830541399867,0.1,2.689226001354293,0.1743563903223735,0.14694362639838757,0.21076589533815712,0.25284999520894585,0.018364290577529172,0.2590637789908099,,32.49592185989346,0.46436286600053156,5.131376769796172,334.1660472226756,364.49459395318786,32.49592185989346,,61.57012420431983,
r2000_c800,2000,800,2d,powerlaw,,nan,,,,0.13311963951532696,0.4407481846091295,,152238.47017346704,,True,,15220,,175.58234166923367,,,0.1,3.1626772846224274,,,,,0.021020168737723288,0.2446791239976764,,,,4.304088468718956,,,,,,
r2000_c800,2000,800,3d,weibull,0.639231329997612,0.4598833807997997,0.6716762249845191,0.3760172924324522,0.5598192677448405,0.12782383638985986,0.420613462974369,1.0000000000000924,201993.81235630834,,True,63.12642470897733,27938,-0.18216242088885837,176.36520426291995,177.56263569270365,176.82435320492908,0.1,2.6888797252711605,0.20358159603171605,0.1608764132340122,0.2027017995408445,0.2653612418143761,0.04239228495659262,0.2388470162576901,8.437499989228685,31.371443910285905,0.5403533874089135,4.602565260172834,334.5593032267666,11.110846780127709,31.371443910285905,0.00012631561485983733,63.12642470897733,0.000514314985864882
r2000_c800,2000,800,2d,weibull,,0.1816293399867241,,,,0.13596909945195976,0.4338929069243031,8.752877644174156,152163.91668514928,,True,,15220,,175.21691628398167,,,0.1,3.161902784267457,,,,,0.022407239219480405,0.23346841549267972,3.2367536665528194,,,3.8279829027361796,,,,2.391500159501118e-05,,0.00045731024239105883
r2400_c1200,2400,1200,3d,powerlaw,0.9509057077952471,nan,0.2368377892919737,0.08578541774865461,0.3622116977409307,0.587336105781736,0.16191647542431947,,585601.8205858928,,True,71.18895698457662,27938,0.4248533678494857,175.72775401645356,-176.7388339438422,-25.31236634509438,0.1,4.578292679064488,0.19507059116907371,0.34949972778503047,0.13915680680169004,0.0556843714764288,0.0655271186391391,0.1460913054866638,,14.855734079736507,1.135650061418822,1.7397396805882464,4.746364200559939,7.3215665062030055,14.855734079736507,,71.18895698457662,
r2400_c1200,2400,1200,2d,powerlaw,,nan,,,,0.6688688779439498,0.19652559727894295,,451167.1658709122,,True,,15220,,175.51702603669108,,,0.1,5.444542807054813,,,,,0.06823315542704278,0.14711051333079633,,,,1.3762333770109392,,,,,,
r2400_c1200,2400,1200,3d,weibull,0.9116860372429773,0.34503727599662154,0.31522493079785135,0.11010660980200672,0.34929537306367536,0.8565761332036479,0.18414611007008536,1.0000000000003924,544313.450144978,,True,69.27566335156605,27938,0.10263145538764729,175.47682243427641,-175.55815502581072,-26.812031943386806,0.1,4.413944584926696,0.19397050671418384,0.28925400597296513,0.11131379036309147,0.048849220642787565,0.07706377519839866,0.11859215062189618,0.07256693271114348,13.207403219815516,0.7697321606455076,1.6254936391572667,4.237765127530239,7.4945117642452965,13.207403219815516,0.009480527537770093,69.27566335156605,0.02394570738409757
r2400_c1200,2400,1200,2d,weibull,,0.2601162642321666,,,,0.8381425805983086,0.2075859162641077,1.4115854394416196,430009.7556589317,,True,,15220,,175.43250659473708,,,0.1,5.315349525859855,,,,,0.15300708613135183,0.12423570451422694,1.3096433428281555,,,1.3013106339554235,,,,0.009073183546375733,,0.02505567371949665
r2400_c1600,2400,1600,3d,powerlaw,0.8201293502287254,nan,0.4437352992449515,0.14410226723935535,0.324748262048469,0.6111167263509099,0.18840200556791226,,114438.28218368412,,True,66.7368956405296,27938,-0.3121779079022291,6.303452962001689,-169.4316382023688,-11.55452822456587,0.1,2.02389514462462,0.33282163399641645,0.3370305901006279,0.13138481556840995,0.052475450062289604,0.04326193048137424,0.12949772162063297,,16.866764180748117,0.6058492976294795,1.1049158815706197,4.540115533149993,3.492621050346078,16.866764180748117,,66.7368956405296,
r2400_c1600,2400,1600,2d,powerlaw,,nan,,,,0.6580690670796401,0.2225436323868333,,51293.18444591047,,True,,15220,,6.1908303707665935,,,0.1,1.8357879080900164,,,,,0.043296090344350044,0.11774012646452178,,,,1.3717122652308804,,,,,,
r2400_c1600,2400,1600,3d,weibull,0.820132627279465,2.356971877959861,0.44373140211280854,0.1441012113568649,0.32474873464157145,0.6111165007696552,0.18840164090378023,9.999972460543967,114438.28259666465,,True,66.73683220939385,27938,-0.3121676700443154,6.303456748413514,-169.43161943564027,-11.55454465010271,0.1,2.0238951482764977,0.3402106183931694,0.3428475326760708,0.12942168708704727,0.049388821664250876,0.08455569402480248,0.12592498563178903,15.091385715843785,16.717732010399047,0.6328525343428784,1.103531179768574,4.418741448196453,3.4067407087551347,16.717732010399047,0.04198312537077827,66.73683220939385,0.04103847462301797
r2400_c1600,2400,1600,2d,weibull,,0.8097833571572722,,,,0.7132397993820095,0.22498673973893446,1.0000000000000198,49909.99331793723,,True,,15220,,6.1910771128057815,,,0.1,1.810866479315675,,,,,0.15285913907102164,0.11177546887643455,11.527592484647029,,,1.374816709515331,,,,0.0688759983287571,,0.035591867241725854
r2400_c2000,2400,2000,3d,powerlaw,0.9732988682920004,nan,0.17200847580321338,0.05445136916015551,0.31656212815030527,0.6142240431954917,0.15658086130488402,,97229.0248223618,,True,62.65276247034521,27938,0.6099757662687257,14.230043336540646,-170.10354332865094,10.170072815777548,0.1,1.8655217140907827,0.3090545244524323,0.5282553867080251,0.18081767110945418,0.07772726477738898,0.09467276350690174,0.15366569143102277,,21.237162018827657,2.076567578409429,1.8832968255829268,3.308849041761994,2.2475365591793044,21.237162018827657,,62.65276247034521,
r2400_c2000,2400,2000,2d,powerlaw,,nan,,,,0.6464218039482605,0.1878912600882175,,60532.04003110865,,True,,15220,,14.02702840541983,,,0.1,1.994276304424952,,,,,0.06936265722937326,0.17123162482120163,,,,1.8540234444108643,,,,,,
r2400_c2000,2400,2000,3d,weibull,0.9515285458006426,0.8897884989433277,0.2312334869734283,0.07247099823783246,0.3134104804039923,0.7300855963493909,0.1649269087661813,1.4159644269490772,79554.3922808312,,True,61.70336271991942,27938,0.304085804185116,14.192285157752444,-170.24270952296703,10.038370368375242,0.1,1.6874636436384605,0.333821650551837,0.5131092519717599,0.1700038499355163,0.06621162350281068,0.08688296231528866,0.13946922777002774,2.255489081800006,19.49396806853344,1.7182310746215763,1.8370994886765293,3.0016801599952614,2.547592324691752,19.49396806853344,0.004555604797500809,61.70336271991942,0.014586504961025258
r2400_c2000,2400,2000,2d,weibull,,0.2617277304777839,,,,0.8226953818147011,0.20072985572976024,1.3357317009437062,40179.61288709938,,True,,15220,,14.00006327727212,,,0.1,1.6247836788614574,,,,,0.16142184927419348,0.14722359673026456,1.240156943893312,,,1.786066985857134,,,,0.004005424194113047,,0.013657827013015194
r2400_c2400,2400,2400,3d,powerlaw,0.9167979171458601,nan,0.359758026217827,0.22454107645140475,0.624144730868212,0.5022928072771685,0.8113218937034464,,254387.35392500364,,True,61.97705452556373,27938,0.5509506259077668,176.53518471369512,-177.54559316686337,-87.247722484544,0.1,3.017519619142173,0.10789664282865676,0.18430030001817255,0.13308549198264796,0.21415082964331678,0.0696217143274906,0.24417125775184467,,3.118337115726742,0.5943939792024215,290.49633271590056,330.1327688772664,167.88430441524432,3.118337115726742,,61.97705452556373,
r2400_c2400,2400,2400,2d,powerlaw,,nan,,,,0.5822564359852169,0.9007170883402986,,133137.58897094263,,True,,15220,,173.8588543917628,,,0.1,2.9576243815471424,,,,,0.06298019313003118,0.18559352357589728,,,,233.85125236902147,,,,,,
r2400_c2400,2400,2400,3d,weibull,0.939255119299712,0.12988554489587356,0.28994098402582436,0.15757263864346815,0.543464523212881,0.9853087707214078,0.8680581593097324,1.0000000000001676,191161.00076968782,,True,62.852560348143264,27938,0.6282870308417925,171.20609509557323,-178.43034014114045,-87.67424454573023,0.1,2.6157846760232766,0.06010667194842658,0.11426961113337547,0.06767630090160304,0.179983464393691,0.1474719166641949,0.208430106094529,2.381564289172587e-10,2.7534122409367665,0.5743664851578884,167.7071895559451,455.0796694537244,228.59482546222284,2.7534122409367665,0.0017365162483214428,62.852560348143264,0.007506008110311028
r2400_c2400,2400,2400,2d,weibull,,0.05000000000000001,,,,1.0158638646742553,0.8706109353715189,1.0000000000006914,113920.69911447547,,True,,15220,,170.45080651759454,,,0.1,2.7358607857118797,,,,,0.09177001981252722,0.18458474678304843,2.2054066753049086e-09,,,164.68263391621917,,,,0.0017175001150313502,,0.007384934804421396
r2400_c2800,2400,2800,3d,powerlaw,0.9645736536465803,nan,0.2693321640080423,0.19615440823194802,0.7282992321187856,0.4557786655612733,0.44578505343128016,,1097856.5332379858,,True,60.14402150525776,27938,0.9947665685866465,157.65106579349816,166.1476672138694,148.59076560673716,0.1,6.268666114890404,0.02978201770984129,0.06397621975206726,0.046489586676612044,0.16130246838891518,0.026090784639402287,0.0837257405651319,,4.078608819631784,0.3961268198431293,4.376657453415364,3.0753352557414857,5.561489937233953,4.078608819631784,,60.14402150525776,
r2400_c2800,2400,2800,2d,powerlaw,,nan,,,,0.5795088243389529,0.5265033359274512,,975852.2582039961,,True,,15220,,157.67673323201893,,,0.1,8.007274362750891,,,,,0.025434441023272723,0.09935722954828548,,,,4.8940302111400795,,,,,,
r2400_c2800,2400,2800,3d,weibull,0.9718571720490935,0.10694263449115089,0.23826042072779882,0.17162203365128584,0.7203128120358515,1.104929222814742,0.45431031174227426,1.0000000032906617,1014831.2465371088,,True,60.43358129233499,27938,1.1063212986156294,156.77513649719435,166.94157959021854,141.80888272923193,0.1,6.026973179236791,0.029280226294770027,0.05982935638924214,0.02017275306819196,0.1826601042484122,0.12575945678270253,0.08706835803803545,0.2303794089225709,2.6241269717634084,0.49011104960753715,4.362179817511487,3.402481761574335,7.4939507397558565,2.6241269717634084,0.0008913506077133159,60.43358129233499,0.009481974114629735
r2400_c2800,2400,2800,2d,weibull,,0.051855151058655326,,,,1.098607940380534,0.48151328258197,1.0000000000000815,934893.47549705,,True,,15220,,157.40899364232067,,,0.1,7.837431141974634,,,,,0.07627712538319333,0.08503901759085512,9.490834961124889e-08,,,4.379574576386016,,,,0.0010265815741481727,,0.010974710852027015
r2400_c3200,2400,3200,3d,powerlaw,0.9195375242837032,nan,0.3029464411609511,0.11092379306081439,0.3661498469357565,0.6120822699050069,0.15604523479490634,,322464.3474511053,,True,73.40242907246473,27938,0.1894866394298953,171.78415968169995,175.86640790104872,164.1174588854097,0.1,3.3973727255681614,0.08574553038232278,0.16900063183929806,0.11416398698192727,0.14490698591940104,0.06213390054754472,0.09323933462773429,,5.9242776862870965,0.31067942799527365,2.710808049502892,1.6050490056981979,4.373296502194545,5.9242776862870965,,73.40242907246473,
r2400_c3200,2400,3200,2d,powerlaw,,nan,,,,0.6443429270100703,0.17636093236643938,,228320.98843033664,,True,,15220,,172.32744470051816,,,0.1,3.8731613706773524,,,,,0.049269621712366804,0.09654451107479362,,,,2.528629565625175,,,,,,
r2400_c3200,2400,3200,3d,weibull,0.8723622106909331,0.3597364108209164,0.37764455659167034,0.1310306839736951,0.3469682845591034,0.7737831533924014,0.17262561236999377,1.9808540965550776,274693.2700357756,,True,71.60637965890753,27938,-0.08472004995363891,171.78236363590364,176.29165424880432,164.45397306657233,0.1,3.1356411354335805,0.10098288850038918,0.15617756544673767,0.10066228532499254,0.11344526499232344,0.274233277039713,0.0859404389817109,2.159042179576821,5.140940270114717,0.248786000100603,2.5875742848769643,1.57864325395126,4.348556504005927,5.140940270114717,0.005968985469528401,71.60637965890753,0.022524788449587083
r2400_c3200,2400,3200,2d,weibull,,0.24751140716242087,,,,0.8026271457185056,0.19300148282995183,2.442953129007213,191836.1286686113,,True,,15220,,172.31464541427619,,,0.1,3.550241322409836,,,,,0.11467694001738563,0.08230519158281933,1.8121619018528174,,,2.4086089906281365,,,,0.006073079809024169,,0.021570594521150906
r2400_c3600,2400,3600,3d,powerlaw,0.988795358812763,nan,0.18502385102659621,0.1526110806762426,0.8248184211359083,0.46340440206254435,0.15586976848306866,,511036.5827583275,,True,87.96638007678385,27938,1.494678525280885,7.97375557569312,-171.92754355959096,171.44406647899078,0.1,4.2768925425192235,0.018194044356498542,0.09759466738426277,0.06219942783038473,0.17249515179810554,0.02587177697000794,0.064022849548595,,3.086185560710075,0.7792176947330461,1.416613593751757,1.441508020878718,371.0475753347378,3.086185560710075,,87.96638007678385,
r2400_c3600,2400,3600,2d,powerlaw,,nan,,,,0.5130084335612801,0.19576393660218092,,305744.1109462888,,True,,15220,,8.135437931620826,,,0.1,4.481998678216019,,,,,0.026110469511333445,0.060026220170279636,,,,1.409639402145241,,,,,,
r2400_c3600,2400,3600,3d,weibull,0.9734917867027382,0.09708323193642707,0.26250959486674347,0.20870484229898645,0.795037005808989,1.0369908424512095,0.21221067499330903,1.0,402021.44304113684,,True,87.46951673925253,27938,1.108101028521423,8.014611742418635,-171.8502793987156,172.01029208158914,0.1,3.7933852620119817,0.04607363350552094,0.300978266605185,0.26924829776000186,0.9995316427358772,0.21583346887856103,0.040996349671577274,1.0543096002116539,4.543815547751922,50.89134879456335,1.2175184196930948,436.4474638582405,447.01624091950674,5.329742257225626,0.00296400877409626,87.46951673925253,0.010126850002986562
r2400_c3600,2400,3600,2d,weibull,,0.1299805276316342,,,,0.8688941566244084,0.21593573727381862,1.6632501528877748,229140.6718087612,,True,,15220,,8.12492306136845,,,0.1,3.880107560188355,,,,,0.0539655291701101,0.042861529787559166,0.5509410065542689,,,1.283077550179585,,,,0.0019919084757439006,,0.0093836891609931
r2400_c4000,2400,4000,3d,powerlaw,0.9975636498645409,nan,0.11031234877033307,0.09877364910341435,0.8953997463063548,0.5684052776609229,0.1099260058112219,,658137.1117727879,,True,89.37466435648834,27938,2.093954386270683,14.420017562245846,-165.5390855418211,-73.91335274678413,0.1,4.853561466391334,0.0026635717808013546,0.019972618652571012,0.016524410332692672,0.09194704728301666,0.04874207369632611,0.02030039388572529,,1.3413428343601246,0.23596520330623513,1.4305676682628357,1.4414844372541789,208.99571319995434,1.3713348417911586,,89.37466435648834,
r2400_c4000,2400,4000,2d,powerlaw,,nan,,,,0.6039998617905145,0.11904733382725448,,489636.8508974039,,True,,15220,,14.326961552571142,,,0.1,5.671915104488364,,,,,0.041479763888884656,0.020510531196138,,,,1.4470141263906915,,,,,,
r2400_c4000,2400,4000,3d,weibull,0.9967993931997838,0.22353883869443691,0.16201498351991295,0.15206003198070459,0.9385553649241041,0.949009650022787,0.15690286215197033,1.0000000000487042,592317.1390881307,,True,89.24936163038791,27938,1.756653025460702,14.408547994680946,-165.54315904196923,-42.53824266094834,0.1,4.6044683618961155,0.004789640039788133,0.026293267569566015,0.02222904191951778,0.07786775883957595,0.06528964747154807,0.019523200847932486,0.33305923574701224,1.898893013222281,0.20767170431213977,1.4380684645871311,1.4700518305893377,404.77348171906493,2.0973394237764214,0.0018568851755022065,89.24936163038791,0.009295552970824432
r2400_c4000,2400,4000,2d,weibull,,0.22718439323874617,,,,0.8830515880965815,0.15557611014540323,2.23539623592275,406008.17123675847,,True,,15220,,14.382445325770496,,,0.1,5.164877921557922,,,,,0.04394338656325618,0.01939967562076297,0.6480078294748125,,,1.4369083019520847,,,,0.0008648720408994857,,0.007635705052086307
r2400_c400,2400,400,3d,powerlaw,0.9772783457089614,nan,0.1662039273603361,0.07082417992153908,0.42612819712731403,0.3426756560492368,0.08228955717153857,,899623.9194320773,,True,85.87836613575185,27938,0.9415247207530046,166.44348027086411,167.7344917523229,158.6398481645872,0.1,5.6745684685676885,0.05780208973012924,0.16748981855322023,0.060900183479377396,0.09445066452996043,0.0539478455384422,0.0596546903883597,,2.9777956942828254,1.0370988003665116,0.7399785528124283,1.027830145683754,7.579506660735566,2.9777956942828254,,85.87836613575185,
r2400_c400,2400,400,2d,powerlaw,,nan,,,,0.41013539014373296,0.12272267816709093,,707081.7769805886,,True,,15220,,166.58541031865627,,,0.1,6.81596726726845,,,,,0.041439955534907744,0.07756423062846712,,,,0.699430453001679,,,,,,
r2400_c400,2400,400,3d,weibull,0.9144663312916883,0.232930284533083,0.3145302312348796,0.12103115762133013,0.3847997604114197,0.5762899379814705,0.13706114389373167,1.363982548874721,858935.5178270012,,True,84.43332192426472,27938,0.20164289988591033,166.41860685456928,168.52441671961472,155.78957091081918,0.1,5.544758358875709,0.10591905415374213,0.16999497858166235,0.0585153180103498,0.07061399230768707,0.10483091623193813,0.0645552895394718,0.8636495024576113,3.9971929216968896,0.6115204934884587,0.6741763079504529,1.6262705039185366,9.341758884469252,3.9971929216968896,0.0006551108690819562,84.43332192426472,0.0028643977631850784
r2400_c400,2400,400,2d,weibull,,0.2686840864898694,,,,0.5364038908861547,0.154998682456994,4.658555322934175,676918.4669521936,,True,,15220,,166.5483677445214,,,0.1,6.6690021109503554,,,,,0.0649567285459177,0.06724274135151628,3.464754605664506,,,0.5989997013505998,,,,0.0006497857490953718,,0.002888902179612234
r2400_c4400,2400,4400,3d,powerlaw,0.9838658570174555,nan,0.1382868929112752,0.05511932098957434,0.39858673392089927,0.7029056177479728,0.13875415414649803,,2383802.305952035,,True,89.36629026012834,27938,1.0585946642375346,12.798135361881219,-167.45831011127967,-85.55007432434952,0.1,9.237138624693035,0.022570841700556697,0.09804531233364644,0.0655996636815194,0.15437258678831456,0.04472772909079261,0.10519808889425161,,1.4248118195209691,0.35263271493668497,2.302641357491918,2.3640507942108075,4.967362304275483,1.4248118195209691,,90.63370973987166,
r2400_c4400,2400,4400,2d,powerlaw,,nan,,,,0.7222809523168358,0.1480886926236472,,1837671.5427819537,,True,,15220,,12.77361773394482,,,0.1,10.988201601135557,,,,,0.05003351529929167,0.10583332024319386,,,,2.30167005653511,,,,,,
r2400_c4400,2400,4400,3d,weibull,0.9799718776781075,2.0568391883716055,0.1529059718722234,0.05848608859662196,0.382497085499683,0.7641760435648824,0.15292684619594954,1.0000000000036875,2376054.703049112,,True,89.32349569709604,27938,0.9168978640843004,12.806805347304618,-167.50922579084866,-85.32575907356716,0.1,9.222115582410856,0.07473183840719848,0.345186079816559,0.14148126242740713,0.7569675400343046,0.23724225640145277,0.10292585942077676,0.4634933309948875,2.1538023315546226,95.45492756732888,2.324092957048837,607.0134338606175,9.925986927369204,2.2224021479009797,0.03678277482462905,90.67650430290396,0.03006578369702177
r2400_c4400,2400,4400,2d,weibull,,0.35619670160473266,,,,0.827897591542217,0.16237670943904936,2.837333484752553,1815023.8014632366,,True,,15220,,12.830771914669295,,,0.1,10.920281561086501,,,,,0.039331007276992916,0.09872358893725751,1.0954770375849543,,,2.3484980036021126,,,,0.001158791735631136,,0.008967842249782742
r2400_c4800,2400,4800,3d,powerlaw,0.9833329376603553,nan,0.21840745424362742,0.17765353698707678,0.8134041834895857,0.4919415903966125,0.2183875754286212,,510327.702169145,,True,89.73504097536755,27938,1.3148657622326247,8.988080844703612,-171.0061695300219,-87.68038153782467,0.1,4.273925183308167,0.01825776740338762,0.03750307655508473,0.029178838829323744,0.17231408803768328,0.03409380685158039,0.03673030876360216,,1.4134646138560782,0.3531214669979614,1.4348044896517531,1.5869000841687484,26.856168501093514,2.7145983605111788,,89.73504097536755,
r2400_c4800,2400,4800,2d,powerlaw,,nan,,,,0.5079813994841146,0.21563660918237185,,432775.78576992993,,True,,15220,,8.787503692312011,,,0.1,5.33241756806722,,,,,0.023430164817156065,0.02870527238754119,,,,1.3172397929803665,,,,,,
r2400_c4800,2400,4800,3d,weibull,0.9814336060831427,0.2691686815601903,0.2395998062035019,0.1989383458851794,0.8302942687533433,0.6655039676272917,0.23912061983037555,1.0000000000003133,493544.3862492283,,True,89.86009033232015,27938,1.242810121215129,9.051543606307883,-170.9548221105106,-95.5116635096395,0.1,4.2030586642416985,0.06333533461096437,0.38264928435945395,0.35298621598969154,1.4479560612145386,0.14119291480225665,0.03195521089896662,2.4945248445040518,3.4191929524659312,13.120352104459764,1.1477269132774222,599.08535133146,27.822726921797784,5.201077730329999,0.0028097327161609132,89.86009033232015,0.004644353807826289
r2400_c4800,2400,4800,2d,weibull,,0.1631956096205593,,,,0.7366189466401565,0.22691136961647093,1.381339597380751,402250.4709662517,,True,,15220,,8.98453500393088,,,0.1,5.140921287063245,,,,,0.06162434751124089,0.022652780073778894,0.518344124462867,,,1.1857744541927369,,,,0.0004701544599466565,,0.003571188857379093
r2400_c5200,2400,5200,3d,powerlaw,0.9892053484371442,nan,0.15866312280796238,0.12056636643874445,0.7598890296938863,0.46662267206364566,0.1334339096326858,,708859.8023838028,,True,88.21714947745551,27938,1.566389178988743,5.990813452097877,-173.58023402574514,-143.76789788489964,0.1,5.037122562299957,0.005628466916094571,0.036656340154854694,0.029023271525615,0.0496762988429531,0.04403990323299228,0.03020677591403975,,1.9204296146076612,0.23449977220453833,1.1060609183447203,1.1814301341438906,23.730463022808546,1.9204296146076612,,91.78285052254449,
r2400_c5200,2400,5200,2d,powerlaw,,nan,,,,0.47942097733460315,0.15345762095259144,,489713.6155397902,,True,,15220,,6.070707880921539,,,0.1,5.672359704879161,,,,,0.045666559522624946,0.031017933243081403,,,,1.1372886350291045,,,,,,
r2400_c5200,2400,5200,3d,weibull,0.9778159834977451,0.30703198804529075,0.21038961454006275,0.1502687729264512,0.7142404498195264,0.5830739500129328,0.1779134553758474,9.999999999700611,646889.313699509,,True,86.8916172231453,27938,1.222258551006032,5.9793817309814425,-173.00551359188574,-137.0029450152389,0.1,4.8119081834333075,0.011120660446868057,0.042925990639176674,0.029919902573228147,0.05445468855273709,0.05645884386273946,0.03180152867456093,4.384151687289443,2.08422781933991,0.2294079750838026,1.0927285709503651,1.3631790833824882,21.25195547072316,2.08422781933991,0.0004021755554053106,93.1083827768547,0.0029011308696653484
r2400_c5200,2400,5200,2d,weibull,,0.28376043852674143,,,,0.5737189425821347,0.17395046643036838,4.782272060437889,466278.50648119394,,True,,15220,,6.096521980999026,,,0.1,5.534971285159689,,,,,0.04825036771046013,0.028953124044852528,2.497842103654245,,,1.1331318123999716,,,,0.0004655896147115683,,0.0028088162793833953
r2400_c5600,2400,5600,3d,powerlaw,0.9999937825444466,nan,0.0028182874407010456,0.0013135064795737352,0.46606547671624365,0.5497362978864704,0.24984711252465808,,558741.3694968852,,True,82.51684993080667,12001,5.108196722287204,3.052393317196729,178.58231368815277,-79.84091797194206,0.1,6.823335032542853,0.01997880667311799,0.15680490662822066,0.08100140041857476,0.11398005004030395,0.07993458948277526,0.07454481917437462,,2.91716831062429,4.099821583187982,2.506330163447576,458.7456603792828,230.51691967154406,2.91716831062429,,97.48315006919333,
r2400_c5600,2400,5600,2d,powerlaw,,nan,,,,0.5083520607675401,0.22948962702739958,,539462.3069880423,,True,,9132,,2.9052952371546183,,,0.1,7.685950820284448,,,,,0.057807005555732136,0.06061126167225365,,,,2.4731218251997777,,,,,,
r2400_c5600,2400,5600,3d,weibull,0.999916771338336,20.47146306362403,0.010311342853985208,0.0048059392552574675,0.4660827714985765,0.5497599826973757,0.2498833248952156,9.999999999999998,558746.4565123497,,True,82.5206098609025,12001,3.8111187023278457,3.052156419451668,178.5842171877816,-79.83977853169527,0.1,6.823366093722247,0.020546519276697914,0.15442833154901744,0.08162271147511573,0.11791478163985218,0.06073667740366599,0.0718031265793066,8.095770979111224,2.6033356150516136,2.8078898502476983,2.4888269192032983,458.7284423547092,230.43051311336913,2.6033356150516136,0.0019169361656190356,97.4793901390975,0.006402316618611222
r2400_c5600,2400,5600,2d,weibull,,0.4402219985397943,,,,0.5394685154151803,0.23176914870634274,1.936226732123552,538677.4250628673,,True,,9132,,2.90993652774076,,,0.1,7.680357510389239,,,,,0.052010443898967064,0.053160485495537965,2.5868865512763914,,,2.417265656473432,,,,0.0018802433378356472,,0.004455394063007004
r2400_c800,2400,800,3d,powerlaw,0.9472959860695046,nan,0.24452265534751721,0.08649639767872268,0.35373572054414926,0.4560096994435889,0.13191500853568994,,1002945.5552815052,,True,74.21747170500319,27938,0.3692421176594767,173.3030194118208,176.65256885199184,166.3170067363096,0.1,5.991575310720986,0.25197526299707235,0.38274679991796456,0.16551294378295084,0.07015288913397767,0.026459797348655254,0.14238110472999205,,4.254303460556708,1.00919261351732,1.887522270527334,1.9177197662051313,4.415980167847689,4.254303460556708,,74.21747170500319,
r2400_c800,2400,800,2d,powerlaw,,nan,,,,0.5050574262681564,0.1555927325048484,,757984.969677093,,True,,15220,,173.23595773012252,,,0.1,7.057046364828645,,,,,0.02871675767091189,0.13197775882655952,,,,1.8820890168944524,,,,,,
r2400_c800,2400,800,3d,weibull,0.8703829536282514,0.2615536809830872,0.378870285159694,0.12648892350155327,0.33385812626671985,0.699197303426241,0.16403262010737113,1.8066018468918505,926663.2675937281,,True,71.76831128990256,27938,-0.12647775990518362,173.3006023817085,177.1218705454994,166.76347878600654,0.1,5.759215343376567,0.23996624302926275,0.2826961644171361,0.11151135536742088,0.04741238726280477,0.15726946107770085,0.09640565455692751,2.1261425270144314,3.717466688927072,0.585993343792206,1.7076450257582716,2.124322908964153,4.486269752143389,3.717466688927072,0.0017336562812370105,71.76831128990256,0.0060108812070134255
r2400_c800,2400,800,2d,weibull,,0.20655469728896467,,,,0.7007755816943257,0.18533832790105717,3.702275411353471,694678.4217962223,,True,,15220,,173.252094568789,,,0.1,6.755921244783544,,,,,0.060185226199195946,0.0902728400172544,2.973227059241249,,,1.7511107671428605,,,,0.001733699709972472,,0.006044984278728527
r2800_c1200,2800,1200,3d,powerlaw,0.9940338463329887,nan,0.11613784383388745,0.08698845287785385,0.7490104001093207,0.7238990868330214,0.26804820533310936,,472621.10971568996,,True,73.68725042098644,27938,1.8639750742080334,178.12457291588433,-177.414220499608,-38.498730529435,0.1,4.113001816192028,0.015786408426733976,0.12194337285561939,0.08951263430597733,0.05734039121169323,0.06642994121792502,0.07291337092488415,,3.721803000166116,0.9704510665401012,1.365482074411437,1.2020756142784228,17.82679376444428,3.721803000166116,,73.68725042098644,
r2800_c1200,2800,1200,2d,powerlaw,,nan,,,,0.7158095214325836,0.26952984481882114,,424533.46422125754,,True,,15220,,178.1809755574021,,,0.1,5.281394861529864,,,,,0.05459660570443271,0.08289909815018685,,,,1.1495952209767908,,,,,,
r2800_c1200,2800,1200,3d,weibull,0.9915759209277691,0.6575186761000297,0.13277041152813687,0.09634363610334139,0.7256408637622105,0.9304566718103865,0.2766121299917485,1.0000000000000038,452163.3099522354,,True,72.8079850652934,27938,1.6984338069581182,177.9639914886441,-176.98241009224864,-37.27648956281751,0.1,4.022999727523471,0.01666389234043315,0.1092072207752972,0.07741201675661927,0.05847292651739286,0.07924235409226414,0.06865719968475345,2.4275313412832978e-12,3.4587115022972954,0.7783303044297796,1.3701586998800295,1.1754014666658628,16.39360268185728,3.4587115022972954,0.010504408387707729,72.8079850652934,0.03505458428368626
r2800_c1200,2800,1200,2d,weibull,,0.166727454202343,,,,0.991272367260053,0.2701310526329166,1.0,398623.9381503006,,True,,15220,,178.24769858641326,,,0.1,5.117694550592128,,,,,0.0742692327653433,0.0688672665949019,5.789163721527011e-13,,,1.0950657703992253,,,,0.0073861816524465945,,0.02720031985456731
r2800_c1600,2800,1600,3d,powerlaw,0.9781788734401836,nan,0.20223198871238143,0.13965031654543014,0.6905451379605615,0.5348108242024863,0.25437075645818985,,213145.54365622718,,True,73.8445384493824,27938,1.228065843278559,13.469427240185974,-170.37176764986958,-154.43610651982777,0.1,2.762106831578468,0.03156829566816101,0.11814564618958848,0.0740768362401217,0.11339077233800207,0.029386982954693417,0.04999698363850675,,2.760250200003217,0.6736320327102444,1.8237726048704417,1.9553998624025872,158.20320872358835,2.760250200003217,,73.8445384493824,
r2800_c1600,2800,1600,2d,powerlaw,,nan,,,,0.6120335300732206,0.30583141461239904,,147075.9405684523,,True,,15220,,13.56672979325007,,,0.1,3.1085903250030418,,,,,0.03485734817581642,0.0550861765223897,,,,1.917346433689848,,,,,,
r2800_c1600,2800,1600,3d,weibull,0.972969072145064,0.1451933377443569,0.21857057451627443,0.14600830454986882,0.6680144611094356,1.1155903961549616,0.2793054878291654,1.0000000000000229,110701.05466100926,,True,71.26817130766767,27938,1.1172008637880895,13.513210849129676,-171.35444981084936,-153.97775535641716,0.1,1.990573521119282,0.038365180033287656,0.09944873978438863,0.04352858704550369,0.13605727448682495,0.14996417242300494,0.04143057950931838,5.582759589651255e-12,3.027378808719823,0.6028774113385863,1.7059611990755106,1.9632681884498067,157.12015775755665,3.027378808719823,0.0013470989008076582,71.26817130766767,0.014448229940674852
r2800_c1600,2800,1600,2d,weibull,,0.07697650570438008,,,,1.154224371914785,0.29638538015028393,1.0000000000003082,77872.2795318616,,True,,15220,,13.29789453253913,,,0.1,2.2619558177985937,,,,,0.13132341657458146,0.039676938354122414,2.555935678782469e-11,,,1.6357923859522008,,,,0.0015667192445623977,,0.014790902419141482
r2800_c2000,2800,2000,3d,powerlaw,0.8697994401706854,nan,0.43647202208029734,0.2633147934282989,0.6032798899074845,0.6734397615742292,0.4070080677840576,,421058.7012091998,,True,56.652323919561105,27938,0.3236569742150168,17.648667758785788,-168.06875784875368,13.694287700547433,0.1,3.8821621117538534,0.11458683535510149,0.1737125431988679,0.10660318326430832,0.08920095280629456,0.05838776903224196,0.08157986664392329,,8.804113123717636,0.44705955773758344,6.556645054888226,3.299734757597264,160.39889412374689,8.804113123717636,,56.652323919561105,
r2800_c2000,2800,2000,2d,powerlaw,,nan,,,,0.7781353299495678,0.463602858455975,,280459.8966268354,,True,,15220,,18.85183029884635,,,0.1,4.292675488931621,,,,,0.05716873280654529,0.09064808132329855,,,,6.559169249132004,,,,,,
r2800_c2000,2800,2000,3d,weibull,0.8809435917973352,0.1819810311631483,0.41814955293421,0.25166012453799425,0.6018423857494579,0.9616373387983125,0.396180181790151,1.0,394103.9378544061,,True,57.41658648010696,27938,0.36415644266140745,16.975081572651316,-168.53159734724287,13.564494158437258,0.1,3.755845601848401,0.10217715390673901,0.1509807839704824,0.0917309035824384,0.10306579097158343,0.12639033496521082,0.07653344049812794,3.396640887229474e-13,8.464387313033761,0.4185200130412045,5.8911902765592625,2.6620806699965125,159.4390726951032,8.464387313033761,0.014563881007333789,57.41658648010696,0.05856854717303039
r2800_c2000,2800,2000,2d,weibull,,0.11176407407805934,,,,1.0694925458687967,0.4455837446692931,1.000000000000085,261169.4697702902,,True,,15220,,17.98930712266067,,,0.1,4.1424175920094495,,,,,0.09258076194640161,0.08152000419355149,5.88247930744451e-11,,,5.976755450815732,,,,0.014191419025552116,,0.06549891627223081
r2800_c2400,2800,2400,3d,powerlaw,0.934881564082768,nan,0.33878402478343006,0.2304667903229224,0.6802764400424425,0.7179488305606408,0.491410559141464,,108424.7980690974,,True,56.39480787217789,27938,0.6971364357185728,178.15823123936107,164.94965143505746,-143.45978165723193,0.1,1.9700019429261233,0.14565141357429384,0.2611780364925568,0.17308804958891896,0.16648620684871887,0.07306020473289707,0.18588680770802896,,5.850207095372008,0.763529318361881,268.06816605787867,10.562583690938856,22.073009796047767,5.850207095372008,,56.39480787217789,
r2800_c2400,2800,2400,2d,powerlaw,,nan,,,,0.7888882749477645,0.5621580536312756,,46988.07504812335,,True,,15220,,177.15307885278705,,,0.1,1.7570596303355084,,,,,0.07334669008949718,0.17636304708739536,,,,11.168042932564394,,,,,,
r2800_c2400,2800,2400,3d,weibull,0.9383007197973517,0.3986070444532609,0.3295315651446404,0.22355135090757172,0.6783913122539534,0.8636696402192721,0.49191347601452434,1.0000000000000036,101056.48587684991,,True,56.3775431564034,27938,0.7220521317113704,178.19776937872876,164.64356367756562,-142.5641206316872,0.1,1.9018858159692729,0.1173714152386529,0.22305117905523208,0.13996933180322094,0.16915857552138008,0.16659925254350594,0.17738494543579417,1.2975256275438557e-11,5.7618982040171565,0.7340569044863503,227.36463623695664,11.028998042243622,23.585005388153526,5.7618982040171565,0.11994958301145012,56.3775431564034,0.14356512712770617
r2800_c2400,2800,2400,2d,weibull,,0.17257368360882852,,,,0.9402597793213345,0.5549956742564528,1.0000000000000002,42162.93876468455,,True,,15220,,176.98085265733667,,,0.1,1.6644015463628725,,,,,0.1491806259590576,0.16586578876274613,3.914534349410594e-12,,,11.080721813876186,,,,0.10315908105667088,,0.15155241117089857
r2800_c2800,2800,2800,3d,powerlaw,0.8498556681095256,nan,0.44095503161808924,0.2283045721804952,0.5177502371222052,0.5992069021911451,0.4389633604623947,,87737.70695965973,,True,41.945586922416524,27938,0.16055005713383608,147.69114612690197,164.09130845558684,155.63436957712506,0.1,1.7721296152288912,0.0993588499288597,0.11381594203594513,0.05197085272721461,0.1220830242558882,0.04847512477804853,0.11896955101361799,,5.878087306340846,0.4307950771696861,5.930404906529206,7.751701938657595,272.21334995437275,5.878087306340846,,41.945586922416524,
r2800_c2800,2800,2800,2d,powerlaw,,nan,,,,0.6192373461926594,0.4526549363899688,,62955.18613799078,,True,,15220,,147.25603320755377,,,0.1,2.033800875499381,,,,,0.04771476329332311,0.11888131162892829,,,,5.961258926874063,,,,,,
r2800_c2800,2800,2800,3d,weibull,0.8486132516271031,0.2805031142171587,0.439282504760221,0.22136029138252544,0.5039132881091025,0.7721453433471889,0.4274186236610417,1.0000000000056792,76134.31665403745,,True,41.614644904992886,27938,0.13726148094522372,148.09174477023268,164.3249758226709,-23.79047772514586,0.1,1.65079281714007,0.09937651278248127,0.11144776577314394,0.04244556751488666,0.11712544318041052,0.09408754419334625,0.11223768769346977,1.3974359411389906e-11,5.575419490140901,0.43941496504694405,5.539609100441169,7.483539965732434,348.93281163029764,5.575419490140901,0.009646714334101868,41.614644904992886,0.03649205563586108
r2800_c2800,2800,2800,2d,weibull,,0.13743770004500877,,,,0.8057533450453156,0.442087915841183,1.0,54718.99244496969,,True,,15220,,147.86845984550632,,,0.1,1.8961021024673026,,,,,0.08899581140951635,0.11298284339306214,0.1156641676591962,,,5.411743670716162,,,,0.009477475002750072,,0.03670216402203086
r2800_c3200,2800,3200,3d,powerlaw,0.9848289204443395,nan,0.13500185956851912,0.0556908902711639,0.4125194308371614,0.5279960125875984,0.28444019911707435,,119698.81993447596,,True,50.943912753445325,27938,1.116994756799928,165.48847161488956,178.0919492465913,158.0887104282001,0.1,2.0698900550041635,0.04447130179770173,0.16347674628312994,0.07951334781928557,0.07768403629299898,0.040566996928731405,0.07821452417861958,,3.634850080038855,0.8834985741880022,3.5641594101350953,1.6990228680977717,5.776984614047136,3.634850080038855,,50.943912753445325,
r2800_c3200,2800,3200,2d,powerlaw,,nan,,,,0.5677725720823852,0.3154411572329965,,73178.77990651569,,True,,15220,,164.98377821211355,,,0.1,2.192730492089847,,,,,0.033212515343618715,0.09416287004237203,,,,4.255008349907188,,,,,,
r2800_c3200,2800,3200,3d,weibull,0.9514237065560714,0.3592645503341108,0.23853786555614895,0.0935361671157398,0.3921229315004603,0.8084699627173162,0.27969740488161615,1.5835435069882,42556.28617431133,,True,50.36940083699923,27938,0.4970473282334158,165.39334262741494,178.28228687268015,158.26310191323228,0.1,1.2341961969228372,0.054656264209292815,0.12902253766677851,0.06479873848642353,0.0642524507219202,0.13392701888491557,0.07028373473381032,0.8393654585098157,3.383760277239306,0.4046082801405706,3.6551300420312165,1.5482202034672574,5.764947761308537,3.383760277239306,0.0024126341935718936,50.36940083699923,0.012969699562788244
r2800_c3200,2800,3200,2d,weibull,,0.11076100648838576,,,,0.8655073323278122,0.31066142107691874,1.6434118214512043,19866.470428342604,,True,,15220,,164.91867766965586,,,0.1,1.1424916412609,,,,,0.15042485910887637,0.07816391686637135,0.882468002926127,,,4.101864870112614,,,,0.0023452206667544068,,0.0128920774349545
r2800_c3600,2800,3600,3d,powerlaw,0.9963516872976876,nan,0.17782089549718527,0.16755411752224517,0.9422633771681652,0.5517261316606202,0.5263383276808313,,71735.40198740651,,True,57.58110567857369,27938,1.6675079904382004,174.0388722137424,173.19271800628565,-169.63667094823873,0.1,1.602393267749919,0.00923289099263785,0.08481515526109658,0.0805062658547152,0.09731461831004191,0.04292056130768533,0.06731613918367581,,2.5262375003115287,0.45336997662075934,7.519879069719909,2.971602602097391,444.6651075459216,2.5262375003115287,,57.58110567857369,
r2800_c3600,2800,3600,2d,powerlaw,,nan,,,,0.5957904268703066,0.572011884890217,,44619.652653740384,,True,,15220,,171.98183733264315,,,0.1,1.7122050213302016,,,,,0.03794062134086321,0.05181076995957757,,,,7.5771950457867305,,,,,,
r2800_c3600,2800,3600,3d,weibull,0.9953598252219449,0.20246969528423733,0.1858580525769872,0.17332756017574147,0.9325803093946909,0.9361301533857544,0.522592561978266,1.0000000000000224,34644.27346956277,,True,57.45996317928424,27938,1.6129720463133896,173.10568418204906,173.34871793377948,177.47666368299926,0.1,1.1135714107151886,0.008774913042802878,0.05895065716058592,0.05450544089388266,0.0923041214331965,0.05202126181672446,0.06453368352643316,9.128168239495502e-12,2.498455324632526,0.32748565216220155,7.488297047509393,2.789059278818081,633.4673425393972,2.498455324632526,0.0011967269233308442,57.45996317928424,0.005978598611055251
r2800_c3600,2800,3600,2d,weibull,,0.06058709429164451,,,,0.9883478710253016,0.5427957794206817,1.0000000000019857,20277.72732687019,,True,,15220,,171.55578831572,,,0.1,1.1542564583064123,,,,,0.06709334018437915,0.04857979330484948,2.8328817713474796e-12,,,6.81270768313382,,,,0.0011488989494796,,0.005865087399313247
r2800_c4000,2800,4000,3d,powerlaw,0.961543668334309,nan,0.2570455407229228,0.1694714310721259,0.6593050810976888,0.4128477088320654,0.7298565307129675,,269746.181085553,,True,62.796505639292825,27938,0.9419331024428637,168.7116350317747,169.65532689722133,90.74195008254628,0.1,3.1072771826674903,0.06909856559601395,0.20700334772173618,0.14782910216300457,0.10002248980497598,0.047781466967991244,0.10137266877171751,,4.208459204188609,0.7540772408862687,12.477110763861715,2.512558038763287,10.163120915058835,4.208459204188609,,62.796505639292825,
r2800_c4000,2800,4000,2d,powerlaw,,nan,,,,0.4418078827743265,0.7289584989809824,,201452.51572552975,,True,,15220,,168.32370587444856,,,0.1,3.6381367677655807,,,,,0.040124865447049775,0.0903453277942766,,,,11.530956447861888,,,,,,
r2800_c4000,2800,4000,3d,weibull,0.9685342878532943,0.3102382851169605,0.23365857344271024,0.15453829157670876,0.6613850683916777,0.5696689495506391,0.7153764883759393,1.0,261465.21872575313,,True,62.93398361147452,27938,1.040475262531074,166.60883405813854,169.99069862209112,92.8332928230337,0.1,3.059210111924932,0.03598569410156157,0.12733876841998068,0.09362988212323105,0.10787848996912815,0.1360507572950399,0.08862149616710914,5.119117555231095e-13,3.9878533169934736,0.5462133575831061,12.658262182118525,2.4154080700269938,11.30287610541053,3.9878533169934736,0.0007100738823341865,62.93398361147452,0.0026970559918947294
r2800_c4000,2800,4000,2d,weibull,,0.05485987694187752,,,,0.7183420715820228,0.6564370770335717,1.2957764300804726,185791.800771213,,True,,15220,,166.78545282354503,,,0.1,3.4938635972915675,,,,,0.13091964577057394,0.07472659131612754,0.6895660131818692,,,10.096827635492849,,,,0.0002931937853917627,,0.0021777994301787115
r2800_c400,2800,400,3d,powerlaw,0.9832931192953649,nan,0.1377198224454113,0.04794022986625499,0.34809970718091293,0.6239055764620616,0.1766948081679101,,220521.45990081335,,True,69.05192990281971,27938,0.9272676043984216,163.36591125412897,175.6875175153472,144.47179483785217,0.1,2.809491826500518,0.07730904262258234,0.23948180509023145,0.08657817878850986,0.049255941202476373,0.06328063596985092,0.04823867081244796,,2.088420819739282,1.4646995613032092,1.3898388839213718,1.5347396683047934,4.366471895246883,2.088420819739282,,69.05192990281971,
r2800_c400,2800,400,2d,powerlaw,,nan,,,,0.6907673691178933,0.23526889756333969,,135333.71696139028,,True,,15220,,163.54478938262565,,,0.1,2.981917877597883,,,,,0.045766277221833136,0.055170528629891774,,,,1.3803392996802935,,,,,,
r2800_c400,2800,400,3d,weibull,0.9183583249773285,0.374699096213432,0.3008938859479588,0.09841878833666944,0.32708802981025503,0.8798799659751871,0.20447988253982355,1.869289061459872,130838.6486594919,,True,66.72060990297479,27938,0.08347167476724238,163.16081135351163,177.52604021325874,143.74694478888466,0.1,2.1640653355567894,0.11210050169075174,0.18930520941677492,0.06255562513983978,0.04173893925338069,0.0458091645083367,0.04264312902132454,0.5639601979325863,2.075330415884401,0.6223288753592998,1.4484198714898444,1.6275660351950787,4.4131583198076925,2.075330415884401,0.0024274012829433277,66.72060990297479,0.013235989674030404
r2800_c400,2800,400,2d,weibull,,0.1788686155456946,,,,0.90586443553271,0.24397577308232848,2.2152686609706516,81739.9925015,,True,,15220,,163.52025063437824,,,0.1,2.3174478534193605,,,,,0.03880484466505643,0.04457394993010688,0.6810690468222972,,,1.3734972934804137,,,,0.0020997556454434574,,0.012844789334991806
r2800_c4400,2800,4400,3d,powerlaw,0.962861475816084,nan,0.2518812785407521,0.16528850392203387,0.6562159160046176,0.5847932141973484,0.3086779719870791,,203062.67208980798,,True,70.45539281566751,27938,0.9575320154410498,12.204375903806547,-174.26350903424864,-147.80553570655806,0.1,2.6959845054525977,0.05243558158606758,0.18581725321212655,0.18236995962706737,0.24470001863132723,0.11053409584264044,0.12630257249031152,,3.2390236851043497,0.5892354895778706,4.717988938570953,4.892163153867904,310.57977317531834,3.2390236851043497,,70.45539281566751,
r2800_c4400,2800,4400,2d,powerlaw,,nan,,,,0.5953111633620032,0.3261167557039139,,116335.85978751203,,True,,15220,,12.331196706596856,,,0.1,2.7647093146385,,,,,0.10089581651591364,0.10605121379001607,,,,3.8873979252967956,,,,,,
r2800_c4400,2800,4400,3d,weibull,0.9622822586865191,0.559299289679652,0.2531564917307598,0.16554180229050072,0.6539109511225168,0.5868176166500818,0.30892459127126753,9.999999998859572,202951.4700081141,,True,70.4179228447096,27938,0.9489633399252693,12.23350829998285,-174.30714273936422,-147.69858905950417,0.1,2.695246210861809,0.05201726766882396,0.1756824233038155,0.16597080393741487,0.2305637701630769,0.04993377524719219,0.1183430785577517,11.5278177314856,3.323318078131513,0.5834731960920037,4.874845207605036,4.674151895724132,310.15912476569366,3.323318078131513,0.0029297391886026476,70.4179228447096,0.003623486796503608
r2800_c4400,2800,4400,2d,weibull,,0.9401462920101531,,,,0.5953111346652846,0.3261169949937626,9.984557119450773,116335.85989860786,,True,,15220,,12.331197488187838,,,0.1,2.7647093159585903,,,,,0.04417240388591571,0.09686146596034535,11.035593832655485,,,4.0525834937323815,,,,0.006131255712311963,,0.00697575923135076
r2800_c4800,2800,4800,3d,powerlaw,0.9410485963121974,nan,0.3000433447350546,0.18171751243633247,0.6056375374591073,0.5584616427687362,0.2626468872013818,,208644.70152496785,,True,76.78560371905787,27938,0.702354737447819,7.155421141439875,-178.1161464925431,34.97611400899917,0.1,2.7327885142083743,0.05689677513126781,0.09837861169013055,0.033510141752079135,0.13911700446569134,0.0503512393213719,0.02745312180290034,,4.424667514242561,0.5203527497720148,3.194176320449231,2.8016318477244453,161.31384541324678,4.424667514242561,,76.78560371905787,
r2800_c4800,2800,4800,2d,powerlaw,,nan,,,,0.5684939129470531,0.2800716286586651,,182671.95900331094,,True,,15220,,7.278969584180442,,,0.1,3.464404682352867,,,,,0.04721267471214286,0.02149364081665254,,,,2.6522250375281016,,,,,,
r2800_c4800,2800,4800,3d,weibull,0.9353924783746403,0.46262522244663684,0.3096226259458011,0.18280503964107844,0.59041240633712,0.6050649260808786,0.2675583700300176,2.042331049439464,204699.00684828014,,True,76.18197736122004,27938,0.6454670662435573,7.337169618505908,-178.4564568015663,35.4474722042093,0.1,2.706825201583289,0.0625493717666496,0.10313611186615397,0.03271327934993749,0.13391661329013116,0.04960714443600851,0.028052042546695376,1.4335072594258331,4.315374128210968,0.5244902480831688,3.1865745345757968,2.659960243771414,10.102378160586715,4.315374128210968,0.0011759277373632432,76.18197736122004,0.003707529738304674
r2800_c4800,2800,4800,2d,weibull,,0.3200852766788869,,,,0.593406999910057,0.28032011915405625,2.914076852710359,181186.4395662859,,True,,15220,,7.344865839902333,,,0.1,3.4502893626988094,,,,,0.0376731965425925,0.020640489974090494,5.974590816640456,,,2.6634358636821167,,,,0.00039605937323802267,,0.003432460509973968
r2800_c5200,2800,5200,3d,powerlaw,0.9606188114325255,nan,0.24862035921123038,0.15280858435033898,0.6146261908523398,0.49733992548504685,0.20469882784434593,,693035.9247464777,,True,81.3155837125934,27938,0.905087192074058,2.8814583756111554,179.58190012200973,-145.19527686731715,0.1,4.9805834061330305,0.04559901659765518,0.11738887217731298,0.06496523191272274,0.10117619898168298,0.059738001641251315,0.10601675664834301,,4.638603705301231,0.5348800637276105,2.615589696203354,459.1609999724189,225.34161871321442,4.638603705301231,,81.3155837125934,
r2800_c5200,2800,5200,2d,powerlaw,,nan,,,,0.4519808423244389,0.19215539620889913,,577858.1349841258,,True,,15220,,2.891102815053095,,,0.1,6.161738874023375,,,,,0.0533184988441925,0.10325110089501337,,,,2.3594893637429553,,,,,,
r2800_c5200,2800,5200,3d,weibull,0.9606188057572489,1.6486769684763423,0.24862523813136192,0.1528168287822387,0.6146472897554248,0.49734080114976564,0.20470086276806765,9.964009120196636,693035.9355268511,,True,81.3157901296726,27938,0.9051018957254708,2.8812739978308346,179.5822084654907,-145.19817595843324,0.1,4.980583444870234,0.0441705987489303,0.11316499635218641,0.06458833947128613,0.09449377524860095,0.046383775729137454,0.10517864502240051,7.777825680337718,4.595022189510724,0.4936854292288561,2.647255793777556,459.12797002613337,223.14781352647373,4.595022189510724,0.003224636983124284,81.3157901296726,0.004401700974946866
r2800_c5200,2800,5200,2d,weibull,,0.39917862894497297,,,,0.4704391317006214,0.19642196451530783,4.340603191856416,576509.6681906863,,True,,15220,,2.8711481544170083,,,0.1,6.154545280343467,,,,,0.05214869784473288,0.09807410466437634,1.9579221801184277,,,2.3536362323330944,,,,0.0004132688514972223,,0.002263445582308487
r2800_c800,2800,800,3d,powerlaw,0.9455480086564557,nan,0.2767665208633828,0.15304624482373697,0.5529796174273676,0.5738380078764351,0.36245513760644577,,168681.4226858738,,True,68.12131218543368,27938,0.6921468768743688,169.57374797609157,-176.7942548942769,-48.12709299433972,0.1,2.4571743385524325,0.06619964491654998,0.17639377066516562,0.09954997582180855,0.0803684514270984,0.04036173477174023,0.0620466856324254,,2.0389515630137933,0.7348089138242405,4.846895675798081,1.972268579528911,8.225321203016685,2.0389515630137933,,68.12131218543368,
r2800_c800,2800,800,2d,powerlaw,,nan,,,,0.6473004763324558,0.4018449332513168,,115330.19851181119,,True,,15220,,170.45149231561933,,,0.1,2.7527336611423228,,,,,0.03504644092312503,0.06028598621556959,,,,5.036029093431616,,,,,,
r2800_c800,2800,800,3d,weibull,0.9473290468801879,0.17071237512194842,0.26927926627894105,0.14471863514430036,0.53742955090493,1.035869060534419,0.36599904920243803,1.0000000000000058,96715.74673343683,,True,66.81375386356295,27938,0.6910486776404188,170.10013785276405,-174.9198860897863,-48.06350132948512,0.1,1.8605910954524487,0.04651896755993747,0.11525118911393353,0.05925228075449472,0.0851815128647169,0.15106288943094373,0.05007136155338428,1.2725142919062376e-13,1.7034442811349768,0.5201933663432586,5.119938869641669,2.185881135486208,8.593821145452809,1.7034442811349768,0.0024382157913583813,66.81375386356295,0.017578424391058556
r2800_c800,2800,800,2d,weibull,,0.07072948060477038,,,,1.1395844912354218,0.37629517074348007,1.0000000000000127,66639.07211662296,,True,,15220,,171.94546280355755,,,0.1,2.0924599025860804,,,,,0.10953588207467702,0.04939809858340169,2.0153683461864883e-11,,,4.661334449461054,,,,0.0026237081139618658,,0.017124803193680194
r3200_c1200,3200,1200,3d,powerlaw,0.9637805380497584,nan,0.24513574224563653,0.1573823280121811,0.642021137229663,0.5591241237981471,0.7896307601132945,,198634.2801782273,,True,60.78860918061461,27938,0.9628091200838256,2.237891757023381,-178.32102772412824,-90.30235795701185,0.1,2.6664254383011436,0.0325189808522084,0.11439137624409491,0.08902342580438562,0.0944376336474916,0.06363224595076887,0.13812722580457917,,2.0873665787982896,0.41502390990282045,281.10483979249625,1.5344587440447974,19.861383182435606,2.0873665787982896,,60.78860918061461,
r3200_c1200,3200,1200,2d,powerlaw,,nan,,,,0.5817923836316977,0.8304610665473491,,136480.43012169312,,True,,15220,,3.6909643743714833,,,0.1,2.99452446126688,,,,,0.07096605926869352,0.12663622756790988,,,,280.80862693567207,,,,,,
r3200_c1200,3200,1200,3d,weibull,0.9634095691959613,0.33523058866770394,0.2416508283113868,0.150442139329906,0.6225599985779856,0.6743458576809152,0.8000901549473235,2.8017155444041264,166643.24300720962,,True,61.14218485688582,27938,0.9463461809350964,177.0128988160499,-178.44347209082463,-87.85339773965194,0.1,2.442284188702611,0.02431446176637037,0.08175003203590427,0.06302089769371004,0.09358600504856487,0.0919046593342927,0.18569462665691974,1.1886960979851318,1.745933819952735,0.3292530967627064,246.83738386104667,1.3819325940961293,21.900771915173912,1.745933819952735,0.00047413991445437485,61.14218485688582,0.002587714214700667
r3200_c1200,3200,1200,2d,weibull,,0.08592694662902049,,,,0.6496887016171888,0.7756022196826504,4.565208712313547,129300.09447498049,,True,,15220,,176.03562044390875,,,0.1,2.914688147251438,,,,,0.05985292047851953,0.14362002502080085,2.8138243582941986,,,252.06063853102285,,,,0.0003480501671882082,,0.0022285950669898727
r3200_c1600,3200,1600,3d,powerlaw,0.9950149872986167,nan,0.086423563454999,0.049964632754067685,0.578136688150847,0.5031978636763151,0.25041118712802135,,804356.9379362753,,True,65.22955760753496,27938,1.9005499616034682,179.7934322009631,-177.35792222810312,-9.57928662874852,0.1,5.365704475704112,0.17951164868346955,0.5760649248593339,0.4188823097851258,0.2741140664418167,0.07789372125899892,0.3455872193854943,,17.746126431249806,3.417698182480939,226.8425442401919,4.334725996911102,7.156123243332835,17.746126431249806,,65.22955760753496,
r3200_c1600,3200,1600,2d,powerlaw,,nan,,,,0.5317677825609696,0.28822639434339103,,748843.7589239259,,True,,15220,,0.650056782328773,,,0.1,7.014363707494794,,,,,0.07177311579499071,0.3489694075274846,,,,166.6306018548535,,,,,,
r3200_c1600,3200,1600,3d,weibull,0.9950094029659434,5.179665356122677,0.08646917612075969,0.04998791702133923,0.5781009981120663,0.5032006702095068,0.25041225576533443,9.999999999070395,804356.9942934603,,True,65.22808863214625,27938,1.8999605856187436,179.79342095593728,-177.35808154888792,-9.577644998781913,0.1,5.365704663677871,0.17815259399651354,0.5735173394933181,0.4160387782281946,0.2732391924720113,0.07160605374997238,0.343458965397913,8.044210518875174,17.731249592359937,3.4139680524961684,226.83259630581867,4.340690553403684,7.1618813936776435,17.731249592359937,0.0010139397002637892,65.22808863214625,0.003405878614282511
r3200_c1600,3200,1600,2d,weibull,,1.2010763539834668,,,,0.5317669225453492,0.2882245898971354,9.999999999995024,748843.760588544,,True,,15220,,0.6498233147897231,,,0.1,7.01436371529097,,,,,0.07177231280170286,0.34897263284126917,0.25908874492419154,,,166.63083163136767,,,,0.0035765230635359307,,0.004275193569246294
r3200_c2000,3200,2000,3d,powerlaw,0.5955296838172544,nan,0.6432878414994715,0.1252937093238473,0.19477083389574723,0.5957921557512375,0.1925730668431437,,4450757.737547862,,True,14.30515045181565,27938,-1.1947686213644473,5.885962790414863,164.22027085594556,22.320615155988452,0.1,12.621742659833451,0.5515232082986135,0.4927969160197051,0.026852485886156182,0.27191461937633893,0.04683632113774893,0.2819963749312515,,38.66776798751669,1.959623366096955,2.2691302686996044,93.15310744564069,184.6985579016703,38.66776798751669,,14.305150451815644,
r3200_c2000,3200,2000,2d,powerlaw,,nan,,,,0.6802147565646526,0.20931816357252814,,4051675.516101065,,True,,15220,,5.464603361548026,,,0.1,16.31586120757588,,,,,0.07259167591103724,0.26625612989972175,,,,2.3655264957682114,,,,,,
r3200_c2000,3200,2000,3d,weibull,0.5955686440707851,2.260584059404659,0.6432573173745849,0.1252875310877119,0.19477047163499864,0.5957867370451363,0.19257328050981995,9.999999924742148,4450757.780491117,,True,14.303252603694773,27938,-1.1947230299920446,5.8858482937279755,164.21834829525795,22.322290875619935,0.1,12.621742720724061,0.5515435657831429,0.49280377821603855,0.026863854294620366,0.27190778039964447,0.0468350178282029,0.2819834632982051,0.013734639745608308,38.654974564863394,1.959532932233992,2.2687185914486863,93.14503402049868,184.70500058109008,38.654974564863394,0.004573079684094733,14.303252603694766,0.010365400674822306
r3200_c2000,3200,2000,2d,weibull,,1.2450205028419197,,,,0.6802143232485616,0.20932075208969395,9.995581463387303,4051675.533217554,,True,,15220,,5.464458575838494,,,0.1,16.315861242039432,,,,,0.07500058106013636,0.2627493202693623,3.5226567339740114,,,2.3752911549260816,,,,0.010853132582862404,,0.013672039354792853
r3200_c2400,3200,2400,3d,powerlaw,0.9164770851085636,nan,0.2921241563712997,0.04448472267310471,0.1522801921815843,0.6164278366339716,0.07176379046757994,,2791654.037552537,,True,67.3280136761956,27938,-0.6514567114104866,179.8671973579493,178.70702344825165,-176.93683862447892,0.1,9.996158682273569,0.46833741038270577,0.8163507228756147,0.15784559971668463,0.09266436740672236,0.07433576195566499,0.20629583166265766,,66.46149310848725,7.103744548268743,167.43558543465653,11.740505556596323,10.200949006596522,66.46149310848725,,67.3280136761956,
r3200_c2400,3200,2400,2d,powerlaw,,nan,,,,0.6949350168453959,0.08762389873433254,,2477464.632152127,,True,,15220,,0.13309266813128942,,,0.1,12.758405624153905,,,,,0.0705776045902062,0.19047883430544316,,,,229.21842465459738,,,,,,
r3200_c2400,3200,2400,3d,weibull,0.9164659311694825,4.568720969794215,0.29214328405740814,0.0444852600614402,0.15227206131049906,0.6164289139646616,0.07176354181898234,9.999407620506444,2791654.048286425,,True,67.32688580885663,27938,-0.6515755827737797,179.8672736392329,178.7071860694933,-176.93721797658935,0.1,9.996158701491145,0.47899995637793347,0.8037461351310248,0.1580440273321013,0.09307586011227145,0.06154527352349726,0.20695885660479907,8.402495874026023,66.29360550799339,5.028192536225941,167.4353721638117,11.320253592783803,9.794266371750822,66.29360550799339,0.017240455882247322,67.32688580885663,0.02326271777173907
r3200_c2400,3200,2400,2d,weibull,,0.7538176399628705,,,,0.7339746760927434,0.09528502909229726,4.213996681232793,2471348.6672925195,,True,,15220,,0.13027323940233823,,,0.1,12.742647946743507,,,,,0.07906277399211481,0.19006221273092458,3.2180757590852296,,,229.19301192704455,,,,0.0048083203147043455,,0.0150440110036858
r3200_c2800,3200,2800,3d,powerlaw,0.49647679206853107,nan,0.7141530743093247,0.11434571575582911,0.16011373453291608,0.5364316357850812,0.1160539662156205,,249097.8979171423,,True,79.8056318779622,27938,-1.4952129256134743,172.59336951052128,172.56630868039096,-179.84519454779127,0.1,2.985983302308384,0.4244508455407084,0.31740043892489844,0.06830394587777981,0.08695591329984427,0.07140298071178788,0.1596292957530137,,96.5525047166483,0.72439050257118,1.8448605493099053,191.18441762164835,478.88124331494066,96.5525047166483,,79.8056318779622,
r3200_c2800,3200,2800,2d,powerlaw,,nan,,,,0.5718807933551262,0.13506082683477816,,136975.27969701999,,True,,15220,,172.1759483150488,,,0.1,2.999948309859331,,,,,0.06909314254955853,0.15951834620722818,,,,2.0732818944773443,,,,,,
r3200_c2800,3200,2800,3d,weibull,0.48412838454091983,0.8485734759729447,0.7228548780705368,0.11717928311281336,0.16210623552211667,0.5496792514610616,0.11887616743714657,3.238909214316228,248156.09669614618,,True,79.70866742705584,27938,-1.4949565849833801,172.57755884409482,172.55289925534623,-179.860248004909,0.1,2.980333182600463,0.4161360490346657,0.3073953542501028,0.07138859159855283,0.08641871658377286,0.05215026109046229,0.15861638762929134,6.688386293561173,96.218471844077,0.674395824219663,1.801764924428958,192.58652350422605,479.18352592818206,96.218471844077,0.003646292613078354,79.70866742705584,0.00737470210140898
r3200_c2800,3200,2800,2d,weibull,,0.7481409437671366,,,,0.6166262270407553,0.14126921505614115,1.5638328372857688,134828.7686235556,,True,,15220,,172.14279388045424,,,0.1,2.97634971010079,,,,,0.09113397831297357,0.15390096223593078,7.856073204081289,,,1.9961108693874257,,,,0.003954531819136644,,0.00823585254161803
r3200_c3200,3200,3200,3d,powerlaw,0.9085509314531974,nan,0.4253721466128267,0.3138473206585186,0.7378182214271358,0.4363318621763733,0.5521073152189113,,154878.14607944622,,True,48.54929551456709,27938,0.5507330569660649,8.78667470084206,-177.43524754054286,14.550432950297646,0.1,2.3544930574178413,0.2106603870732756,0.18199751603678588,0.07805500392208864,0.2786950873456718,0.1169698534623214,0.11053702462678612,,10.593241916306575,0.7869651089550675,25.222615729262685,332.9789866047171,207.22804088690663,10.593241916306575,,48.54929551456709,
r3200_c3200,3200,3200,2d,powerlaw,,nan,,,,0.45338349135011563,0.5263075273283777,,104072.58838287051,,True,,15220,,9.701094390960328,,,0.1,2.6149347218238863,,,,,0.10198222376809807,0.09402633575188779,,,,20.994342995271477,,,,,,
r3200_c3200,3200,3200,3d,weibull,0.9069428967901874,0.262477280038217,0.4211101227631496,0.30483414713484214,0.7238822594304958,0.476177390259547,0.5367212793070527,2.4720605897698986,152220.31727635808,,True,48.671417478882496,27938,0.5417343803277594,7.641781343476193,-177.5456179399421,11.852348590901467,0.1,2.334203172024909,0.20750490420953338,0.18267733275238499,0.06969081086703764,0.2645673414881428,0.15287512201689674,0.09723777797980053,6.7774063074421225,10.622341654628485,0.773357073009963,161.9248305284153,333.0184573718797,269.93793440567305,10.622341654628485,0.0004358385431090776,48.671417478882496,0.0014078753343265266
r3200_c3200,3200,3200,2d,weibull,,0.15291482037254442,,,,0.4783893721071034,0.5145682248448904,3.648113262782938,102574.11003736065,,True,,15220,,8.759489241543413,,,0.1,2.5960410326477086,,,,,0.1280649437331742,0.08057635665079783,6.922082337530462,,,22.039683321022107,,,,0.00029477321383655856,,0.0013758772578370286
r3200_c3600,3200,3600,3d,powerlaw,0.7672570038704991,nan,0.5162377327627639,0.20975895003924158,0.4063223912685901,0.41490078940164055,0.26709915148149505,,286965.2305734211,,True,71.14239098141174,27938,-0.23942047012882206,1.3881931396157605,172.9600537105536,-151.94344561279652,0.1,3.2049184506813857,0.1904452629740686,0.19482108213538846,0.0943862303415826,0.09545243565963661,0.051214910932281456,0.09452518538527259,,6.86572277977347,0.43468175710770846,1.9403796975422587,4.05947427351847,3.8152615986203235,6.86572277977347,,71.14239098141174,
r3200_c3600,3200,3600,2d,powerlaw,,nan,,,,0.4726102394193015,0.3233395918531509,,227629.84136400308,,True,,15220,,1.2390081883502297,,,0.1,3.867294733036054,,,,,0.05455194929143412,0.10104608651208911,,,,1.715130493274209,,,,,,
r3200_c3600,3200,3600,3d,weibull,0.7384299206096737,0.28344258297651453,0.5431130996388165,0.21268165454551402,0.39159735732198786,0.4834375988499597,0.26964024730936886,1.9415199968043526,278808.3892241842,,True,70.04276463391402,27938,-0.3270834226510324,1.2491772673627712,172.20377792801364,-151.985393150033,0.1,3.1590409977088374,0.18606067832173573,0.17573241180017507,0.0795175951212317,0.09378652261726433,0.10826322232815978,0.08311567827478841,4.191882094572602,6.665618855310049,0.4233050707820936,1.8096730110344879,3.8633274062417966,4.011708699851973,6.665618855310049,0.0003726442626906819,70.04276463391402,0.0015184082572450273
r3200_c3600,3200,3600,2d,weibull,,0.19577041477566057,,,,0.5237984968837988,0.3187246254811457,3.4699764620523355,221242.03685385035,,True,,15220,,1.1015062122203316,,,0.1,3.8126461270016256,,,,,0.08311867752711323,0.0872007036529873,2.212977352871901,,,1.5692374491694632,,,,0.00016329179403220978,,0.0014706154996062815
r3200_c4000,3200,4000,3d,powerlaw,0.9555416377835616,nan,0.2529335104341684,0.14291628090867212,0.5650349796013655,0.45745069199367333,0.35150305381487085,,166307.85230448475,,True,64.39586680123868,27938,0.8037609904486152,1.6987641232479893,168.92841782471552,-140.9105053843584,0.1,2.439825247205016,0.048254677760776916,0.13387320883049514,0.09142703869499888,0.09961687439258994,0.027232386163311303,0.08922806181551948,,2.667588447547783,0.4573798924598353,3.578538290176518,2.4080050384699803,7.254195799037588,2.667588447547783,,64.39586680123868,
r3200_c4000,3200,4000,2d,powerlaw,,nan,,,,0.47450765171113995,0.36210647316130057,,106005.53001199634,,True,,15220,,2.2823027311675674,,,0.1,2.6391066114196025,,,,,0.029770870846531572,0.08770689260639812,,,,2.813377961855368,,,,,,
r3200_c4000,3200,4000,3d,weibull,0.9509300694653557,0.5511215258270872,0.2627676000756055,0.1449404322931186,0.5515917192660557,0.4916971295783968,0.3500754712718809,2.363089791530116,163583.73590346315,,True,64.0629072645757,27938,0.7415381419720406,1.812867814409781,168.51691889132312,-140.89606827176752,0.1,2.419760620347524,0.04855698663350994,0.12591254323980255,0.08136427321022362,0.08733584648917912,0.06810514215765927,0.08169555727201208,4.364838250786362,2.8523139369878345,0.43588107620658156,3.4025194162477845,2.718311334832183,6.9845069986443304,2.8523139369878345,0.0004436550079630672,64.0629072645757,0.0019150587685675322
r3200_c4000,3200,4000,2d,weibull,,0.23877037820676453,,,,0.49132485832865325,0.35907988124929646,3.7520778504407475,105078.15174884026,,True,,15220,,2.1796511409385566,,,0.1,2.627537278840737,,,,,0.04757027919680181,0.07844350975532344,1.9193433984185537,,,2.8093376986305887,,,,0.00023162782882460816,,0.0018162445163958016
r3200_c400,3200,400,3d,powerlaw,0.9995866074454701,nan,0.023157139817784698,0.011086540518125784,0.47875258366801043,0.4451392709454264,0.36456783442569257,,295445.9926543003,,True,67.84062972921357,27938,3.028880788738841,19.462167062186285,-179.41278786197083,-122.41584965607379,0.1,3.2519315485441997,0.03499688774511431,0.19857024189614342,0.10308090860818528,0.08178845290205793,0.040469016678902944,0.032774495712052654,,2.7794404201783247,4.771814966838914,3.994621465884858,601.0012610085772,299.94595044447414,2.7794404201783247,,67.84062972921357,
r3200_c400,3200,400,2d,powerlaw,,nan,,,,0.4334407826222088,0.39070094341110057,,109404.04368659749,,True,,15220,,17.595021791672888,,,0.1,2.681077456232935,,,,,0.045161403666922666,0.07828131981051206,,,,3.9482659287006796,,,,,,
r3200_c400,3200,400,3d,weibull,0.9993687096857172,15.69392801987291,0.028561185762687503,0.013585563425349558,0.4756652450717861,0.47484295840195534,0.36557875007852114,1.0000000000677203,294823.46366123407,,True,67.67613784940492,27938,2.812665685256605,19.62283638488599,-179.55326487391076,-122.40855543506225,0.1,3.2485036983558424,0.03396892415507706,0.1917439144459253,0.09866707937650722,0.0755856046207039,0.07217512636268805,0.034468662637590165,11.52781960858917,2.8512056795486402,3.119178012518437,3.7550483658985243,601.1948604317437,299.84917776468404,2.8512056795486402,0.0034705799193429513,67.67613784940492,0.006195200479806003
r3200_c400,3200,400,2d,weibull,,0.16965038423712403,,,,0.550133764558104,0.3852919894753844,1.000000000003694,105543.27895229452,,True,,15220,,17.487242161179154,,,0.1,2.633346239053427,,,,,0.10742593020021665,0.06843813455828773,0.13600723073883497,,,3.742896440208636,,,,0.0005292280971131613,,0.003584230108106469
r3200_c4400,3200,4400,3d,powerlaw,0.9483469077048756,nan,0.302389496834526,0.20482513269804045,0.6773553143948157,0.44461087801510013,0.3449699153371951,,73111.32503621097,,True,70.36359259240257,27938,0.8064800608461233,176.26702779009372,169.5277507456696,-145.01069516865823,0.1,1.6176876537604197,0.05273254482348928,0.10747669113740459,0.06324566961565485,0.16190508438884577,0.03867638230474375,0.059431656307907095,,2.489059315011059,0.5248542550495515,3.7629040729884546,3.1582284565122283,16.466417684855294,2.489059315011059,,70.36359259240257,
r3200_c4400,3200,4400,2d,powerlaw,,nan,,,,0.4198420524281456,0.3411916188732049,,31059.35783749676,,True,,15220,,176.24249342610517,,,0.1,1.4285285022822964,,,,,0.04267034500693126,0.055825698391570464,,,,3.145716004566685,,,,,,
r3200_c4400,3200,4400,3d,weibull,0.9465789849760642,0.4284622628572447,0.30555964368587857,0.20542650838979343,0.672295941675387,0.4556606040156847,0.34322562207476487,4.350062146624475,72484.23661940468,,True,70.2365931539684,27938,0.7885536404075992,176.25138240324657,169.5103064398297,-145.83145722303038,0.1,1.6107351206869531,0.05258083098446081,0.10574479845962831,0.06190842336299857,0.15709051977081287,0.04734501240565159,0.058801788523923676,5.401638100432805,2.5878359158517408,0.5104164360677458,3.7719637168748923,3.1539374934836673,17.709262053297774,2.5878359158517408,0.0006989655409932974,70.2365931539684,0.0015929335547212131
r3200_c4400,3200,4400,2d,weibull,,0.23080094098944456,,,,0.4388410959395122,0.33768916962713635,4.025464136236612,29779.8152515705,,True,,15220,,176.2015001614799,,,0.1,1.3987937184324397,,,,,0.04872474824774941,0.05171276925682721,3.349555746577816,,,3.0590390413530595,,,,0.00016894818828118116,,0.0014234165817432374
r3200_c4800,3200,4800,3d,powerlaw,0.9791480884140611,nan,0.1814224549910075,0.11099131400564954,0.6117837729136175,0.5767293086599342,0.32816880881297106,,304821.7504217354,,True,69.66055225398605,27938,1.215550590669153,173.880530794511,163.67553558866504,-134.26562486080604,0.1,3.3031273641458174,0.08262520362390385,0.31574357773114065,0.26211112701865735,0.21028025533474248,0.10884945230271278,0.15674024301612904,,4.011342467950414,1.0954731567367602,6.505525063784877,2.7472575260560776,7.044136660446417,4.011342467950414,,69.66055225398605,
r3200_c4800,3200,4800,2d,powerlaw,,nan,,,,0.5487810521176661,0.3301661233154407,,236239.92655582973,,True,,15220,,173.4323216118119,,,0.1,3.939755978721007,,,,,0.08193160582081152,0.17091767068318903,,,,4.908354895958926,,,,,,
r3200_c4800,3200,4800,3d,weibull,0.9791474022191593,2.1080108862388833,0.18142537216086946,0.11099306573152361,0.6117835912890195,0.5767296911093283,0.3281697747461474,9.997569131487138,304821.78701569256,,True,69.66035194746551,27938,1.2155342144901897,173.8806023035582,163.67557018723824,-134.26608702335133,0.1,3.303127562416606,0.08202937003809807,0.3037962702316266,0.24484882093499644,0.19442062929792336,0.09191067419942074,0.1625178333362215,3.388309392725855,4.129929787258701,1.0856237532552018,6.224966946614376,2.8079533927721605,9.348568008056029,4.129929787258701,0.0025855939373853084,69.66035194746551,0.0039836892486944655
r3200_c4800,3200,4800,2d,weibull,,0.904599789703006,,,,0.5487815948032775,0.33016726781531264,8.615560659650189,236239.92535523017,,True,,15220,,173.43233502230356,,,0.1,3.9397559687098513,,,,,0.07505112853691895,0.16683101963307878,3.5308142369839306,,,4.994913843747174,,,,0.0034344357205486954,,0.003791530224617711
r3200_c5200,3200,5200,3d,powerlaw,0.8874514111262073,nan,0.3812462433213482,0.19224955909375754,0.5042661074346968,0.2355517414858074,0.4614510934292755,,140446.7130080383,,True,80.21998689097788,27938,0.2796586453853278,1.409270770182769,175.0495787438172,78.44103255236325,0.1,2.2421162858947548,0.10414920906236846,0.16219351213925404,0.08393540609737833,0.1044288090262813,0.030903174487199116,0.15244435383502497,,3.084835325879283,0.5173933592184422,167.04257353622774,4.439844673333549,338.17107405572875,3.084835325879283,,80.21998689097788,
r3200_c5200,3200,5200,2d,powerlaw,,nan,,,,0.25859339380479923,0.5449922436038409,,56862.26248227336,,True,,15220,,2.58539958233729,,,0.1,1.9328793294255224,,,,,0.026892138063163627,0.13603559029183535,,,,4.659503240890788,,,,,,
r3200_c5200,3200,5200,3d,weibull,0.8419496246392755,0.24792025841111467,0.42774057183809355,0.17201168255214516,0.40214020805408723,0.2730451493914329,0.5330977834414556,9.999999999991978,109065.66202074834,,True,80.36054041250496,27938,-0.06171606717446476,2.2101511380237087,172.77672426216674,-98.89776629154134,0.1,1.9758153877434632,0.12871272019451316,0.1662872854219498,0.06742872996051641,0.0674680461061639,0.027812028585899807,0.13405835650186565,4.683151167802629e-09,2.415975681879081,0.46571373362218765,4.677888969312787,4.24035358077687,300.13002632962247,2.415975681879081,6.257405518148846e-05,80.36054041250496,0.0008438004822148952
r3200_c5200,3200,5200,2d,weibull,,0.18588325813745435,,,,0.25973729809902907,0.5431157701543705,7.785950909162384,56850.389487270775,,True,,15220,,2.6492393286844305,,,0.1,1.9326775236610403,,,,,0.025120458413322784,0.13087653126791765,5.7729320416835535,,,4.732567693533176,,,,0.0005725580786528585,,0.0008307228656286138
r3200_c800,3200,800,3d,powerlaw,0.9982635408907803,nan,0.05263654498960768,0.03218610937128614,0.6114783821324294,0.5697829731002473,0.6596067337454711,,199167.65028091922,,True,64.8007706000014,27938,2.452468952139679,14.7947750636818,-175.67166412419013,-98.71584988786604,0.1,2.670002963227255,0.017123351868635915,0.16068557869962644,0.11959566006520504,0.17806632982260934,0.04910987746666723,0.16790991675898273,,3.1960089443844435,1.9513734881975349,14.291820651359702,2.635116709210319,6.5192692691462275,3.1960089443844435,,64.8007706000014,
r3200_c800,3200,800,2d,powerlaw,,nan,,,,0.5717551289574097,0.6252895941952165,,73994.9425023983,,True,,15220,,13.237481584301538,,,0.1,2.204924343420912,,,,,0.04234193672794358,0.11337233318314681,,,,9.556440293560273,,,,,,
r3200_c800,3200,800,3d,weibull,0.9950956198726975,0.8032203519174215,0.08703313999726268,0.05180297744607677,0.5952097953458424,0.8146441538497755,0.675931140561532,1.000000000001825,171834.09563195385,,True,64.61317406422219,27938,1.9226249749858084,16.5224748751327,-175.85364050894887,-99.09087912682953,0.1,2.4800304563073343,0.016012804583995656,0.12876688046177964,0.09687654489220571,0.16276957707859646,0.1390698062153458,0.1556039674345446,0.7556358693279558,2.740873505366841,1.0867899850350253,14.800349632239653,2.3169426649189173,6.406129592093415,2.740873505366841,0.0018936342857879072,64.61317406422219,0.0069713788504420626
r3200_c800,3200,800,2d,weibull,,0.06471102322786465,,,,0.8912004408324817,0.5957390214300714,1.0000000000109712,58645.593283430164,,True,,15220,,12.002444635758339,,,0.1,1.962955100247262,,,,,0.15167473235838277,0.09434574934523253,2.1567408760674652e-10,,,7.321648181916442,,,,0.0008231918456074925,,0.005396882216524179
r3600_c1200,3600,1200,3d,powerlaw,0.9999999999997912,nan,4.5700245230254575e-07,2.6450179505535142e-27,5.787754392185304e-21,0.003835054213273981,1.0100161943706676e-05,,269862.29585303075,,True,90.0,17423,-31.999965498997554,2.795815856532226e-06,-126.21134701941224,-90.0,0.1,3.9355880851414287,0.031107655930255194,0.17267403160061923,1.2894733259429604e-16,1.3005592203222525e-12,0.007237385722271756,0.0004222264143857445,,1.6807813431213827e-08,126.64376611449696,345.79418281151777,289.2339225483753,237.65208946686818,1.6840705233624006e-08,,90.0,
r3600_c1200,3600,1200,2d,powerlaw,,nan,,,,0.022611198070325425,3.2139658841793945e-05,,231582.408731579,,True,,12176,,178.59593672284467,,,0.1,4.361144370205021,,,,,0.019939868386524666,8.112368123995009e-05,,,,2.537851264429656,,,,,,
r3600_c1200,3600,1200,3d,weibull,0.9948871965018496,17.190718488702917,0.07150387051167462,7.36268524301075e-10,1.029690447569356e-08,0.04689537247706724,0.4809813975427402,1.0000004498326098,266253.11109897704,,True,89.99999970657538,17423,-15.753418825504447,5.08975070744105,178.45814020371276,-89.99999989069559,0.1,3.9091818817371395,0.09383365614999523,0.3210576480509899,0.001083153068923086,0.009197074804132588,0.011035383903019478,0.12604867764607777,7.614515976429804,0.3601080854045274,204.51768600685168,5.275223652206549,678.1619302155165,0.3500594252048501,0.3601088355309371,1.89969700074764e-05,90.00000029342462,0.0004769890618096272
r3600_c1200,3600,1200,2d,weibull,,0.24448366348715905,,,,0.05304232617400939,0.47567972793823593,1.0002496033298565,230196.1137811173,,True,,12176,,5.219342940171048,,,0.1,4.348071469933263,,,,,0.017337562971586864,0.11699155075675076,7.119553088511646,,,5.159615970662473,,,,2.4656513153346227e-05,,0.0004343638180474918
r3600_c1600,3600,1600,3d,powerlaw,0.9451999140809388,nan,0.23409434115367628,0.00028101352034454104,0.0012004285065569512,0.021364388325480148,0.9971684649908539,,427221.16529860324,,True,89.93324546983045,27938,-5.273045619580612,44.95938373182762,-107.38220424583972,-89.99983502706297,0.1,3.9104678856054016,0.07644129473016038,0.1699121752871035,0.00015854861065473094,0.0005394218862145371,0.0033086898689903893,0.12283244765081552,,0.03312631788238702,1.1851886160334746,170.91002369240974,190.85582448834523,0.011046259773886551,0.13265523962077963,,89.93324546983045,
r3600_c1600,3600,1600,2d,powerlaw,,nan,,,,0.0012332232675007675,0.0,,295351.4605284075,,True,,15220,,179.99999999998414,,,0.1,4.4051655597675765,,,,,0.03579169063200744,0.8285995752311786,,,,345.8541198982341,,,,,,
r3600_c1600,3600,1600,3d,weibull,nan,186.01626451384604,nan,nan,nan,0.02933878418760083,0.6504241539087839,1.0000000006377605,413731.2383205363,,True,90.0,27938,nan,1.160340904652547,-82.65744926789574,-90.0,0.1,3.8482342450905405,2.745903903696197e-05,0.003128466148163581,6.98950221516917e-15,1.2330496906187287e-12,0.01672690834247428,0.18913126844087655,11.725793734059907,7.855050425878596e-11,170.31168119949004,336.71991521763374,588.640233598083,2.9469763177868494e-11,7.855050425878596e-11,1.6041551471335222e-05,90.0,0.0004831112749864629
r3600_c1600,3600,1600,2d,weibull,,1.206003085838235,,,,0.028453444097872278,0.6367167030594943,9.179749766496707,293825.3940600344,,True,,15220,,1.1453145024992182,,,0.1,4.393770183987782,,,,,0.005442530387699065,0.08668530430184689,8.721125332860046,,,328.505995805762,,,,1.7259100326891514e-05,,0.00045258939630342615
r3600_c2000,3600,2000,3d,powerlaw,0.9786317796781615,nan,0.1461787287978453,2.0988775420184368e-05,0.00014358296581721094,0.0348383086490296,0.9104546780778099,,618969.7890753592,,True,89.99251254831017,27938,-6.925672294718665,43.65674131344694,-122.13077730248986,-90.00037262525058,0.1,4.706922738366278,0.5131060971793321,0.6336860182626793,0.0001237162304130784,0.00018655773498341485,0.01477123391714793,0.3256430345011848,,0.009530080244870101,2.1692488783962145,5.903375051132463,26.51663333257855,0.0015127315588789635,0.009530080244870101,,90.00748745168983,
r3600_c2000,3600,2000,2d,powerlaw,,nan,,,,0.002023382096043316,0.0,,362407.56840364606,,True,,15220,,179.9511947809623,,,0.1,4.879679555325065,,,,,0.019212440374509934,0.04946305491972817,,,,324.592131054138,,,,,,
r3600_c2000,3600,2000,3d,weibull,0.8797500860928383,23.194253982803808,0.34677069355290346,1.5444588191582335e-36,4.453833175272669e-36,0.05918225040849228,0.7940803518256678,1.000000000009916,601196.284397934,,True,90.0,27938,-80.34020669171461,9.047529463780084,-178.60901904538102,-90.0,0.1,4.638851685899709,0.7771173693800536,0.8824656214043846,7.440952424503837e-05,9.153932394170897e-05,0.019825256885998226,0.27440928886916355,9.546376649510704e-07,0.0009991283244020217,284.20892459462084,62.092516613415384,618.4937329432329,0.0001902824341683154,0.0010244095986189632,7.219248513046513e-05,90.0,0.0005509514394896658
r3600_c2000,3600,2000,2d,weibull,,1.0636217832051806,,,,0.04931299144896906,0.7154366021689382,9.997455705450184,357987.66092431115,,True,,15220,,7.773825890762617,,,0.1,4.849832088104314,,,,,0.013102799367382824,0.2720752058951636,3.993181633484127,,,63.27555238449733,,,,6.549143165424329e-05,,0.00046646239939261946
r3600_c2400,3600,2400,3d,powerlaw,0.9521646134719808,nan,0.2187131764353961,0.0002653023783491908,0.0012130150669159903,0.009506650136074801,0.6187000022196962,,100847.6073900914,,True,89.91775123492225,27938,-5.194652123687154,141.81229982265566,92.14064765178759,-90.03493088650048,0.1,1.899919249841936,0.11530115374168283,0.20033580052312278,0.00024368426326367554,0.0014832538496474658,0.00352072194792054,0.2185432563842953,,0.12124862013414804,1.7914108835358737,4.63947148516706,366.9681488636512,0.14366858654823414,0.34881966084799654,,89.91775123492225,
r3600_c2400,3600,2400,2d,powerlaw,,nan,,,,0.025620467839774702,0.7278256614140798,,63086.9750100397,,True,,15220,,159.65733829289206,,,0.1,2.0359285175040682,,,,,0.0024926943022968713,0.15257535104942166,,,,18.306140096220343,,,,,,
r3600_c2400,3600,2400,3d,weibull,nan,2169.8506645258153,nan,nan,nan,0.02562045813109955,0.7278248335898584,9.999970129018,98121.52755498493,,True,90.0,27938,nan,159.65717404434716,179.5706541251522,-90.0,0.1,1.8740643266823906,0.006823655804159276,0.08281609105211392,0.00046691835886792694,0.008758211185692876,0.0024927465547381496,0.15256904679919794,3.998067637413552,0.701313188091555,354.20041991859506,18.306291328891625,586.7519519284868,0.049147306731619676,0.701313188091555,1.9881969481258553e-05,90.0,0.0003755502103480067
r3600_c2400,3600,2400,2d,weibull,,0.8940840165983083,,,,0.025620421603120627,0.7281157115719273,8.705413585637997,63086.975123034594,,True,,15220,,159.68502700584693,,,0.1,2.0359285193273413,,,,,0.0024926092228249163,0.15255460211232738,4.722310262287149,,,18.304277235702422,,,,1.54287385619642e-05,,0.00037820633241431804
r3600_c2800,3600,2800,3d,powerlaw,0.9479240386725537,nan,0.7120798739914256,0.6928037615479528,0.972929845165509,0.03345699183193122,0.7442297573850181,,46377.809309587974,,True,72.31144875956112,27938,0.31212189031728066,8.82544693231637,-170.50556314409,-71.15959962305662,0.1,1.2884200031720963,0.2577387622456284,0.11799755391583586,0.1828760394597571,0.19203117775097236,0.004515437404318127,0.13018005456165674,,45.810150840737485,0.25401109595404725,14.03735834059216,15.282875580553025,131.6240647361755,45.810150840737485,,72.31144875956112,
r3600_c2800,3600,2800,2d,powerlaw,,nan,,,,0.03854978401230337,0.7608431680840694,,31482.18031377098,,True,,15220,,9.528770061060508,,,0.1,1.4382191753821771,,,,,0.004218227986986945,0.07289336950734907,,,,10.326951427608757,,,,,,
r3600_c2800,3600,2800,3d,weibull,0.49845825172194547,0.1094910195517632,0.7651588540411233,0.41033135538219256,0.5362694990916741,0.04022692305754767,0.7747091538715725,9.99610507465663,44961.286191455525,,True,85.06097988113088,27938,-0.35544663308744706,6.9230913024799206,-171.16759436316295,-86.37668177571041,0.1,1.2685912358416955,0.7571154944479211,1.145552676851073,0.6399526598900904,0.8293072824426262,0.005326185149480694,0.0968308972256192,0.011952069318830668,10.385067590780228,28.94010816642163,10.999315481022373,160.71957088958308,11.788640730513373,10.38506760211764,1.250155632453281e-05,85.06097988113088,0.000329927753079973
r3600_c2800,3600,2800,2d,weibull,,0.7917646693613399,,,,0.03854982332947887,0.7608518603724699,7.123165634409568,31482.18031898776,,True,,15220,,9.52765769066604,,,0.1,1.4382191755013378,,,,,0.004218199583581018,0.07289432127069216,7.192522029127999,,,10.325876517588396,,,,1.934552215972406e-05,,0.00035592499705007486
r3600_c3200,3600,3200,3d,powerlaw,0.6390748065714743,nan,0.6685350471521506,0.366866884148701,0.5487623808377641,0.053675328076093584,0.5142324631582004,,14923.155101788607,,True,48.298410887409275,27938,-0.19742329569696615,103.67341016901007,-99.02964075130464,-143.65510940106296,0.1,0.7308574358358287,0.2758559761032066,0.17991905665180488,0.11402004659270179,0.197765505293902,0.00751783755827435,0.3052904212867393,,28.35585317806712,0.5132125375584594,14.07674871180966,309.12016713375743,181.07738345607567,156.6392218348909,,48.298410887409275,
r3600_c3200,3600,3200,2d,powerlaw,,nan,,,,0.052114133777150476,0.5590349275772402,,11498.461236628646,,True,,15220,,103.4971962315835,,,0.1,0.8691856277543105,,,,,0.008793767489893493,0.30354503107284647,,,,15.13400752921276,,,,,,
r3600_c3200,3600,3200,3d,weibull,0.639067642096569,1.3041657816438217,0.6685427014213478,0.3668754873892412,0.5487689666034041,0.05367540910697532,0.5142338469039172,9.99999884511064,14923.155107418388,,True,48.298129845412745,27938,-0.19742274389523712,103.67301115589338,-99.02873770051397,-143.6570913659896,0.1,0.7308574359736872,0.2758498652191688,0.17991041771796856,0.11401771917860389,0.19777107312078393,0.007517998038193912,0.30529042454825145,2.3900682007595035,28.35693458572192,0.513218787482669,14.076760725023606,309.12062473693874,181.07893638592262,156.64221486788597,2.1574717210317984e-05,48.298129845412745,0.0003714416457045059
r3600_c3200,3600,3200,2d,weibull,,1.2995076439633075,,,,0.052114108949314085,0.5590352215223364,9.99939754677993,11498.461236894298,,True,,15220,,103.49666433348696,,,0.1,0.869185627764351,,,,,0.008793758894570713,0.303540946079048,4.571749562353021,,,15.134687353716265,,,,2.6905106551818947e-05,,0.000375838357163848
r3600_c3600,3600,3600,3d,powerlaw,0.9134860319789135,nan,0.3980861150752535,0.280666357187509,0.7050393032031583,0.06525873227166577,0.6775685692969649,,34087.632715141546,,True,18.170674649463095,27938,0.5715851990669378,166.7969492321603,176.61203848027583,168.86090741147,0.1,1.1045891281692202,0.11197182447765146,0.10609712275153933,0.0669047452969573,0.30406980349322493,0.019912577910321274,0.3645586036607313,,5.667987878920283,0.6401052678015969,50.11707509169544,332.1108997034415,71.17628077633617,5.667987878920281,,18.17067464946309,
r3600_c3600,3600,3600,2d,powerlaw,,nan,,,,0.07807768636747105,0.6963443808985514,,29701.024002510247,,True,,15220,,165.52538582629748,,,0.1,1.3969420329881,,,,,0.021035922035067354,0.32192371721907476,,,,41.75343921144015,,,,,,
r3600_c3600,3600,3600,3d,weibull,0.9134889133244112,1.5388154846480704,0.3980773051933401,0.2806578547596629,0.7050335477511124,0.06525845504400103,0.6775619795495161,9.999999867524075,34087.632730869365,,True,18.17097230385798,27938,0.5715991665651398,166.7961326399412,176.61138258525975,168.86070111111252,0.1,1.1045891284240454,0.11197758774651617,0.10609687102665909,0.06690964029004555,0.3040730165725116,0.01991248130619316,0.36455763357264326,2.2821984740376657,5.668111495647305,0.6400993164023921,50.12119804838516,332.1113263241912,71.17740035026429,5.668111495647299,3.6081125176906244e-05,18.170972303857976,0.0003949523038403303
r3600_c3600,3600,3600,2d,weibull,,0.7923603632079786,,,,0.07807767518290534,0.6963540131641621,9.9997418096977,29701.02400486861,,True,,15220,,165.52596325158177,,,0.1,1.396942033043561,,,,,0.021036000756243883,0.32191283763318934,3.724431337431232,,,41.75490278660693,,,,4.17874771380159e-05,,0.00041457847589694644
r3600_c4000,3600,4000,3d,powerlaw,0.8768083454588381,nan,0.4596887531918609,0.3170224879989418,0.6896459523921084,0.09317255170572405,0.7068721750597817,,78346.03832935769,,True,14.4535584384206,27938,0.40562871645464593,143.80452898880117,-142.923348163532,105.49967218457876,0.1,1.6745991399937339,0.178774641008855,0.1889174370795052,0.09387220955564828,0.16015431165597815,0.022750066861823185,0.17703757335148568,,7.00514478483107,0.5606765677702054,45.68917151229003,48.341611847194855,362.8280226526576,7.005144784831072,,14.453558438420604,
r3600_c4000,3600,4000,2d,powerlaw,,nan,,,,0.10905392676204197,0.7747624903404042,,65096.964142787416,,True,,15220,,145.89617533709125,,,0.1,2.0681071754811065,,,,,0.02531750904971582,0.16921953400086004,,,,49.54944847548562,,,,,,
r3600_c4000,3600,4000,3d,weibull,0.8768115640868377,1.669909413268651,0.45968703074104106,0.31702484718472174,0.6896536686572602,0.09317252401866988,0.7068794711051068,9.999607674561355,78346.03833060886,,True,14.452861554027862,27938,0.40564365212673303,143.80304245443423,-142.92154311418872,105.49668137825275,0.1,1.6745991400071054,0.17876917759182898,0.1889132174678442,0.09387380969144032,0.16015583057486588,0.022750260120868445,0.17703790137139738,0.28465192623734414,7.0042560339841335,0.5606663529888617,45.689581660726475,48.34187972043875,362.8293437484202,7.004256033984137,4.777756497476871e-05,14.452861554027855,0.0005045310280618934
r3600_c4000,3600,4000,2d,weibull,,0.6346781128928365,,,,0.10905399858072765,0.7747722418344547,9.999761874641957,65096.96414787423,,True,,15220,,145.89677066396712,,,0.1,2.0681071755619094,,,,,0.025317555323721153,0.16922659657541725,2.613482515340875,,,49.55194191811406,,,,7.318093985523686e-05,,0.0005159591134157598
r3600_c4400,3600,4400,3d,powerlaw,0.8544739637303055,nan,0.5845395863890832,0.479133298008699,0.8196763900431144,0.18601211634504045,0.925442810675327,,76847.61153943269,,True,45.41365196537195,27938,0.3380851105298843,53.2913429022736,-147.94913842392947,-98.46692936966222,0.1,1.6585078462770897,0.46071512919959606,0.279634747050039,0.08547452803937788,0.27091758343062433,0.04041901439598689,0.20948915689203795,,11.127775974204459,0.7935170648932727,79.9676068579001,171.45645203349423,40.13165448926461,81.67400394886211,,45.41365196537195,
r3600_c4400,3600,4400,2d,powerlaw,,nan,,,,0.19134133959135932,0.8994930686815319,,68370.62911409412,,True,,15220,,31.004841286993013,,,0.1,2.1194709179454896,,,,,0.04522589815603858,0.11401547587819473,,,,80.52521742484795,,,,,,
r3600_c4400,3600,4400,3d,weibull,0.8544727915066844,0.8213921417103321,0.5845434490988317,0.4791377101213949,0.8196785215197658,0.18601224671771044,0.9254425285813505,9.999999743267352,76847.61167205262,,True,45.41349455327579,27938,0.3380811028128896,53.291843340816236,-147.94901967530765,-98.46721291996448,0.1,1.6585078477081763,0.4606997889641891,0.27961661992210846,0.08546438804210046,0.2709284588224037,0.040419118412715345,0.20948799289413095,1.1436721259321172,11.12695816127621,0.793504752929463,79.96778856041091,171.4550254756122,40.131812587471956,81.67494356751814,0.00011386380545029995,45.41349455327579,0.0006278170597906162
r3600_c4400,3600,4400,2d,weibull,,0.5398728332543568,,,,0.19134136763981424,0.8994968758367878,9.999998183621901,68370.62913093227,,True,,15220,,31.004832796815844,,,0.1,2.1194709182064786,,,,,0.045225899254740354,0.11400298068912118,0.0895412267271662,,,80.52577630129387,,,,0.00015884717606726693,,0.0006408950272852354
r3600_c4800,3600,4800,3d,powerlaw,0.7155682927570935,nan,0.5778469863105429,0.2629476263564194,0.45504715363369175,0.13652370777226377,0.5297181012123309,,55117.04893738808,,True,83.98053056476607,27938,-0.2389080561177419,86.66516273210685,-86.73993641964489,73.80888078040397,0.1,1.404576253758848,0.3627111704827108,0.27122628759129414,0.1298820685153481,0.2749527357714824,0.03841040802330168,0.43612794096610363,,12.020792473123684,1.0317801527379118,66.62806540848679,346.4235876571833,256.8169633206863,25.913092842265698,,96.01946943523393,
r3600_c4800,3600,4800,2d,powerlaw,,nan,,,,0.13061713746894907,0.5710039279112452,,30175.39289878869,,True,,15220,,85.85345795856136,,,0.1,1.4080534484592722,,,,,0.03327531210817395,0.42375545126678643,,,,73.1491757536996,,,,,,
r3600_c4800,3600,4800,3d,weibull,0.7148298262624951,0.2371316636275408,0.5715129807385093,0.24082254943485937,0.42137721723077637,0.14438487937803554,0.5731838918735024,9.999999507058158,51499.567840605516,,True,82.21937667884664,27938,-0.3047587609952913,86.34036496939927,-84.6299881556117,78.07814586908643,0.1,1.3577009935899151,0.5304109047146754,0.7611563066405278,0.3193059863706723,0.5518340855097101,0.04278892517257048,0.4064777287524656,0.00011729079022362387,12.318495513482567,1.0020331096589798,67.30377355418324,359.0241730375221,297.57880688112243,29.8817934055783,4.757899234060086e-05,97.78062332115336,0.0004718308067299981
r3600_c4800,3600,4800,2d,weibull,,0.6741424882850839,,,,0.1306171455661528,0.5710042066011869,9.999999999987772,30175.392973665053,,True,,15220,,85.85341724741514,,,0.1,1.408053450206224,,,,,0.03327529435948575,0.4237503255158817,0.038937678390184215,,,73.15096301313812,,,,6.884516984721946e-05,,0.0005383764338656259
r3600_c5200,3600,5200,3d,powerlaw,0.888177809902431,nan,0.4717205563971083,0.3530369080226352,0.7484026363384476,0.17447960888966688,0.49483260816180724,,424222.36151864415,,True,79.78477106192261,27938,0.4615543482983959,62.796174625605765,-120.24927196333823,-109.39303782542176,0.1,3.8967192961220407,0.1466950442501216,0.2357924826708189,0.23163574887528487,0.2643264968506861,0.0457667539801053,0.2203288127879879,,14.283341680300072,0.6110355166309235,15.272760464417907,14.774921994597285,55.62576638337246,14.283341680300072,,79.78477106192261,
r3600_c5200,3600,5200,2d,powerlaw,,nan,,,,0.19704492587628203,0.5927114271888091,,261695.35258850828,,True,,15220,,62.535520055722046,,,0.1,4.1465860170919475,,,,,0.03133394829030529,0.18256748878096024,,,,14.735347596928282,,,,,,
r3600_c5200,3600,5200,3d,weibull,0.9909721735968159,1.645050392861396,0.09501494531032699,0.00011641082681276225,0.0012251843794947675,0.1950860076931825,0.5960551205315213,9.999999999965691,375313.9470819448,,True,89.88910338479745,27938,-4.350942851739376,62.34986214555988,135.0787985246113,-90.02156892940565,0.1,3.665217025655528,0.041365282408929754,0.20335522305990744,0.013410175898885279,0.0996924181175509,0.029953511680063636,0.18336532590405016,1.121267466890922e-07,6.664519765118979,61.55432384095802,14.742776054886525,467.76502582718086,2.57759656991917,7.646812596840825,4.7528102525652406e-05,90.11089661520255,0.0006023101727291279
r3600_c5200,3600,5200,2d,weibull,,1.0069691993092456,,,,0.1970449926265163,0.5927143891391222,9.999968563971038,261695.35259219998,,True,,15220,,62.53580415402984,,,0.1,4.146586017121195,,,,,0.031333910714372956,0.18255660137838184,1.0786138317504488,,,14.739827843633641,,,,0.00016860123896937016,,0.0008660952228251259
r3600_c800,3600,800,3d,powerlaw,0.9613869190710572,nan,0.2062140656765039,0.06378281527813658,0.3093039025679033,0.09823274193602322,0.7438534063493292,,33210.54325576805,,True,77.20212374139885,17423,0.40540951401860426,12.966778555847618,-167.22616901986328,-90.0411608614475,0.1,1.3806275062701518,0.41300931269454694,0.7595954205570838,0.24299981304545848,0.23447433617189872,0.03888407508230754,0.2403896734439601,,12.023438422647287,6.503178903248461,145.0027322033323,322.4190294411931,172.36846589696958,12.023438422647287,,77.20212374139885,
r3600_c800,3600,800,2d,powerlaw,,nan,,,,0.11522914947954908,0.769004979863843,,15144.64591057269,,True,,12176,,9.728333122893252,,,0.1,1.115262866199613,,,,,0.03051217312886498,0.15987000846769536,,,,207.01299787545827,,,,,,
r3600_c800,3600,800,3d,weibull,nan,11147.242637807423,nan,nan,nan,0.11524161460068814,0.7689423966574657,9.999999612162155,28081.80912632513,,True,90.0,17423,nan,9.717230943513576,-179.33838815052982,-90.0,0.1,1.269553693299867,0.026339055632716633,0.16992366480534943,0.0064930189362111005,0.04056854904882354,0.028754112697400757,0.15929122734692738,10.947087689659876,2.5572521297909194,278.94160587913734,206.77021974829066,534.6943268404559,0.3110218186029449,2.6743243155531378,2.2572667771964078e-05,90.0,0.0005924225428702995
r3600_c800,3600,800,2d,weibull,,0.6200832933137631,,,,0.11522909990998936,0.7690238647023258,7.493323431371235,15144.645944036547,,True,,12176,,9.722755866262446,,,0.1,1.1152628674317644,,,,,0.02953092687300379,0.15586491648900894,6.4981439868457285,,,204.76087967850026,,,,0.0002656992398214121,,0.0006810725629520293
r4000_c2400,4000,2400,3d,powerlaw,0.9816504240890793,nan,0.13546219879634547,0.000662914507893904,0.004893723221564807,0.027547950836860756,0.20367408477812426,,215066.16675908022,,True,89.77200992281062,17167,-3.320739216950394,170.54579538737238,-168.67638811741227,-89.54046858778113,0.1,3.53947495528818,0.06567839899720795,0.22767071889151266,0.004625998614718437,0.04792042475612955,0.01682885120677091,0.40534373412760927,,1.1950780947357036,5.367348342399439,13.032159895774514,606.1651903307484,1.2989408012757269,1.1950780947357036,,89.77200992281062,
r4000_c2400,4000,2400,2d,powerlaw,,nan,,,,0.09682080539564684,0.6337470369289633,,171954.94785856822,,True,,12176,,169.62382223962172,,,0.1,3.7579847958144126,,,,,0.06551272089767168,0.65968941168693,,,,157.35873516884865,,,,,,
r4000_c2400,4000,2400,3d,weibull,0.9999822663083164,38.96142450360523,0.004216589196644397,0.000214321217431844,0.05082810002036787,0.09681085590982948,0.6337588610212782,9.999999910686952,201965.5900655234,,True,88.10607220848141,17167,2.4894227976612573,169.62418001397134,177.20811841993591,-89.63934719756358,0.1,3.4299792108945213,0.001102008152985617,0.03486808573561228,0.002261430521098139,0.09327412574875585,0.029150789549328864,0.2797512983325149,9.908788875555501e-05,3.720945100329511,44.88167843563273,11.571946281151236,648.234394168861,1.49128648341725,3.9961089838283956,2.376724378455578e-05,88.10607220848141,0.000497597317109243
r4000_c2400,4000,2400,2d,weibull,,0.8093810444696083,,,,0.09682094400349621,0.6337535266555786,9.999781608156743,171954.94786139653,,True,,12176,,169.6239917617079,,,0.1,3.757984795845318,,,,,0.029193093523647864,0.2796770894698244,1.7628335857528274,,,11.570609306187714,,,,7.204103249190103e-05,,0.0005562891338208887
r4000_c2800,4000,2800,3d,powerlaw,0.43382297086207977,nan,0.7524473597548146,1.215277058172198e-05,1.615099106159661e-05,0.019133432585651835,0.1143021551478112,,884445.3595871662,,True,89.99535544392559,27938,-10.749104905515104,18.679674117964858,157.2785753457416,-90.00522816383668,0.1,5.626493834736725,0.24463493200300052,0.41199234426033216,0.00012013009919203709,0.000637816382570516,0.007003024899255421,0.11967376357987815,,0.00790946000520004,4.204460173603471,8.468881834987448,17.87732761305002,0.06510996582360662,0.007995284215355702,,89.99535544392559,
r4000_c2800,4000,2800,2d,powerlaw,,nan,,,,0.03654618604397435,5.484829627772556e-05,,624262.7579902397,,True,,15220,,178.52207954164328,,,0.1,6.404369596896769,,,,,0.0849961257268068,0.9450268003363483,,,,330.6504244923201,,,,,,
r4000_c2800,4000,2800,3d,weibull,0.9995059764208098,18.748411721387363,0.022226804261822317,8.515917945802632e-05,0.0038313730779687156,0.0756690333499314,0.48639519492803956,7.1860478428632275,866806.7876586117,,True,89.88948273667309,27938,-1.7580757147975297,2.834675410969408,176.76860546340225,-90.03624320348274,0.1,5.5701064525090835,0.026656074676983423,0.16698507710809074,0.0015441861781289594,0.013199050664579043,0.02187717407679515,0.19659294696391377,0.0054748684471348135,0.4773043326793143,123.62461265971271,5.444248549948059,625.5573698725694,0.31491996180196136,0.502029378958159,7.327209257423544e-05,89.88948273667309,0.0005506357602514161
r4000_c2800,4000,2800,2d,weibull,,1.3241655760313336,,,,0.07567032317441208,0.48642064054801504,9.094243582841546,619446.2420397548,,True,,15220,,2.8333229738500765,,,0.1,6.379615213989375,,,,,0.021875651071823897,0.1966029723784022,4.646502072385763,,,5.445526055956913,,,,5.484822662014755e-05,,0.0005698467504700673
r4000_c3200,4000,3200,3d,powerlaw,0.7717400511150978,nan,0.5566359108317303,0.32513661642761893,0.5841100261422173,0.08441635609004253,0.4726103469444745,,325445.6414230017,,True,88.05508698169213,27938,0.04817800079798129,149.24942946472578,150.6473969144175,-63.104700584815625,0.1,3.4130415335812523,0.9276197505431363,0.8873226338660182,0.7542453921254018,1.0375640315115624,0.12780196651101017,0.6889239337405385,,51.44117894696906,11.486556624668694,21.293806571399255,543.1718897011314,418.3260753690198,53.68054386392443,,88.05508698169213,
r4000_c3200,4000,3200,2d,powerlaw,,nan,,,,0.08819651373761622,0.5835650436082633,,217870.51290854352,,True,,15220,,149.34733616191943,,,0.1,3.7834839997871583,,,,,0.02890442221015792,0.25457752370251074,,,,18.931055134215462,,,,,,
r4000_c3200,4000,3200,3d,weibull,0.999753872299415,11.380353037831805,0.01568869805667409,8.687914768896775e-05,0.005537690085890124,0.08795441428518214,0.5840919662086652,9.999999998259675,310351.4199871243,,True,89.60085293883112,27938,-1.0413631223173652,149.3418651518517,-160.03595532320946,-89.82446637050825,0.1,3.3329531722296397,0.5584542566893441,0.7359288540757007,0.3875373890452704,0.468971811439734,0.029781645589253152,0.2576083225772873,2.1809416695019104e-05,52.898857122250696,54.28386155088621,19.058088881824666,479.0814374220141,203.4375854334144,53.19913021209821,0.00010622935911125498,89.60085293883112,0.0005122956161898163
r4000_c3200,4000,3200,2d,weibull,,1.019826175337776,,,,0.08819666433247933,0.5835779809821205,9.99930817149208,217870.51291110564,,True,,15220,,149.34750902640775,,,0.1,3.783483999809405,,,,,0.02890415803296312,0.25456505108228417,0.08097597371341417,,,18.931953027149596,,,,8.463452475222301e-05,,0.0005895244142780614
r4000_c3600,4000,3600,3d,powerlaw,0.9991537837661038,nan,0.02908986479127384,6.326978656642246e-05,0.0021749769901096843,0.031349992491681036,0.16922221452306138,,422209.73437035363,,True,89.28417120238973,27938,-2.593371739326326,157.67235196220022,-122.09867782352201,-89.88035890794369,0.1,3.8874647544005807,0.04513375469579126,0.1887698140100505,0.0005736306674013463,0.0051003711525393946,0.022254743295955354,0.10159394820384525,,1.4839920367369783,2.7905146767414424,14.670093579654523,30.512068610473843,0.44697668790195266,1.4839920367369783,,89.28417120238973,
r4000_c3600,4000,3600,2d,powerlaw,,nan,,,,0.08569510300489512,0.49438999849714726,,214824.64376472877,,True,,15220,,155.46448600670558,,,0.1,3.7569440198448016,,,,,0.09462550019781595,0.799974354555032,,,,152.64897959300973,,,,,,
r4000_c3600,4000,3600,3d,weibull,0.999744920387727,16.428981988056957,0.015971211985097055,1.654174929004731e-24,1.0357228559412167e-22,0.08569294144877801,0.49439123105837807,9.999999974287645,410010.5198128695,,True,90.0,27938,-46.48480502312016,155.46478920599554,-175.0635637825553,-90.0,0.1,3.830891424690823,0.10763893541990663,0.3213763752034863,0.06608973574114366,0.18497441440632142,0.023475207395481288,0.17838630706078684,2.7466231792749614e-05,3.4135940267219276,301.80183573284523,13.568181138715651,629.6365286966395,0.7941492291134735,3.451371889692604,2.2679840506929638e-05,90.0,0.0004617015488931218
r4000_c3600,4000,3600,2d,weibull,,0.9339758206352934,,,,0.08569533985985701,0.4944002716938388,9.995019426849854,214824.6437761185,,True,,15220,,155.46430201363054,,,0.1,3.756944019944396,,,,,0.021048862017167564,0.17651237851700172,1.503491828627175,,,13.475561031625112,,,,3.936037335200085e-05,,0.000496359357122706
r4000_c4000,4000,4000,3d,powerlaw,0.9954645791420546,nan,0.06740632098226784,0.002868548491673843,0.0425560756005131,0.025486156481257016,0.46033912717888364,,175877.72852740047,,True,86.69611231054807,27938,-0.4599161644932499,125.41773140413726,171.6419611473806,-87.90464270907827,0.1,2.509041054168716,0.3386496793064734,0.5313145023282659,0.22534555387029193,0.3295490291790762,0.031995899694102485,0.33710051523055606,,5.846076530031429,2.2965292126234407,58.25648713811294,313.043427417533,12.201199207180359,5.846076530031429,,86.69611231054807,
r4000_c4000,4000,4000,2d,powerlaw,,nan,,,,0.06421959136696914,0.7630088918473263,,107391.97174378022,,True,,15220,,128.79662299947836,,,0.1,2.6563089275371965,,,,,0.07935684680839833,1.1271820019437122,,,,76.42604856552329,,,,,,
r4000_c4000,4000,4000,3d,weibull,0.9989604948132502,4.506097557845614,0.03229642796113825,0.0018862053494119824,0.05840290919112237,0.06417597233361175,0.7630196821575941,9.999999989716805,169287.84856964467,,True,86.63469356178341,27938,0.5924090688352353,128.78188734958727,170.48296614930098,-89.08615534692905,0.1,2.4615872645294488,0.074394057384414,0.2739812963889876,0.015566199192473719,0.09239633279450019,0.014831475750225446,0.18800793563029425,1.2248748986753145e-06,4.9991627952907045,26.071553564418053,54.18029754696943,500.7439204826292,1.0676726313389653,6.248900241957342,1.6831908919996764e-05,86.63469356178341,0.0004177555225633993
r4000_c4000,4000,4000,2d,weibull,,0.463525792832743,,,,0.06421959949744388,0.7630121965607799,9.999999973436536,107391.97179338623,,True,,15220,,128.79726347370394,,,0.1,2.6563089281506915,,,,,0.014914968550077588,0.18813988734335446,2.647606516934578,,,54.191892305309864,,,,3.355328884893604e-05,,0.0004462356796436488
r4000_c4400,4000,4400,3d,powerlaw,0.9994099824367274,nan,0.024291003305572333,0.0001878806692943024,0.00773457839228908,0.018657308633547646,0.5568596862572798,,82583.47535171336,,True,89.23849748169741,27938,-1.1444050714061564,48.31892637170482,152.7872238843883,-90.13284711463325,0.1,1.719289144757182,0.0035694439824094427,0.05658093806882393,0.0006941472476227493,0.015760105501996295,0.006044827294053841,0.16521849106131706,,1.506855996511372,3.460631639033792,28.721296588478268,44.47148577136468,0.47454890123395893,1.506855996511372,,89.23849748169741,
r4000_c4400,4000,4400,2d,powerlaw,,nan,,,,0.03678507036438469,0.7309679479523031,,42802.073754040575,,True,,15220,,47.95200374046096,,,0.1,1.6769691732463166,,,,,0.0065656007874019,0.10133035091823286,,,,26.5211790180128,,,,,,
r4000_c4400,4000,4400,3d,weibull,0.9979583328433522,10.586734652966795,0.045184811127719784,3.2841326736086586e-09,7.268222643059633e-08,0.03678499910145885,0.7309722202572486,9.997686562298155,80977.02934116524,,True,89.99999504496994,27938,-13.34017467494088,47.95238388589914,169.80174140353014,-90.00000119010308,0.1,1.7024848807473612,0.3547139014265043,0.5597456802852525,0.009799374366275808,0.14854642792621145,0.00843779196693444,0.15525645537940397,1.523253427670976,8.667058945434308,44.05095776762719,35.171814461390184,612.9934488520805,2.021990328589905,9.665905928457029,1.3036579850719208e-05,89.99999504496994,0.0003948422535296353
r4000_c4400,4000,4400,2d,weibull,,0.8760587666105806,,,,0.03678513955648944,0.7309821079855442,8.875251195254876,42802.0737548145,,True,,15220,,47.95309372225091,,,0.1,1.6769691732614775,,,,,0.006565593477731956,0.1013388233067841,3.40097445533889,,,26.52277975407575,,,,2.0028054983788043e-05,,0.0004027001708710703
r4000_c4800,4000,4800,3d,powerlaw,0.9976094937809106,nan,0.04890008986066266,0.0008451489659270275,0.01728317817687492,0.017621111995617132,0.5344734355009534,,15748.77623554512,,True,88.76966456420523,27938,-1.040045565383365,26.674777644619052,159.95982328763273,-90.6615602925871,0.1,0.7508025685499932,0.0033001021313723337,0.032896958595796257,0.0009601907626391171,0.03492237247434691,0.007049949428756467,0.14944879928356636,,1.9188367371325907,2.3916389530145805,14.039496875589847,27.66407834839513,1.0971278958214548,1.9188367371325907,,88.76966456420523,
r4000_c4800,4000,4800,2d,powerlaw,,nan,,,,0.01927786955550378,0.5687971663127922,,6338.753460288241,,True,,15220,,25.938953201700418,,,0.1,0.645348944527615,,,,,0.0031015793499213113,0.12289363790190665,,,,13.369144595413863,,,,,,
r4000_c4800,4000,4800,3d,weibull,0.9902742529070424,7.092753417188551,0.09882501125217259,0.0064058450350820435,0.06482007898522972,0.02570027434341713,0.6483662834003129,9.999847008961462,15040.211043663683,,False,87.29361658662444,27938,-0.42173530679788374,27.71189412450018,-170.3622258661837,-90.99319123451102,0.1,0.7337182281961344,0.5412662538617438,0.8830625657881295,0.043989116098547304,0.08951990608956076,0.009810797536105297,0.19254179100082208,4.587377231975745,4.7791253395610465,211.98773101134353,12.043779939109529,625.2641618526167,168.0865740072809,8.050580753157206,1.0749612504214045e-05,87.29361658662444,0.00037798565805871283
r4000_c4800,4000,4800,2d,weibull,,1.9616277491568184,,,,0.01956464545043231,0.5677357953551635,1.0007821645751311,6338.749168353184,,True,,15220,,25.88926849799204,,,0.1,0.6453487260464701,,,,,0.0025424056342527143,0.1158081366253994,11.814779029489287,,,13.293270628756387,,,,2.5386695470661604e-05,,0.000375795794964126
r4000_c5200,4000,5200,3d,powerlaw,0.9939000112063441,nan,0.09427932835147367,0.052969026873594734,0.5618307618413022,0.032418454267609746,0.5606770598835925,,337058.9337587986,,True,4.955825835816327,27938,1.784938714963768,2.6424243431616277,-149.30276631061525,-28.22540698830686,0.1,3.473403717787787,0.7955444292370694,0.902153530098771,0.048882874015934503,0.6795405384007969,0.017366585229781677,0.45952169989055136,,106.88426254991862,5.619087514939605,58.254738143483685,10.234945412720956,90.09576903729948,106.88426254991862,,4.955825835816332,
r4000_c5200,4000,5200,2d,powerlaw,,nan,,,,0.04000953650582192,0.6477175807185936,,247049.58962711802,,True,,15220,,4.560521306795155,,,0.1,4.028883803998092,,,,,0.01630945878890287,0.24124200130387746,,,,42.36091642172488,,,,,,
r4000_c5200,4000,5200,3d,weibull,0.9997194380313598,10.027754430859444,0.019746249149604194,0.010458636410598916,0.5296518002665106,0.029532677945013713,0.5289931890316238,9.999728252913828,336903.4116146182,,True,4.265231582928095,27938,3.2892562531756226,2.239461117037638,-146.1599495635981,-31.726834745716996,0.1,3.472602294851942,0.0003319547570189247,0.012620129075595685,0.010018245788212704,0.5562152204437856,0.013383669701909342,0.3894163856688343,8.391646707758184,109.56104843726851,24.563279483931154,44.624336163547255,308.3499245233319,84.72179661586395,109.56104843731482,2.563483390858217e-05,4.265231582928101,0.0005646290645212955
r4000_c5200,4000,5200,2d,weibull,,1.2618014662351877,,,,0.040009518987216115,0.6477165888359656,9.986657974426217,247049.58962709742,,True,,15220,,4.560713734137378,,,0.1,4.028883803997924,,,,,0.013473013610906312,0.22516770307767667,9.038657597613359,,,39.72998997161306,,,,8.308724997257718e-05,,0.000595910944946141
r400_c1600,400,1600,3d,powerlaw,0.9993382073400848,nan,0.025725348882235512,3.0262248017724118e-05,0.0011763590906485833,0.014772194427313094,5.558060606612736e-05,,189479.39630248724,,True,87.73323899611474,12049,-3.085052691561982,174.95935498153568,174.86022108088653,-177.49517939334902,0.1,3.9655688455474367,0.3168918457363186,0.5232322562662074,0.0370608142816006,0.8204517619970678,0.04503545238265804,0.8721394900336212,,105.94161056687321,23.78449600043399,328.85701196781247,624.4679971503149,409.77943243170677,148.187651111392,,87.73323899611474,
r400_c1600,400,1600,2d,powerlaw,,nan,,,,0.034696752760274015,0.4360490906220191,,185185.2976076821,,True,,9132,,177.21814584123715,,,0.1,4.503190303473196,,,,,0.046952751888729355,0.759957178714829,,,,339.59957902678474,,,,,,
r400_c1600,400,1600,3d,weibull,0.9990969616283322,10.384885612707969,0.03434496365625849,0.01663695005592812,0.4844072692124239,0.02865718638095873,0.4682354871778366,9.993648880848403,188805.91247191103,,True,15.86075978465503,12049,2.6464706287288093,179.8630337682161,-166.1349255266952,-14.853055931032628,0.1,3.9585149811300795,0.020594563164315332,0.15022682013165062,0.06539069704532084,0.3285208704825626,0.006380154123791995,0.3505887538161902,11.143121251535305,17.47273123284613,2.3874822495280763,314.92465271925096,407.0270412788043,175.50430590279728,17.472731232846126,2.140293717258764e-05,15.860759784655032,0.000383610180310467
r400_c1600,400,1600,2d,weibull,,1.8886710745331035,,,,0.03469680681076843,0.43605227398591856,9.967321596117932,185185.29760814348,,True,,9132,,177.21932694534888,,,0.1,4.503190303478806,,,,,0.011098252216243791,0.2796857108620889,14.13899178277253,,,223.6006586286313,,,,4.340597254781266e-05,,0.00041580890584431415
r400_c2000,400,2000,3d,powerlaw,0.9999864018825968,nan,0.0037206113551850554,0.0004948078236699668,0.1329909997130985,0.06848001900971123,0.7911165710497328,,250944.03433127358,,True,83.7589596507169,20323,3.57639345702792,24.54200406568073,-141.85652007393156,-89.16136788008582,0.1,3.5139415175827082,0.00037607485030206493,0.01977403831033945,0.0026198869217689477,0.17460111667198433,0.0801731045988334,0.7562886794178968,,8.22685613583208,21.84690361527984,28.06620816940259,48.94110940382249,169.37022083751162,13.675017321451294,,83.7589596507169,
r400_c2000,400,2000,2d,powerlaw,,nan,,,,0.013068438560249883,1.4693556447110315e-06,,176936.89355999598,,True,,12176,,178.6602645949703,,,0.1,3.8120349995393803,,,,,0.02224859958771011,0.5635237100206829,,,,288.517488232925,,,,,,
r400_c2000,400,2000,3d,weibull,0.9448674381456147,10.378957099001978,0.2365676084096531,0.02966815004506406,0.12541087194697048,0.06770643648675809,0.7796406077276042,9.999999999994598,251043.0969062117,,True,83.93570630422313,20323,-0.6346387151502182,25.117169654923654,179.63317774653453,-88.51629774266401,0.1,3.514635030278983,0.00841862961719209,0.10594157671592765,0.01679340539929401,0.2301287221854869,0.060284973218348505,0.33221452192923395,7.5229176318449476,10.786720983505921,311.7033530035124,13.674862868794998,618.7947872121978,1.5228602894404826,10.786720983522967,7.166953377794029e-05,96.06429369577687,0.0004821048590206469
r400_c2000,400,2000,2d,weibull,,0.8780727115464924,,,,0.033685833324313234,0.6053901792007653,9.999616802417826,175875.02418337628,,True,,12176,,24.479861086205464,,,0.1,3.80057900897965,,,,,0.00485751063380278,0.17047811222736906,6.287173122139587,,,13.437550467925995,,,,1.2173014685966297e-05,,0.00040212081444455564
r400_c2400,400,2400,3d,powerlaw,0.9963475913968454,nan,0.06045353457710804,0.0014931116254587428,0.024698500028220684,0.022130061070239845,0.7876982605634701,,34300.60156095461,,True,88.71069407511051,20323,-0.8951325322492272,21.434466085105704,170.78641121201645,-90.2998998012765,0.1,1.2991430065021836,1.1346666971321977,1.2865927296534427,0.09065044117960505,0.09093180905202171,0.009036343869536737,0.20462897529065804,,1.4529877148424495,4.0012259554413445,42.37947854940712,556.4692130128359,1.0368634183451462,1.8408577574324332,,88.71069407511051,
r400_c2400,400,2400,2d,powerlaw,,nan,,,,0.030469009823013732,0.844899043473688,,19490.96220845646,,True,,12176,,21.55233568958151,,,0.1,1.2652149646361273,,,,,0.04355082352833379,1.499149410897162,,,,238.02866727706012,,,,,,
r400_c2400,400,2400,3d,weibull,0.9999942608002108,166.23806917519232,0.002395662703574815,4.776866390760779e-55,1.993964502445492e-52,0.03210354645801156,0.83880783093629,1.0000002417917382,33784.5010981372,,True,90.0,20323,-113.01020458305253,22.23277570981978,-178.63851862551485,-90.0,0.1,1.2893322518909685,1.0634012587190875,1.1832659747963896,0.07436115234855403,0.11140551076438993,0.00598346781604442,0.12798342292873738,15.091377319862977,5.981633389090582,94.30009029853434,35.95097753210367,592.472439735637,1.290181520148684,8.311100000258886,1.1453794728083264e-05,90.0,0.00035564103336183686
r400_c2400,400,2400,2d,weibull,,0.09667743113422748,,,,0.038823210671093296,0.8122698538134878,1.0000438037237593,19483.51488909312,,True,,12176,,24.5633380799757,,,0.1,1.2649732279779986,,,,,0.012058998256805325,0.10048704010043381,3.4343502207879966,,,38.1774282770603,,,,2.0005813378074355e-05,,0.000342628170804791
r400_c2800,400,2800,3d,powerlaw,0.999995270195429,nan,0.0021831134980500938,0.00019021079191166405,0.08712821943593674,0.02566030652665663,0.6863509357358616,,29963.878786228906,,True,86.03183627104714,20323,3.686628752323217,0.6625784622999332,158.73409242196402,-91.34342490968491,0.1,1.214241598432016,0.23657115360760048,0.4701586639521867,0.0587125823042478,0.13085140464300477,0.03132921246249223,0.8877881934576618,,5.639549859316943,37.46146971249193,328.0770934189194,352.9768808448391,232.1207790286086,5.639549859316943,,86.03183627104714,
r400_c2800,400,2800,2d,powerlaw,,nan,,,,0.0019136231632803221,0.007472568438610473,,20146.51630853531,,True,,12176,,0.027325747311937792,,,0.1,1.286315965788188,,,,,0.033494304651847995,0.9904098601196573,,,,229.867091643964,,,,,,
r400_c2800,400,2800,3d,weibull,nan,2165.1154759956344,nan,nan,nan,0.02649129456560313,0.6637649658339462,1.000201333251537,30272.38108685629,,True,90.0,20323,nan,0.5791697854578112,-58.55528455720603,-90.0,0.1,1.2204763898007724,0.32541370970062616,0.6015780066013802,0.07506288888101705,0.15751680481764518,0.009826111209756511,0.18891828365589844,16.6720524656209,8.325919534363624,265.1322112422106,336.84073799744243,551.8776243481461,169.2711898770494,8.74942395593428,8.75848783922002e-06,90.0,0.00032421107431767927
r400_c2800,400,2800,2d,weibull,,0.5475343874604396,,,,0.026055194401955042,0.6645162397748388,1.0000000826154851,19311.34367673084,,True,,12176,,0.4529321014118213,,,0.1,1.2593716910571346,,,,,0.007586839908747982,0.1270356270331527,8.437361998222704,,,330.02340468213623,,,,2.600432820786595e-05,,0.00032628836347599625
r400_c3200,400,3200,3d,powerlaw,0.9999991624544228,nan,0.0009151751620394568,4.604296030899575e-09,5.031054405627615e-06,0.0010000000000005527,0.0,,155995.51723773903,,True,71.42470354776793,20323,-5.203485895348344,1.591966907149222,91.0797987356625,-89.8368445954266,0.1,2.7705254927655902,0.005052818292615817,0.0905347787478016,0.05768809179726859,1.087321673668372,0.02134368435052145,1.199857198045121,,82.8700808582396,22.94144498604354,261.51660562905045,450.37599050736776,279.0038968868994,218.23812761623958,,71.42470354776793,
r400_c3200,400,3200,2d,powerlaw,,nan,,,,0.007762166619296253,0.0001992511067374419,,152382.28562944173,,True,,12176,,3.1073132684624234,,,0.1,3.5376504767965864,,,,,0.01907861943466578,0.7534765336700847,,,,324.5344686454942,,,,,,
r400_c3200,400,3200,3d,weibull,0.9996757375320615,9.426589426306332,0.02806724498109859,0.021532722071690668,0.7671833158613008,0.014554482768250197,0.763016011182432,8.973317331349108,155041.43186113224,,True,6.796723484920946,20323,3.308122539145767,30.722494219228622,-129.83156973462684,-19.935807218555418,0.1,2.762040082362829,0.00513293650910832,0.10082002799283028,0.07472930830220438,0.20242009996695903,0.0028405675959330126,0.19695882924162403,3.154324839886021,9.929380040683254,2.3426594750566347,31.439242996428632,17.99062903464829,152.056098914908,9.929380040683258,8.118485154094408e-06,6.796723484920944,0.00035593841498540577
r400_c3200,400,3200,2d,weibull,,0.12037160645791868,,,,0.02053534654652624,0.5880211240703727,9.999978566044616,152038.8225210322,,True,,12176,,19.562372644000234,,,0.1,3.5336613718101995,,,,,0.0031512899733912195,0.13336834012915083,8.436869303932438,,,10.305523191055322,,,,1.055741536993344e-05,,0.00035683459407197753
r400_c3600,400,3600,3d,powerlaw,0.9482281215573594,nan,0.34621091928107856,0.2679696698870003,0.7740069852315765,0.05123938553735619,0.6110305230442467,,388727.09066565166,,True,45.90528037932449,20323,0.8045327157668813,3.900045954057412,-164.15039685700953,-28.95707732149345,0.1,4.37349360076431,0.08431253399828993,0.15780860561374258,0.11126028885331003,0.1553346502465667,0.013468786778873205,0.1671646905568864,,15.090973339973651,0.5066802162016965,160.23292470128092,15.653261345176707,33.272225135330274,15.090973339973651,,45.90528037932449,
r400_c3600,400,3600,2d,powerlaw,,nan,,,,0.006893350052767211,5.156218976336451e-07,,363196.3898401382,,True,,12176,,1.530208365796601,,,0.1,5.461581789546044,,,,,0.06443735783998226,0.8812463784938543,,,,166.4264092462534,,,,,,
r400_c3600,400,3600,3d,weibull,0.9442396896696444,0.3832645744049204,0.35167456634198635,0.26818886144061066,0.7626052240007885,0.05391129541743667,0.6001129425922532,2.3171894496486836,388720.10074438807,,True,45.22825521850195,20323,0.774034277128711,4.715386539549079,-164.20095004244115,-25.383140834752464,0.1,4.373454279458853,0.07560972377627265,0.14195317814698985,0.10744351844308947,0.1619212429162126,0.013003520827884928,0.15453964364137593,9.806600131992276,16.876766857431797,0.4596738206015445,162.03571642232419,14.57935549285676,25.34538354377136,16.876766857431797,5.579059243060312e-05,45.22825521850195,0.00046736137441644393
r400_c3600,400,3600,2d,weibull,,1.2163409426265177,,,,0.04691982931390929,0.5460052702260657,6.789025168777194,360573.3928627714,,True,,12176,,7.096159775716467,,,0.1,5.441824336346411,,,,,0.010518063963774575,0.1314566838356044,13.546088456719213,,,11.612694882143154,,,,8.029042396412081e-05,,0.00051525504304101
r4400_c3600,4400,3600,3d,powerlaw,0.5903110822531771,nan,0.6400694632217683,1.9215311113665857e-06,3.0020665283649418e-06,0.01168750947664212,0.2856549170532958,,318671.5668691034,,True,89.99998224682122,17167,-12.270031091417103,151.87696928442497,154.44587761457726,-89.99965478080513,0.1,4.308483700512602,0.7500455191599872,0.7931191850729786,2.0465628231135355e-05,5.049374174674646e-05,0.011472542134427239,0.3485237721658519,,0.006226713961633247,148.24994902078436,28.113267631087393,368.02578499207436,0.004348164589292779,0.007041252853816084,,89.99998224682122,
r4400_c3600,4400,3600,2d,powerlaw,,nan,,,,0.020688761745926165,4.114534737413515e-05,,256858.0333402728,,True,,12176,,177.99146677350538,,,0.1,4.592976853647675,,,,,0.0439050700772198,0.8628464809475919,,,,329.21251661724807,,,,,,
r4400_c3600,4400,3600,3d,weibull,nan,1645.8561091113559,nan,nan,nan,0.051094719992930866,0.6103088611655562,9.999970146626728,312390.87101296685,,True,90.0,17167,nan,163.3591996463839,179.9379082249945,-90.0,0.1,4.265814473650644,4.281814088944198e-06,0.0016858955326907548,8.709160194368686e-15,3.701467098375165e-12,0.01672390523233338,0.1886562685869234,5.157041511086815,1.8763971849883296e-10,216.8571969784667,16.084722700224816,612.2409453062802,6.289032830301395e-11,1.89070908944148e-10,1.2597720415249608e-05,90.0,0.0005065511103497637
r4400_c3600,4400,3600,2d,weibull,,1.1772623313087571,,,,0.05109477014492488,0.6103125051632814,9.999991848899523,254590.685246456,,True,,12176,,163.3592888414722,,,0.1,4.572660259637742,,,,,0.016723487305522027,0.188609810613145,3.2151360670614713,,,16.085351245024604,,,,4.5543712511912705e-05,,0.000507756943727366
r4400_c4000,4400,4000,3d,powerlaw,0.975846032698016,nan,0.3845229370526655,0.3560418785358159,0.9259314444668648,0.05233018387549238,0.3895387136956722,,117035.7538221922,,False,86.45217067048927,17167,0.8787967564528065,18.675128119722878,-161.34304052466172,-91.49767976661226,0.1,2.6110312807719223,0.43747163426463087,0.7975139734978345,0.7305509971436366,1.4120351200301762,0.07490373220211632,0.5427431426870588,,19.034342654457994,8.775025313706939,12.100883677405674,26.17381782432885,336.3698492900488,19.104971863410057,,86.45217067048927,
r4400_c4000,4400,4000,2d,powerlaw,,nan,,,,0.06827108898300596,0.5575692271985232,,90438.68677016188,,True,,12176,,19.326559630544814,,,0.1,2.725365814246838,,,,,0.04454061822648119,0.5367762320242792,,,,148.12722439792157,,,,,,
r4400_c4000,4400,4000,3d,weibull,0.9985653013833747,4.626325892333348,0.037877415653991206,8.961726457800072e-14,2.3659814966430426e-12,0.06793767316837207,0.5586314693827151,9.999999999291191,110214.3665366727,,True,89.99999999977197,17167,-23.496427933382634,19.370337380840102,92.17551597167224,-89.99999999995285,0.1,2.5337974857211814,0.044538620022301606,0.18949879263509298,0.00995004542883966,0.07104030484805947,0.019296130035846626,0.10575095966920074,4.3370338263193667e-07,4.03276393750508,84.00886830243745,13.08879877849729,560.2066573235144,167.62090906497576,4.468798698691121,1.890257661563585e-05,89.99999999977197,0.0004475919496649279
r4400_c4000,4400,4000,2d,weibull,,0.9871177276545433,,,,0.06827110986090917,0.5575722153919895,9.999265147274365,90438.6867706775,,True,,12176,,19.326368115793624,,,0.1,2.7253658142546073,,,,,0.020043752719631765,0.10687233599073913,3.497020754292576,,,13.085003121815125,,,,4.617253222062209e-05,,0.0005027794989493626
r4400_c4400,4400,4400,3d,powerlaw,0.985717230438745,nan,0.11953655586601054,0.0025117191793558803,0.02101214278058409,0.012361315635006188,0.4912142961487933,,50598.89960948624,,True,89.24654493100726,17167,-1.738521733159058,11.314023959536211,-150.93804913544201,-89.44808152532998,0.1,1.7168143414615546,0.36654870503570885,0.48399803240922223,0.0097075630376278,0.030986710888501974,0.0019661840484870535,0.22422628763142755,,1.394149959019977,2.2841560530928593,21.757727535146074,55.16403382709812,1.170073133124497,1.394149959019977,,89.24654493100726,
r4400_c4400,4400,4400,2d,powerlaw,,nan,,,,0.033399924743307385,0.7303914848525,,42683.26608453357,,True,,12176,,8.180145673295197,,,0.1,1.872304590956947,,,,,0.03970885152395142,0.9560565124130169,,,,337.77695469699614,,,,,,
r4400_c4400,4400,4400,3d,weibull,nan,969.2590103680885,nan,nan,nan,0.03339973308902026,0.7303768106725392,9.999997320503798,49032.61263840986,,True,90.0,17167,nan,8.17993690215678,-179.9453343448899,-90.0,0.1,1.6900335017187962,0.01800940590736857,0.1362563306037901,0.0002992169987442789,0.0059260837229323,0.007110926107916549,0.10113151708994672,0.003360134567732161,0.30021424594976104,330.18076014896565,14.229537947441377,586.1549803778953,0.09685335847023627,0.34390481409566903,1.2112534593451284e-05,90.0,0.0003935162613908828
r4400_c4400,4400,4400,2d,weibull,,1.0284203823928986,,,,0.03339987742095238,0.7304003092228623,9.856174203434339,42683.266087350756,,True,,12176,,8.173358852273541,,,0.1,1.872304591018735,,,,,0.007110773481908273,0.10117318619005404,6.359462688864029,,,14.232988824227544,,,,1.2656204343397972e-05,,0.0004128109453200351
r4400_c4800,4400,4800,3d,powerlaw,0.8839307102165738,nan,0.34068947194491844,0.0001731814342173061,0.0005083263454801019,0.007976063074904559,0.7549957300722632,,278385.3456179333,,True,89.96655963854963,27938,-6.507603048241537,40.987536493508834,102.46239009415268,-89.99272224863347,0.1,3.1566434381728414,0.5102983022912344,0.4397169883332942,0.00020746202689673508,0.0004705354862751499,0.0023422471060281585,0.19396461352196007,,0.03540712225148281,1.646290866082381,3.6558286594236105,269.245023957924,0.016551613373720485,0.06284594409930327,,89.96655963854963,
r4400_c4800,4400,4800,2d,powerlaw,,nan,,,,0.015840713615345642,0.6211543836622104,,195359.915917603,,True,,15220,,17.767157673663917,,,0.1,3.582699669199865,,,,,0.011859706684366004,0.5768029161843046,,,,20.060363902284134,,,,,,
r4400_c4800,4400,4800,3d,weibull,0.950764880717876,9.762214669594833,0.2218898809818387,1.0548389880924622e-07,4.753885050660778e-07,0.01584064630241772,0.6211390557523915,9.999722894752518,275418.1509030364,,True,89.99998375519145,27938,-13.053559410024276,17.767876926082298,-169.2071648509555,-89.99999653274767,0.1,3.139775690173252,0.9432753561089943,1.0719179136565515,0.0035816746661365717,0.005661675604752081,0.0018447721298275356,0.15229993708594167,11.744099144987489,0.20623950721684653,75.42814047322867,11.48679126909871,543.155372430109,0.2193375627413893,0.232295631516922,1.9848523523551676e-05,90.00001624480855,0.0005186910052513221
r4400_c4800,4400,4800,2d,weibull,,1.0673285513575355,,,,0.01584059884914329,0.6221323274277619,5.772217296605565,195359.91654427117,,True,,15220,,17.708666241944577,,,0.1,3.5826996749460895,,,,,0.0016740340490980765,0.151789471841659,8.95742240344804,,,11.542618677217236,,,,2.6942291080917186e-05,,0.0005091612115671999
r800_c1600,800,1600,3d,powerlaw,0.9999982782551227,nan,0.0013204262216284701,0.00014758240713225635,0.11176876429358111,0.07327019477341565,0.815802686509115,,257150.02969103982,,True,84.27418596983014,20323,4.438477552887575,18.39831138964155,172.799054003978,-88.96378145743,0.1,3.5571270799046726,0.011431164470762766,0.10461265040729413,0.0018213160165956534,0.2153253147697948,0.11390933989757158,1.5479774358318124,,10.888805481084825,73.98383643680765,31.239054665365863,606.9779915990625,271.58618423802227,11.402148339267981,,95.72581403016986,
r800_c1600,800,1600,2d,powerlaw,,nan,,,,0.03239311273936154,0.5974647311467104,,162462.83796464434,,True,,12176,,15.15016956765706,,,0.1,3.6527899392198915,,,,,0.03811807605360177,0.8391976333038244,,,,260.2325702413437,,,,,,
r800_c1600,800,1600,3d,weibull,0.9944459805488791,12.878887962659322,0.07499369698051604,0.008392036977958062,0.11190323074935725,0.07328851638151293,0.8160822982944267,9.999999999999998,257151.04485611297,,True,84.30026031025768,20323,0.4002304169109112,18.378286507468076,173.17815131051893,-88.97227608546586,0.1,3.557134101229175,0.033103381560189174,0.14713848115300954,0.009973092766998072,0.13926047416038959,0.07943878396865645,0.4537092102441332,17.291722801148147,10.977627734277778,172.26841101019798,14.450486477762842,629.7662198307028,230.75473666778635,10.977627734277778,8.95426816574163e-05,95.69973968974232,0.0004706895917318257
r800_c1600,800,1600,2d,weibull,,0.1308548777076818,,,,0.035543465297856854,0.5697996816015028,2.5936051786116736,162453.6070025306,,True,,12176,,13.724554102902397,,,0.1,3.6526861639659924,,,,,0.005961919506233532,0.14878773649045166,3.403734291457128,,,12.554474489395757,,,,1.1965600838673863e-05,,0.00038646261992811043
r800_c2000,800,2000,3d,powerlaw,0.5475432268888257,nan,0.7002766008265959,0.2631996656942727,0.3758510071357458,0.03146444547598526,0.7204176810818396,,17459.70224397971,,True,85.2309956934348,20323,-0.6222825937911525,6.431111948277975,-177.39013735835977,93.73826979860137,0.1,0.9268821273385386,0.3079383924363929,0.24105445431712527,0.15886020743893728,0.17014292681801724,0.008078480645413106,0.1717336374181576,,10.748644843356326,0.5591616924730483,158.92897935019877,629.1138037612809,345.0892383867273,10.860131111312286,,94.7690043065652,
r800_c2000,800,2000,2d,powerlaw,,nan,,,,0.02571022273403731,0.6458717878648726,,14247.781750455122,,True,,12176,,6.832982205653029,,,0.1,1.0817360599007866,,,,,0.006138100472278292,0.15846534164113948,,,,162.41185915076653,,,,,,
r800_c2000,800,2000,3d,weibull,0.5475156758909459,1.2425673501524463,0.7002977628891346,0.2632135322587933,0.37585945037562984,0.031464586769691695,0.7204182158497339,8.856951236683809,17459.70226078634,,True,85.23280776611809,20323,-0.6222903488368117,6.431166542918203,-177.3879748154346,93.73778546906219,0.1,0.9268821277846447,0.8391180391691222,1.2281888561324419,0.47357538958092454,0.6821503364250587,0.006869081195842361,0.30100209098590774,12.435440399005461,13.03051465568246,85.06531358468733,158.26417093580062,653.7427444093665,273.15612567210906,13.564433341496528,6.179739511635823e-05,94.76719223388191,0.00035821261114045
r800_c2000,800,2000,2d,weibull,,0.11548476366398541,,,,0.027802128304774125,0.6055846783142388,3.8965685240765264,14240.761271628733,,True,,12176,,8.68009759015833,,,0.1,1.081469518730522,,,,,0.004777330886050682,0.11845949097667637,4.474560930248968,,,9.989878660737322,,,,7.159725734563569e-06,,0.00033203486403344076
r800_c2400,800,2400,3d,powerlaw,0.9761561949763432,nan,0.16157686877570035,0.04815145751151781,0.29800959677193184,0.10377159462055663,0.8875859724422073,,450452.7312319112,,True,74.5905834002816,27938,0.6121446928420928,19.68237640421438,-175.85581172891347,-91.17411210669664,0.1,4.015382813000334,0.026872214160422566,0.15820685965716338,0.04664947805550058,0.27997529020601625,0.0962420788992794,0.8308661081721339,,14.474909625527426,29.287833743324043,203.02572048881362,113.90800683766017,169.8641288477483,14.474909625527426,,74.5905834002816,
r800_c2400,800,2400,2d,powerlaw,,nan,,,,0.018413256752208607,2.827372040289115e-06,,325842.3589145558,,True,,15220,,177.99390754892448,,,0.1,4.626967450367952,,,,,0.01601036451788894,8.560684758879183e-06,,,,293.328261767072,,,,,,
r800_c2400,800,2400,3d,weibull,0.976134140298681,5.5202500764768,0.16164876348492516,0.04816458987398045,0.2979582944874931,0.10376817342562059,0.8875397159549189,9.999999963947774,450452.7350943653,,True,74.59036606664476,27938,0.6115276705203047,19.71887670770955,-175.91612647635802,-91.18097850159343,0.1,4.015382830215494,0.03746374511333836,0.1584702224544357,0.051675605345920375,0.27851803570508205,0.05762182637500699,0.2846669492198634,0.00010271824507552148,14.454925051987114,3.0073520962023186,148.42262979928807,331.8215633010467,2.1765428775632474,14.579806926472049,9.633569392984813e-05,74.59036606664476,0.0004947251004659166
r800_c2400,800,2400,2d,weibull,,1.2166015145067521,,,,0.04499955149385293,0.6124258800721738,9.854038556642957,323651.3637439446,,True,,15220,,12.746828935735062,,,0.1,4.611385126198542,,,,,0.0077590197487480105,0.17382849339046297,3.0450363375509344,,,11.823594208768258,,,,1.6022275572334788e-05,,0.0004195793242659286
r800_c2800,800,2800,3d,powerlaw,nan,nan,nan,nan,nan,0.0010000000029112385,3.913817828381454e-25,,613072.010929615,,True,90.0,27938,nan,0.0,166.80476394207344,-90.0,0.1,4.6844443950377155,0.022853934860000945,0.14478060817802052,0.04448919214236553,0.273358332056581,0.21790328336436957,1.408661869775773,,24.525593348539026,1.6303538498538686,331.45729559031616,568.850663294904,365.7289615772861,29.937558970044385,,90.0,
r800_c2800,800,2800,2d,powerlaw,,nan,,,,0.025176202660236565,1.2485445042346694e-05,,401661.23966531066,,True,,15220,,176.7295767747252,,,0.1,5.137154601766568,,,,,0.051098573911700536,0.4928150163884115,,,,336.896734701736,,,,,,
r800_c2800,800,2800,3d,weibull,0.9999867697368405,102.03690714052166,0.003637342870759441,1.437222125712496e-11,3.951296803131508e-09,0.04545478032127448,0.37521099092171484,9.959769664603908,591930.693090806,,True,89.9999999144192,27938,-13.732720162863663,177.0389912333252,179.0520930227926,-89.999999981799,0.1,4.602966068128227,0.060193861140621016,0.2808700331769771,0.08700754185588454,0.5305699346222486,0.12703086184830303,0.6449711310391112,3.449846321312369,23.23510755364174,87.84004536278141,162.99539761663056,628.9758244742497,270.3284619267569,23.23511645945762,0.000299100014814601,89.9999999144192,0.0004316977410920165
r800_c2800,800,2800,2d,weibull,,1.9445619405272947,,,,0.0454549725306033,0.3752098721728232,5.090762000501527,400228.16182469815,,True,,15220,,177.03885983579323,,,0.1,5.1279820453153,,,,,0.0061851579043670415,0.07525007797933117,8.39629594019065,,,164.8701883943004,,,,1.969961229160697e-05,,0.00044524352584855557
r800_c3200,800,3200,3d,powerlaw,0.3635065045451191,nan,0.8051395275564934,0.17983603272759544,0.22336008427430867,0.0719314572221149,0.8122234048149336,,278617.28300283157,,True,88.1718200505142,27938,-1.282230391679919,177.5497636583269,175.11928853578306,-91.3759853956346,0.1,3.1579581467276197,1.0312887855989068,1.3213192064571295,0.2964499118905244,0.21269223055570563,0.051576008099068114,0.7456381745847505,,10.643557893711423,8.683784091474404,294.1477859634954,355.7494528433885,323.74998027950676,13.81416076484075,,88.1718200505142,
r800_c3200,800,3200,2d,powerlaw,,nan,,,,0.037606651981476114,0.6717079364062885,,203382.4985258249,,True,,15220,,178.97569191214203,,,0.1,3.655522513131265,,,,,0.022606566510214546,0.0043435144560932,,,,320.6277807802372,,,,,,
r800_c3200,800,3200,3d,weibull,0.9999584596249984,110.4836719236939,0.0064451823094139014,4.582980020247906e-37,7.110706571564247e-35,0.03760672032555867,0.6717186995613053,8.584901055043286,292709.13954435557,,True,90.0,27938,-73.58445428272235,178.97598468026737,-147.86781477159377,-90.0,0.1,3.2368344300205028,1.1812254642150197,1.503390309252881,0.34163841983572646,0.4321902361599965,0.06519915977348582,0.2590555241593582,9.620659539523942,4.746002415574082,228.24595846193267,265.6505548768993,503.46385010673754,229.6552812299821,4.7460025404414585,0.00020435283198199508,90.0,0.00041148906275996147
r800_c3200,800,3200,2d,weibull,,1.9474309183452734,,,,0.03760649922585302,0.6717185915210977,5.520723372392106,203382.4985297755,,True,,15220,,178.9769593624226,,,0.1,3.6555225131667686,,,,,0.0037513993715955493,0.18426421130502268,15.612532096192533,,,294.9720830352269,,,,3.1643673243391254e-05,,0.00042347150823244433
r800_c3600,800,3600,3d,powerlaw,0.6908552957606852,nan,0.6347243981350407,0.36833805532947334,0.5803117958152093,0.08412031317365416,0.8538967658843752,,205529.17825617088,,True,68.41553328517791,27938,-0.08962534790596255,15.060275475010904,-174.82123061183796,-93.69052145254255,0.1,2.712308508961202,0.1789276298975067,0.1386188275729276,0.1011609209783316,0.16774603562383653,0.009837102386851405,0.21637931320560838,,6.984608341589117,0.4363427403524277,23.02309232044612,331.0644633511184,9.050126822702742,6.984608341589117,,68.41553328517791,
r800_c3600,800,3600,2d,powerlaw,,nan,,,,0.027357736352816887,1.7822762018450845e-05,,152418.8502744906,,True,,15220,,1.4456582745606632,,,0.1,3.1645503826726724,,,,,0.007732435633550145,0.00021437538329324647,,,,164.67949269621667,,,,,,
r800_c3600,800,3600,3d,weibull,0.6906295994948783,1.0880567242036374,0.6349399089802662,0.3684924168833764,0.5803579388720218,0.08412320044198429,0.8538945254206568,9.999999999999998,205529.17851344234,,True,68.41981185171663,27938,-0.08988531371109887,15.062227980342046,-174.82885669752844,-93.69575534983385,0.1,2.71230851065877,0.17892576206623645,0.13862176770325713,0.10123749207536545,0.1677803460184906,0.009838893184650557,0.21637367365932123,4.76618526749593,6.9891648703272455,0.4362856547837808,23.023410745903202,331.06518023622004,9.058387740663917,6.9891648703272455,4.407454633979063e-05,68.41981185171663,0.0004861390488644944
r800_c3600,800,3600,2d,weibull,,0.1022740791836062,,,,0.06974217614759626,0.6657002764898056,9.999998384407384,148255.97782414823,,True,,15220,,7.649903236894741,,,0.1,3.12103601755481,,,,,0.01223786149132937,0.25838457656775643,6.05356063491444,,,8.866519626464251,,,,1.5369852887382323e-05,,0.00040687885838130224
r800_c4000,800,4000,3d,powerlaw,0.7775460949997185,nan,0.5159555152836901,0.23722293303782574,0.4597740037867265,0.13231430082925824,0.35668773099508355,,355412.9351507884,,True,50.487286239292374,27938,-0.11528547843283476,1.125032751319589,171.50904548967895,-163.3433387077743,0.1,3.566719518260586,0.22140176577078302,0.2293356135953308,0.11566634136527877,0.14202674481161054,0.027828568849644325,0.09505241721385276,,17.378693192638142,0.5933330437943608,227.27665716967968,10.669624446073392,15.442402107725531,17.378693192638142,,50.487286239292374,
r800_c4000,800,4000,2d,powerlaw,,nan,,,,0.1432601394070651,0.3904123546243435,,305511.5143236106,,True,,15220,,2.6756154121021556,,,0.1,4.480293500478996,,,,,0.031229475224875566,0.10303177702614479,,,,164.2704274172433,,,,,,
r800_c4000,800,4000,3d,weibull,0.7586200842313782,0.29163403746538824,0.532646881624335,0.23622521390592144,0.4434930946850567,0.13881854704176452,0.3507638282769543,5.821765711231792,355035.62541058124,,True,49.94730239453684,27938,-0.1831764620012244,1.183400939109696,170.60163434094164,-162.1507336935833,0.1,3.564825783904332,0.20601970808529432,0.2025270776817074,0.10593678518290187,0.1425181081125496,0.026509611403217344,0.09370218090665818,4.7252550785859695,17.986892501420684,0.5405081435463948,227.42784018519487,11.991054700449048,16.26193436953114,17.986892501420684,4.7690179111166246e-05,49.94730239453684,0.0005503953964380033
r800_c4000,800,4000,2d,weibull,,0.19978042927447773,,,,0.14697511863497945,0.3865389687227394,8.244237367121187,305396.2165994577,,True,,15220,,2.5206097805763985,,,0.1,4.479448006338357,,,,,0.03103061586603544,0.10106733258163773,4.622672720154279,,,164.5077780317327,,,,5.228237731908745e-05,,0.0005775009678745793
r800_c4400,800,4400,3d,powerlaw,0.8724109489254831,nan,0.4832239163942381,0.34843426067283534,0.7210617042153298,0.3128826992151449,0.46939060141647576,,778047.2902506366,,True,66.00995743941917,27938,0.4002445738143017,7.69513041184024,-179.30565317829527,29.773397675120766,0.1,5.277221714019772,0.1259963217086882,0.17981228448011138,0.13061447495337222,0.1440393692227696,0.045893078988186134,0.18619053163005664,,24.81283922066086,0.4820547603098125,161.2332227920388,455.60038378481835,233.7030561076774,24.81283922066086,,66.00995743941917,
r800_c4400,800,4400,2d,powerlaw,,nan,,,,0.38673699497465425,0.5319945698218922,,562489.0145061652,,True,,15220,,11.008953825422726,,,0.1,6.079245700377324,,,,,0.04741224360465414,0.1253752641563659,,,,8.511717637204946,,,,,,
r800_c4400,800,4400,3d,weibull,0.906246150261285,0.16070527494718842,0.35167181522975943,0.1816987821423911,0.5166714370433154,0.41536649095895506,0.5010048509453137,9.999999999999998,742707.8065903093,,True,76.22378200501267,27938,0.38470875659096304,8.474944793202388,178.6320759191106,76.52136705483106,0.1,5.155981351441279,0.10911241125734068,0.26467185125793713,0.2757387231473061,0.3282191021920401,0.11330060051315018,0.1206455521385228,12.266210334762778,23.750505926416057,0.6035391414301721,9.093222785747928,641.2065171405674,335.1364850865517,23.750505926416057,0.00012013598233596344,76.22378200501267,0.0013366782438975161
r800_c4400,800,4400,2d,weibull,,0.15616549557286236,,,,0.4024556111395606,0.518970941999553,4.215679798422383,561698.8656894496,,True,,15220,,10.652462979833139,,,0.1,6.074974330826458,,,,,0.046129563833668855,0.11168486981404017,3.1998722154466606,,,8.171716735331684,,,,0.0009111464021764006,,0.0015683729025181775
